static const char CONTENT_EN_CEK83AYQ_JS_GZ[] PROGMEM = {
  0x1f, 0x8b, 0x08, 0x00, 0x00, 0x00, 0x00, 0x00, 0x02, 0x03, 0x94, 0x59, 0x67, 0x76, 0xe4, 0x36, 
  0x12, 0xbe, 0x4a, 0x6d, 0x4e, 0x3d, 0xed, 0xfd, 0xad, 0xf7, 0x36, 0x68, 0x27, 0x38, 0xdb, 0xf2, 
  0x48, 0x4e, 0xbf, 0xd8, 0x68, 0xa2, 0xba, 0x89, 0x15, 0x08, 0x70, 0x50, 0xa0, 0x7a, 0x7a, 0xf5, 
  0x1c, 0x0e, 0xb1, 0x67, 0xd8, 0x83, 0xf9, 0x24, 0x5b, 0x55, 0x80, 0x28, 0x52, 0x52, 0x3b, 0x7b, 
  0x48, 0x54, 0xc6, 0x57, 0x01, 0x68, 0xce, 0x8d, 0x49, 0x80, 0x7f, 0xdb, 0x7c, 0x3a, 0x60, 0x78, 
  0xf9, 0xc5, 0xe5, 0xcb, 0xcd, 0x2a, 0xff, 0x6d, 0xf3, 0x51, 0x34, 0xd6, 0x85, 0xfd, 0x0f, 0xdf, 
  0xff, 0x6f, 0xb3, 0x0a, 0x7f, 0xdb, 0x7c, 0x12, 0xb3, 0xdb, 0xb9, 0xd6, 0x64, 0x17, 0xc3, 0x66, 
  0x95, 0xfe, 0x76, 0x9b, 0x5d, 0xf6, 0xd8, 0x0c, 0x26, 0xa0, 0x3f, 0xdb, 0x9c, 0xdb, 0x1b, 0x47, 
  0x31, 0x39, 0xa4, 0xcd, 0x6a, 0x8b, 0x7e, 0x41, 0x81, 0x3f, 0xde, 0xb6, 0x71, 0x0c, 0xf9, 0x9b, 
  0x3f, 0x6d, 0x56, 0xad, 0x8f, 0x84, 0x67, 0x9b, 0xe7, 0xf2, 0xd8, 0xac, 0xb0, 0x1f, 0xf2, 0xf1, 
  0x4c, 0x4c, 0x77, 0xec, 0x09, 0x72, 0x84, 0x84, 0x43, 0x4c, 0x79, 0xbd, 0x59, 0xf5, 0x63, 0x46, 
  0x7b, 0xb6, 0xf9, 0x58, 0x1e, 0x65, 0xa5, 0x0b, 0x56, 0xb2, 0x8e, 0x7a, 0x47, 0x74, 0xb6, 0x79, 
  0x51, 0x5e, 0x0a, 0xb7, 0x09, 0xb1, 0x8a, 0x88, 0x25, 0x72, 0x1e, 0x43, 0xcb, 0xae, 0x73, 0x87, 
  0x60, 0xbc, 0x49, 0x3d, 0xc4, 0xe0, 0x8f, 0x6b, 0x38, 0x07, 0x35, 0x0c, 0xa6, 0x44, 0x77, 0x04, 
  0xca, 0xe6, 0x48, 0xe0, 0x02, 0x4b, 0x3a, 0x02, 0xef, 0x28, 0x83, 0x09, 0x16, 0xae, 0x11, 0x07, 
  0x26, 0x67, 0x82, 0xde, 0xa4, 0x6b, 0x4c, 0xb0, 0x45, 0x72, 0x16, 0xd5, 0x1e, 0x61, 0x56, 0x27, 
  0x2e, 0x03, 0xab, 0x98, 0x6d, 0x1c, 0x25, 0xe0, 0x64, 0x1c, 0x49, 0xc4, 0xaf, 0xf5, 0x09, 0xb7, 
  0x66, 0x1f, 0xbf, 0x01, 0xfe, 0x83, 0xb1, 0x74, 0x3d, 0x36, 0x63, 0xb8, 0x0e, 0xf1, 0x10, 0xce, 
  0x36, 0x57, 0xbc, 0x82, 0xba, 0x62, 0x3c, 0x3a, 0x6c, 0xaf, 0xa9, 0x89, 0xbb, 0xdd, 0x1c, 0xb1, 
  0x33, 0xa8, 0x88, 0x6d, 0x56, 0x94, 0x93, 0x1b, 0x1a, 0xc5, 0x9a, 0x81, 0x42, 0xb4, 0x04, 0xc7, 
  0x38, 0x26, 0x30, 0x39, 0x63, 0xd0, 0x5c, 0x54, 0x91, 0x47, 0xb0, 0x54, 0xba, 0x69, 0x59, 0x8a, 
  0xfd, 0x7e, 0xe1, 0xf0, 0xc0, 0x34, 0xbc, 0xc1, 0xe4, 0x18, 0xf4, 0x5b, 0x17, 0x76, 0xf1, 0x6c, 
  0xf3, 0x7e, 0xd8, 0x71, 0x84, 0x07, 0x93, 0x02, 0xef, 0xe8, 0x6c, 0xf3, 0x65, 0x79, 0xe1, 0xb8, 
  0x58, 0x88, 0x93, 0xed, 0x39, 0x55, 0xf5, 0x6d, 0xf3, 0xcd, 0xca, 0xbb, 0x70, 0x7d, 0x76, 0x4b, 
  0x66, 0x87, 0x92, 0xb5, 0x4b, 0x7d, 0xde, 0xa1, 0xc1, 0xfe, 0x3a, 0x34, 0x3e, 0x77, 0x8c, 0x00, 
  0x7a, 0x73, 0x84, 0xb2, 0xda, 0xac, 0x5c, 0x60, 0x88, 0xbd, 0xc7, 0x24, 0xce, 0xea, 0x2b, 0xe4, 
  0x18, 0x3d, 0xb1, 0xc5, 0xb2, 0xaf, 0xdb, 0x5f, 0x17, 0x9b, 0xeb, 0x7d, 0xe2, 0x5d, 0xdb, 0x46, 
  0x41, 0xf9, 0xf5, 0xd9, 0xe6, 0x5d, 0x5d, 0x42, 0x1f, 0x83, 0xcb, 0x31, 0x29, 0xe4, 0x04, 0x0c, 
  0xd5, 0x66, 0x75, 0xa7, 0x90, 0xc4, 0xd5, 0x24, 0x7f, 0x99, 0xc7, 0xf6, 0xfa, 0x99, 0xd2, 0xc0, 
  0x62, 0x46, 0xdd, 0xf9, 0x23, 0x1d, 0xeb, 0xa2, 0xc5, 0x49, 0xe7, 0x85, 0xac, 0x40, 0x57, 0x8f, 
  0x24, 0x6f, 0x18, 0xe1, 0x49, 0xf0, 0x0b, 0x81, 0xdb, 0x6b, 0xf9, 0x9f, 0x10, 0xcf, 0x5c, 0xce, 
  0x93, 0xf8, 0x15, 0x2f, 0x30, 0x99, 0x3c, 0x26, 0x7c, 0x72, 0x03, 0x3b, 0x33, 0xfa, 0xbc, 0xde, 
  0xef, 0x5a, 0xd7, 0x48, 0x9a, 0x06, 0xb4, 0xac, 0x74, 0x0e, 0xef, 0xbe, 0x7a, 0xfe, 0x3e, 0x08, 
  0x01, 0x0e, 0x86, 0x20, 0x61, 0x1b, 0x93, 0x45, 0x3b, 0xc9, 0x87, 0xd8, 0x28, 0x46, 0x45, 0xb8, 
  0xbc, 0x82, 0xb2, 0x9e, 0x96, 0x27, 0x41, 0xa4, 0x51, 0x44, 0x54, 0x43, 0xd7, 0xa0, 0xeb, 0x87, 
  0x0a, 0x5c, 0xd9, 0xa9, 0x37, 0x7e, 0x9d, 0xbb, 0x14, 0x73, 0xf6, 0x1c, 0x2c, 0x6b, 0x3c, 0xef, 
  0x4c, 0xda, 0x33, 0x3c, 0x63, 0x4a, 0x18, 0x32, 0x8b, 0xdb, 0xb1, 0x45, 0x0b, 0x5b, 0x4d, 0x6f, 
  0x9e, 0x69, 0x75, 0x6e, 0xdf, 0x35, 0x02, 0xc0, 0xa4, 0x94, 0x20, 0xcf, 0x20, 0x70, 0x04, 0x22, 
  0x32, 0xd3, 0x28, 0xa9, 0xab, 0x2b, 0x01, 0xac, 0xc3, 0x1a, 0x18, 0xcb, 0xa6, 0x31, 0x04, 0x81, 
  0xab, 0x8b, 0xe2, 0xe4, 0x80, 0x26, 0x55, 0x79, 0xef, 0x76, 0xf8, 0x50, 0x38, 0x30, 0x5b, 0x84, 
  0x31, 0x58, 0x06, 0x17, 0x44, 0x64, 0xa9, 0x94, 0x93, 0x09, 0xe4, 0x72, 0x63, 0x93, 0xdb, 0xe5, 
  0x87, 0xda, 0x71, 0x40, 0x75, 0xd5, 0x47, 0x0e, 0x93, 0x7c, 0x3c, 0xf8, 0xe3, 0x52, 0xbb, 0x8d, 
  0xde, 0x36, 0x22, 0xb5, 0xd0, 0xec, 0x4c, 0x51, 0x65, 0x34, 0x38, 0x07, 0x98, 0xc0, 0x47, 0x63, 
  0xab, 0xe2, 0x1c, 0xf6, 0x46, 0x20, 0xe6, 0x9e, 0x53, 0xfc, 0xab, 0x6e, 0x25, 0x89, 0x11, 0xdd, 
  0x2a, 0x37, 0x82, 0xc5, 0x6c, 0x9c, 0x3f, 0xd9, 0x09, 0xe2, 0xb7, 0xad, 0xb0, 0x1e, 0x9c, 0xf7, 
  0x10, 0x62, 0xae, 0x55, 0xb8, 0x8b, 0x09, 0x0c, 0x48, 0xc7, 0x2b, 0x06, 0x26, 0xe5, 0x0e, 0xda, 
  0x18, 0x42, 0xad, 0xfe, 0x2d, 0xb2, 0x00, 0xca, 0xac, 0xa2, 0xcc, 0x3c, 0x5a, 0x9f, 0x6a, 0x9e, 
  0x1f, 0x71, 0x91, 0x3b, 0x93, 0x65, 0x16, 0xd6, 0xf0, 0x4d, 0x9b, 0x47, 0xe3, 0xfd, 0xb1, 0xee, 
  0x7f, 0x7d, 0xaa, 0xb5, 0x9e, 0xb4, 0x28, 0xe3, 0x67, 0x77, 0x94, 0x39, 0xca, 0xaf, 0x9d, 0x6b, 
  0x3d, 0xfe, 0x81, 0x60, 0x70, 0x9e, 0x59, 0xaa, 0x5d, 0x02, 0xae, 0x8a, 0xbc, 0xa3, 0xf5, 0xe3, 
  0x76, 0x3c, 0x6d, 0x3c, 0xe1, 0x9b, 0xd1, 0x25, 0xb1, 0x3c, 0xf5, 0xaa, 0xe2, 0x53, 0x3d, 0x51, 
  0xd9, 0x89, 0xa1, 0x82, 0x9a, 0xcb, 0xeb, 0xc7, 0xcd, 0x7b, 0xda, 0x38, 0xe5, 0x38, 0x00, 0x1b, 
  0x34, 0x01, 0x24, 0x7b, 0xcf, 0xe6, 0xe5, 0xcd, 0x80, 0x5b, 0x27, 0xee, 0xd6, 0xa7, 0x5a, 0xfb, 
  0xb5, 0x9c, 0x1f, 0x0c, 0x5b, 0xed, 0x25, 0xed, 0xd7, 0x3a, 0xa4, 0xd0, 0x82, 0x1d, 0xb5, 0x82, 
  0x4d, 0x90, 0x04, 0x7a, 0xc7, 0x6e, 0x09, 0x89, 0xc4, 0x1e, 0x3c, 0xaf, 0x40, 0x94, 0x62, 0x41, 
  0x1a, 0x7b, 0x96, 0x27, 0x17, 0x5a, 0x5c, 0x3f, 0x39, 0x16, 0xe6, 0xb1, 0xfb, 0x48, 0x9a, 0xb8, 
  0xc7, 0x65, 0x71, 0xda, 0xe1, 0xd3, 0xb3, 0x63, 0x56, 0xf9, 0x3b, 0xe3, 0x3c, 0x87, 0x90, 0xa3, 
  0xe6, 0x1f, 0x0e, 0x1d, 0xff, 0x91, 0x67, 0x4e, 0x19, 0x5e, 0x66, 0xbb, 0xcc, 0x12, 0xeb, 0x53, 
  0x73, 0x65, 0x1e, 0xa4, 0x1e, 0xbb, 0xbd, 0xcb, 0xcc, 0x99, 0xc0, 0xc9, 0x51, 0x4f, 0x60, 0x8d, 
  0x3d, 0x1e, 0xc2, 0x62, 0x94, 0x58, 0x26, 0xac, 0x4f, 0x8c, 0x9e, 0x07, 0x76, 0xf5, 0xb6, 0x21, 
  0xc6, 0x58, 0x76, 0x61, 0xc3, 0x30, 0xfe, 0x5c, 0x12, 0x9d, 0xf6, 0x45, 0x37, 0x66, 0xaa, 0x56, 
  0x7f, 0x7c, 0x3c, 0x31, 0x7e, 0xd9, 0xb4, 0x2c, 0x6c, 0x12, 0xea, 0x00, 0x9c, 0xe6, 0x06, 0xd7, 
  0x95, 0x82, 0x70, 0x04, 0xeb, 0x6c, 0x81, 0x24, 0xe0, 0x61, 0x0d, 0xf3, 0xa3, 0x50, 0x12, 0xa8, 
  0x81, 0xec, 0xdc, 0x9e, 0x63, 0xa0, 0xf5, 0x93, 0x93, 0x6d, 0xa1, 0x91, 0x93, 0xe1, 0xdb, 0x01, 
  0x74, 0xf1, 0x00, 0xfd, 0xc8, 0xd1, 0xd2, 0xc1, 0xe5, 0x56, 0xaf, 0x4a, 0x22, 0xad, 0xc8, 0xe1, 
  0x2e, 0xaf, 0x7f, 0x7c, 0xda, 0x3d, 0xaf, 0x51, 0x6b, 0xf1, 0xeb, 0x84, 0xd3, 0xcd, 0xea, 0x26, 
  0x46, 0x2a, 0x9d, 0x7c, 0x88, 0x29, 0xfc, 0xa2, 0x68, 0xe7, 0x43, 0xf1, 0xd3, 0x3a, 0x41, 0x19, 
  0x51, 0x8f, 0x53, 0x0a, 0x77, 0xec, 0x88, 0x60, 0x3b, 0xa6, 0xa0, 0x76, 0x26, 0xf0, 0x1e, 0xb8, 
  0xd1, 0x7b, 0x8e, 0x4a, 0xf4, 0xeb, 0x1f, 0x19, 0x9f, 0x4f, 0x1f, 0x5f, 0xbb, 0x84, 0x72, 0x97, 
  0x1b, 0x73, 0xec, 0x39, 0x19, 0xad, 0x6c, 0xe5, 0xa4, 0x79, 0xe2, 0x7e, 0xf9, 0xe6, 0x9b, 0x95, 
  0xfb, 0xdb, 0x07, 0x97, 0x9f, 0x7e, 0xb2, 0x1e, 0x4c, 0x22, 0xfc, 0xe3, 0xe6, 0xf6, 0xd7, 0xb5, 
  0x27, 0xa4, 0x47, 0x7f, 0xfd, 0x7c, 0x7a, 0x5f, 0xfd, 0x3a, 0xc4, 0xdc, 0xcc, 0x79, 0x9f, 0xc8, 
  0x34, 0x9c, 0xf3, 0x31, 0x33, 0x68, 0x3c, 0x2c, 0xd4, 0xc4, 0xb3, 0x78, 0x3d, 0xd7, 0x87, 0x1f, 
  0xbe, 0xff, 0xaf, 0x14, 0x00, 0x18, 0x6b, 0x19, 0x3b, 0x3a, 0x03, 0xd6, 0xa0, 0xcc, 0xb5, 0x47, 
  0x62, 0xaa, 0xa8, 0x42, 0x21, 0x30, 0xa7, 0x8f, 0x16, 0x99, 0xfe, 0x31, 0x3f, 0x78, 0xe5, 0x06, 
  0x7e, 0x7f, 0xff, 0xa2, 0xea, 0x2a, 0xdf, 0xb4, 0xc2, 0x3e, 0x7f, 0x3e, 0xa3, 0x3d, 0x11, 0xb7, 
  0x8b, 0x41, 0xdc, 0x90, 0x13, 0xda, 0x97, 0xee, 0x95, 0x83, 0x1a, 0xa4, 0x50, 0xdd, 0x3e, 0x18, 
  0xcf, 0xf4, 0x4b, 0x7d, 0x61, 0x4a, 0x17, 0x29, 0xf3, 0xfa, 0x3d, 0x7e, 0x04, 0xd3, 0x8b, 0x63, 
  0x23, 0x8e, 0xcf, 0xdb, 0x96, 0x1d, 0xc0, 0x10, 0x5d, 0xc8, 0x4a, 0xb3, 0xa8, 0xe3, 0x80, 0x59, 
  0xb3, 0xe6, 0xfa, 0x43, 0x69, 0xcb, 0xb9, 0x93, 0x15, 0x8c, 0x84, 0x56, 0x07, 0x2b, 0x61, 0x1e, 
  0x07, 0xbd, 0x46, 0x1b, 0x02, 0x03, 0x3b, 0xce, 0xcb, 0x96, 0x0b, 0x79, 0xad, 0xf6, 0x6a, 0x7c, 
  0xe7, 0x17, 0x77, 0x8a, 0x30, 0xb9, 0x1f, 0x0c, 0x51, 0x61, 0xc9, 0x1b, 0xf3, 0x04, 0xe8, 0x83, 
  0xdb, 0xb9, 0x27, 0xf6, 0xd3, 0x9a, 0x20, 0xbb, 0xe1, 0x87, 0xba, 0xac, 0x1c, 0xaa, 0x2c, 0xa9, 
  0xc7, 0xca, 0x0e, 0xe5, 0x37, 0x4c, 0x65, 0x34, 0x98, 0x52, 0x4c, 0x8a, 0xd9, 0xe8, 0x6d, 0xf8, 
  0x43, 0x06, 0x7a, 0x68, 0x62, 0xad, 0x88, 0x87, 0x51, 0xe1, 0x7a, 0x19, 0x32, 0x4e, 0x2c, 0x28, 
  0x64, 0x7f, 0x64, 0x09, 0xd6, 0x6a, 0xd1, 0x37, 0x93, 0xe0, 0x73, 0x5d, 0x57, 0x09, 0xc0, 0x90, 
  0xd3, 0xb1, 0x06, 0xdf, 0x4c, 0x9b, 0xa9, 0xbb, 0x98, 0xd6, 0x53, 0x16, 0xef, 0x73, 0x78, 0x4f, 
  0xe3, 0xb0, 0x9b, 0x6d, 0x0e, 0xf7, 0xac, 0xba, 0x8f, 0xb9, 0xc0, 0x82, 0xa9, 0x45, 0x97, 0x1f, 
  0x9e, 0x5c, 0x09, 0xff, 0xcd, 0xa9, 0x94, 0xdf, 0x0c, 0xd3, 0x36, 0xd6, 0xf0, 0x75, 0x1c, 0x39, 
  0xd2, 0x23, 0x13, 0xca, 0x20, 0x4f, 0x28, 0xb7, 0x97, 0xf2, 0x13, 0x68, 0x30, 0x7b, 0x84, 0x72, 
  0xde, 0xcf, 0x4a, 0x98, 0x51, 0xf9, 0x86, 0x6b, 0x26, 0xe7, 0x41, 0x2a, 0xde, 0x8c, 0xb9, 0x93, 
  0xdd, 0xe0, 0x16, 0x9c, 0x00, 0xb4, 0x33, 0x2d, 0xce, 0xb7, 0x35, 0x12, 0x26, 0xc9, 0x2a, 0xcb, 
  0x7c, 0x5e, 0x5f, 0x99, 0x3a, 0xc3, 0xe1, 0xe2, 0x5e, 0x96, 0x90, 0x1b, 0x2d, 0xa1, 0x95, 0x23, 
  0xdb, 0x78, 0x92, 0xac, 0x99, 0x9b, 0x27, 0xad, 0x35, 0xf5, 0x78, 0xb7, 0x22, 0x83, 0x19, 0x0c, 
  0xdc, 0x71, 0x20, 0xc7, 0xa8, 0xdb, 0x37, 0x93, 0x1e, 0xc4, 0x30, 0x9d, 0x1e, 0xad, 0x91, 0x44, 
  0x6f, 0x51, 0xe4, 0x75, 0xbf, 0xd2, 0x0d, 0x1c, 0xb9, 0x64, 0x5a, 0x5c, 0x53, 0x43, 0xec, 0x52, 
  0xcd, 0xca, 0x53, 0xf1, 0xf9, 0x83, 0xf7, 0xac, 0xa1, 0x87, 0xd9, 0x5c, 0x85, 0x41, 0xcd, 0x9d, 
  0xa2, 0x2c, 0xd8, 0x4c, 0xfe, 0x4d, 0xb0, 0x93, 0x67, 0xb1, 0xea, 0x8d, 0x26, 0xe7, 0x23, 0x7e, 
  0x8c, 0x8c, 0x27, 0x53, 0xf4, 0x7e, 0x31, 0x06, 0xa7, 0x8d, 0x34, 0x3b, 0x89, 0x94, 0x54, 0xd9, 
  0x5c, 0x40, 0xe4, 0x74, 0x44, 0x3c, 0xaf, 0x6f, 0x95, 0xb1, 0x33, 0x5d, 0xc2, 0xd0, 0xa1, 0x6a, 
  0xbf, 0x9a, 0x16, 0xcc, 0xc6, 0x80, 0x69, 0x7f, 0x6c, 0xd8, 0x18, 0x4a, 0xb5, 0xea, 0x0a, 0x64, 
  0x05, 0x7f, 0x64, 0x17, 0x70, 0xfd, 0x65, 0xf7, 0xa7, 0xa5, 0x54, 0x63, 0x91, 0x5a, 0xc9, 0x4b, 
  0x85, 0x02, 0x29, 0xbb, 0x5e, 0xe4, 0xeb, 0xf9, 0x0f, 0x6d, 0xa4, 0xbc, 0x86, 0xbf, 0x42, 0xe7, 
  0x6c, 0xfd, 0xfd, 0x2c, 0x14, 0xb0, 0x8e, 0x06, 0x9e, 0xab, 0x0a, 0x99, 0x4e, 0xf8, 0xf6, 0x28, 
  0x71, 0xd6, 0x57, 0xa0, 0x63, 0xbf, 0x8d, 0x5e, 0xd3, 0x99, 0x78, 0x5c, 0xd7, 0xe2, 0xa8, 0x8b, 
  0x52, 0x38, 0x0d, 0x06, 0xb3, 0xf5, 0x0a, 0xf3, 0x7b, 0x57, 0x57, 0x17, 0x0f, 0xa8, 0x77, 0x71, 
  0x5d, 0x8a, 0x8a, 0xba, 0x3d, 0xcc, 0xab, 0x4b, 0xaf, 0x5c, 0xc0, 0x11, 0xb8, 0x00, 0xa2, 0xbd, 
  0x86, 0x0f, 0x71, 0xc8, 0x10, 0xc3, 0x72, 0xfa, 0xeb, 0xd1, 0x8b, 0x2c, 0xaa, 0x42, 0x97, 0xfa, 
  0xeb, 0x20, 0xe6, 0xbb, 0x9f, 0x13, 0x2b, 0xa0, 0x28, 0xa6, 0x67, 0x66, 0xa5, 0xf9, 0x8d, 0x3f, 
  0x98, 0x23, 0x49, 0xb6, 0x13, 0x9a, 0xb6, 0xe3, 0x02, 0xa8, 0xb1, 0xd1, 0x83, 0x90, 0x2f, 0x27, 
  0xfa, 0x2f, 0x09, 0xfa, 0xea, 0xa3, 0xcb, 0x35, 0x94, 0x5f, 0xee, 0x06, 0x5a, 0x4c, 0xf5, 0x33, 
  0x0a, 0x6a, 0x29, 0x49, 0xc5, 0x26, 0x77, 0x23, 0xcb, 0x6b, 0x3c, 0xde, 0x3b, 0x16, 0x39, 0xad, 
  0x83, 0x49, 0x7c, 0xc1, 0xba, 0x73, 0xfc, 0xa5, 0x5e, 0x62, 0x28, 0xc7, 0x84, 0x76, 0x61, 0x3b, 
  0x47, 0xb6, 0x8b, 0x84, 0x81, 0x73, 0xf9, 0x69, 0xf0, 0xc7, 0x39, 0x93, 0xea, 0x85, 0x3e, 0xb4, 
  0x7e, 0xb4, 0xb8, 0x8c, 0x40, 0x01, 0xa9, 0x9d, 0xb2, 0x5e, 0xba, 0x0c, 0x31, 0xa0, 0x1e, 0x84, 
  0x01, 0x27, 0xc6, 0x10, 0x35, 0xcc, 0x02, 0xb6, 0x2c, 0x26, 0x4e, 0x88, 0xaa, 0xa5, 0x0a, 0x6c, 
  0x4d, 0xe0, 0x9a, 0xc7, 0xa0, 0xa9, 0x50, 0xb5, 0xf9, 0x05, 0xdb, 0x24, 0xfd, 0xfa, 0xb2, 0xcc, 
  0x51, 0xfd, 0x44, 0x13, 0x6b, 0xe2, 0xa7, 0x1a, 0x6b, 0x12, 0x8a, 0x46, 0x3d, 0x99, 0x68, 0xfa, 
  0x2e, 0xa3, 0xd7, 0x33, 0x49, 0xa5, 0xbd, 0xbf, 0x9b, 0xee, 0xd9, 0x25, 0x27, 0xb9, 0xb8, 0x20, 
  0x75, 0x6e, 0x64, 0x4e, 0x86, 0x3d, 0x42, 0x36, 0xd7, 0x48, 0x80, 0xbb, 0x1d, 0xb6, 0xec, 0x3d, 
  0xd7, 0xe6, 0x7e, 0x9b, 0xa1, 0xda, 0x7f, 0xe8, 0x51, 0xa1, 0x38, 0xdc, 0x0f, 0x8b, 0xab, 0xce, 
  0xd1, 0xc2, 0xc8, 0x63, 0xb7, 0x55, 0xaf, 0x0c, 0xd1, 0xfe, 0x4d, 0xce, 0x32, 0x44, 0x4b, 0x0d, 
  0x69, 0xd7, 0x2a, 0x3a, 0x1f, 0x7f, 0x76, 0x75, 0xc5, 0xae, 0xb6, 0x29, 0x5e, 0x6b, 0x03, 0xfd, 
  0x4b, 0x5f, 0x64, 0x6e, 0xa6, 0x98, 0x63, 0x1b, 0xbd, 0xcc, 0xcd, 0xfa, 0x3a, 0x85, 0x54, 0x8b, 
  0x4f, 0xe5, 0x6a, 0x32, 0x2e, 0xf8, 0x51, 0xa7, 0xe6, 0xcf, 0x9a, 0xbf, 0x47, 0x6a, 0xde, 0x8c, 
  0x98, 0xa4, 0x9d, 0x3f, 0x93, 0x27, 0x94, 0x08, 0x80, 0x8d, 0xca, 0x40, 0x98, 0x8b, 0x4c, 0xf5, 
  0x3e, 0x6e, 0xa9, 0x4d, 0x6e, 0xab, 0x75, 0xf6, 0xdb, 0xcb, 0xaf, 0x2f, 0xdf, 0x29, 0x3a, 0xef, 
  0x54, 0x1d, 0x21, 0x13, 0xdf, 0x5a, 0x15, 0x84, 0xa5, 0x39, 0xc6, 0x6b, 0x4c, 0x41, 0x3e, 0x82, 
  0xe8, 0xa1, 0xdb, 0x9b, 0xc0, 0xf3, 0xd1, 0x56, 0x21, 0x02, 0x92, 0x6b, 0xae, 0x21, 0x38, 0xff, 
  0xf2, 0x12, 0xde, 0x8f, 0x57, 0xf0, 0x3c, 0x26, 0x5c, 0xd5, 0xbb, 0x3a, 0x1f, 0x65, 0x8c, 0xae, 
  0xfa, 0x03, 0x2a, 0x11, 0x0c, 0x99, 0x4d, 0xea, 0x89, 0x9d, 0xf5, 0xe8, 0xe0, 0x5e, 0xe3, 0xf7, 
  0x22, 0xc8, 0xd3, 0x56, 0xce, 0xa9, 0x98, 0xdc, 0x7f, 0xb4, 0x83, 0x5f, 0x17, 0x75, 0x42, 0xbf, 
  0x7b, 0x26, 0xd3, 0x7c, 0xd9, 0x31, 0xc4, 0x7a, 0xb3, 0xa5, 0xf4, 0x9e, 0x77, 0x18, 0xf2, 0x5c, 
  0x46, 0x44, 0x1e, 0x77, 0x42, 0x8e, 0x83, 0x6b, 0xd5, 0x79, 0x79, 0xa9, 0x14, 0xc9, 0xa0, 0x21, 
  0x84, 0xb2, 0xa8, 0xc4, 0x3b, 0x00, 0x5f, 0xc7, 0x98, 0x0b, 0x67, 0x71, 0x62, 0x0f, 0xe3, 0xd6, 
  0x3b, 0xea, 0x90, 0xb4, 0x0b, 0xe8, 0x0e, 0x65, 0x2a, 0x9f, 0x18, 0xf4, 0xfe, 0x14, 0x42, 0x1c, 
  0x43, 0x2b, 0xee, 0xcf, 0xcb, 0xeb, 0xe4, 0x61, 0xe2, 0x15, 0x27, 0x35, 0x9e, 0xe9, 0xcc, 0xbb, 
  0xe3, 0x2e, 0x1c, 0xc6, 0x20, 0xcb, 0xe9, 0x62, 0xa0, 0xd8, 0x65, 0xe3, 0x42, 0x05, 0x4c, 0x5e, 
  0xa7, 0xa0, 0x2c, 0xf4, 0x48, 0x64, 0xf6, 0x0a, 0xd5, 0x4d, 0xea, 0x65, 0xcb, 0x5f, 0x44, 0x9f, 
  0x99, 0x32, 0x85, 0x20, 0xe4, 0xa5, 0xfb, 0x1c, 0x4b, 0x2b, 0xf6, 0x6c, 0x8a, 0xe0, 0xa6, 0xca, 
  0xef, 0x52, 0xec, 0x57, 0xf5, 0x77, 0x52, 0x2c, 0xad, 0x1e, 0x8c, 0x07, 0xc2, 0x40, 0x31, 0x81, 
  0xa3, 0x69, 0x78, 0xb1, 0x4d, 0x1b, 0xa8, 0xd1, 0xeb, 0xf5, 0x8b, 0x4f, 0x2e, 0x81, 0xc9, 0xd1, 
  0x73, 0xdb, 0x9d, 0x41, 0xe5, 0x94, 0x5f, 0xa3, 0x95, 0xeb, 0x63, 0xbc, 0x1e, 0x07, 0x28, 0xb4, 
  0xe9, 0xca, 0xdd, 0x78, 0xb3, 0x45, 0xbf, 0xbc, 0x27, 0x4f, 0x3c, 0xeb, 0x74, 0x36, 0xa9, 0x85, 
  0xfa, 0xba, 0x60, 0xce, 0xef, 0xd9, 0x2f, 0xe6, 0xcb, 0x49, 0xe8, 0xc4, 0x75, 0xac, 0xde, 0x39, 
  0xab, 0xcc, 0x89, 0x5f, 0x19, 0x95, 0xad, 0x9f, 0x41, 0x17, 0x01, 0xc2, 0x0b, 0x01, 0xdf, 0xd3, 
  0x34, 0x10, 0x9a, 0xda, 0x3f, 0x52, 0x56, 0x0f, 0xfb, 0x73, 0xb2, 0xde, 0xe8, 0x77, 0x81, 0xb9, 
  0x0f, 0x50, 0x8a, 0xde, 0x48, 0x28, 0x37, 0xe9, 0xad, 0x5e, 0x4a, 0x28, 0xd7, 0x54, 0x0a, 0x23, 
  0xbd, 0x6d, 0xf4, 0xc4, 0x94, 0x82, 0xd6, 0x27, 0x93, 0x90, 0x30, 0x6b, 0x01, 0xf0, 0x53, 0xe7, 
  0x12, 0x2c, 0xa0, 0x4b, 0x68, 0x28, 0x86, 0x09, 0xd6, 0xd7, 0xbc, 0x54, 0x3a, 0xa6, 0xd4, 0xd4, 
  0xab, 0xe1, 0x39, 0x3f, 0x30, 0xe4, 0xfa, 0xf7, 0x05, 0x35, 0x23, 0x55, 0x84, 0xfb, 0xf2, 0x86, 
  0xd7, 0x82, 0xf5, 0x34, 0xbe, 0x60, 0x46, 0xac, 0x62, 0xce, 0x36, 0xa5, 0x91, 0xd1, 0xde, 0x77, 
  0xe3, 0xfb, 0x2f, 0x60, 0x22, 0x8a, 0xd8, 0x1c, 0x97, 0xcf, 0x03, 0x8d, 0xc3, 0x10, 0x93, 0x6c, 
  0xfb, 0x6e, 0x66, 0x4e, 0x28, 0x15, 0xe1, 0x5a, 0xe8, 0x93, 0xdb, 0xfa, 0xd5, 0x88, 0x86, 0x18, 
  0x2c, 0xe7, 0xac, 0x4a, 0x65, 0xd7, 0x63, 0x1c, 0xf3, 0x32, 0x21, 0x42, 0xb4, 0xc0, 0xe4, 0x2a, 
  0x64, 0x03, 0x3d, 0x59, 0x75, 0x3c, 0xe1, 0x63, 0x3b, 0x0c, 0x4f, 0x4d, 0xf8, 0x4f, 0x9f, 0x5f, 
  0x5c, 0xdc, 0x1f, 0x26, 0x54, 0x0c, 0x8b, 0x17, 0x0c, 0x39, 0x49, 0xf9, 0x1f, 0x29, 0x63, 0xff, 
  0x78, 0xb6, 0xc3, 0xe7, 0xaf, 0x3f, 0x62, 0x6a, 0x69, 0xda, 0x6d, 0x7c, 0xeb, 0x14, 0x10, 0x5d, 
  0x01, 0x2f, 0x19, 0x14, 0xe6, 0x0a, 0xf0, 0x7c, 0x80, 0x57, 0xec, 0x65, 0xea, 0x15, 0xe8, 0x99, 
  0x56, 0xb9, 0x0f, 0x59, 0x95, 0x2c, 0x29, 0x8b, 0x33, 0x1e, 0x2e, 0xaf, 0x54, 0x2c, 0xe5, 0x6c, 
  0x36, 0x52, 0xdc, 0x0c, 0xbe, 0xbc, 0x54, 0x35, 0x1e, 0xe1, 0xde, 0x05, 0x14, 0x4d, 0x2f, 0x1f, 
  0x15, 0x34, 0xbc, 0xfb, 0xef, 0x00, 0x95, 0x5d, 0xca, 0x33, 0xa7, 0xe8, 0xa9, 0x06, 0xad, 0x32, 
  0x13, 0x8d, 0x37, 0x3b, 0xd2, 0x80, 0xc1, 0x36, 0x78, 0x43, 0x28, 0xe5, 0x89, 0x59, 0x81, 0x82, 
  0x4a, 0x9f, 0xcf, 0xab, 0xbb, 0xab, 0x2c, 0x07, 0xd9, 0x0c, 0xfe, 0xff, 0x8c, 0x5c, 0xdb, 0x72, 
  0xdc, 0xc8, 0x91, 0xfd, 0x95, 0x0a, 0x47, 0xac, 0x2d, 0x45, 0x88, 0x2d, 0x8b, 0xeb, 0xd9, 0x07, 
  0xcf, 0x83, 0x83, 0x22, 0x47, 0x1a, 0x7a, 0x25, 0x0d, 0x43, 0xd4, 0xd8, 0x8f, 0x08, 0x10, 0xa8, 
  0x6e, 0xd6, 0x0a, 0x8d, 0xea, 0x40, 0x01, 0xa4, 0x38, 0x13, 0xfa, 0xa7, 0xfd, 0x86, 0xfd, 0xb2, 
  0xad, 0x93, 0x79, 0x90, 0x5d, 0x80, 0xda, 0x0a, 0xbf, 0x74, 0x57, 0x5e, 0xea, 0x7e, 0xc9, 0xac, 
  0xcc, 0x2c, 0x4c, 0x3b, 0x0c, 0x2d, 0x61, 0x07, 0x58, 0xf4, 0xc1, 0xb2, 0x8b, 0x98, 0x8d, 0x79, 
  0x73, 0xdd, 0x52, 0x3d, 0xc8, 0x85, 0xe0, 0x36, 0xba, 0xc4, 0xd4, 0x6d, 0x5b, 0x85, 0xbe, 0xd2, 
  0x7a, 0x2a, 0x95, 0x4a, 0x03, 0xba, 0xd6, 0xb6, 0xd0, 0xfa, 0x39, 0xd8, 0xef, 0x89, 0x47, 0x9f, 
  0xf6, 0x39, 0x67, 0x95, 0xa2, 0x4c, 0xe0, 0x27, 0xbb, 0x38, 0xe5, 0x7f, 0x25, 0x39, 0x90, 0x70, 
  0x7c, 0x71, 0x9a, 0x13, 0x16, 0xc4, 0x7c, 0x54, 0x3c, 0x84, 0x51, 0xb4, 0xe7, 0x02, 0xb4, 0xf9, 
  0x1d, 0x40, 0x58, 0x76, 0xf7, 0x69, 0xee, 0x27, 0xb8, 0xb8, 0x48, 0x72, 0xeb, 0x6d, 0xb5, 0xe8, 
  0xaa, 0x07, 0x8a, 0xa9, 0xdc, 0x6b, 0xb4, 0x46, 0xea, 0x3c, 0x2e, 0xf9, 0x0f, 0x4c, 0xa9, 0x8a, 
  0x66, 0x6a, 0x38, 0x15, 0x92, 0x3f, 0xa8, 0xfe, 0xc1, 0xc5, 0xfb, 0x07, 0xae, 0x55, 0x4e, 0x8a, 
  0x35, 0x88, 0xe6, 0x52, 0xd4, 0xa5, 0x09, 0x8c, 0xef, 0xde, 0x63, 0x0c, 0xf2, 0x9f, 0xfb, 0xa3, 
  0xbb, 0x52, 0x39, 0x39, 0x6c, 0x83, 0x88, 0x90, 0x37, 0xb2, 0x36, 0x69, 0x7f, 0x85, 0xc0, 0x60, 
  0x2a, 0x17, 0x14, 0xbb, 0x5a, 0x96, 0x38, 0xe4, 0x71, 0xde, 0xae, 0xed, 0x34, 0x1f, 0x2f, 0xb8, 
  0x8b, 0xa6, 0x5c, 0x61, 0xd0, 0x3b, 0x54, 0x86, 0xdc, 0xad, 0x82, 0x99, 0x98, 0x09, 0x07, 0x3f, 
  0x14, 0xf8, 0x83, 0x8e, 0xd3, 0x3e, 0xf6, 0xcd, 0x3e, 0x61, 0xa0, 0x72, 0xea, 0xf2, 0xfd, 0x6d, 
  0xc6, 0x6d, 0xc3, 0xb0, 0x7f, 0xac, 0x07, 0x54, 0xfb, 0x86, 0x49, 0x9d, 0x8f, 0x69, 0x08, 0xda, 
  0x05, 0x26, 0x97, 0xa2, 0x3f, 0x2d, 0xf5, 0x6e, 0xbd, 0x84, 0x0d, 0xfb, 0xa0, 0xf6, 0x93, 0x2b, 
  0xff, 0xe0, 0xbb, 0x78, 0x80, 0x5e, 0x1f, 0x75, 0xfd, 0xf2, 0x66, 0x04, 0x9a, 0xa4, 0x64, 0xbb, 
  0xdd, 0xe9, 0xf9, 0x71, 0x81, 0xff, 0x0c, 0x9b, 0x13, 0x0c, 0xbb, 0x48, 0xd3, 0x56, 0xc2, 0x57, 
  0x2b, 0x02, 0xd3, 0x25, 0xfe, 0x54, 0x8c, 0x7f, 0x7f, 0xd6, 0xfa, 0x87, 0xd0, 0x78, 0x37, 0x13, 
  0xc5, 0x36, 0xb9, 0xf7, 0xc7, 0x7a, 0x9c, 0xc2, 0xc4, 0x9b, 0xd8, 0x05, 0x20, 0xba, 0xd5, 0xb8, 
  0xb0, 0xd7, 0xdc, 0x4d, 0xa1, 0x1b, 0xcf, 0x42, 0xef, 0x52, 0x33, 0x78, 0x2f, 0x4b, 0xb3, 0xad, 
  0x07, 0x91, 0xab, 0xf8, 0xcb, 0xc3, 0x1e, 0x76, 0xf7, 0x23, 0x06, 0x56, 0xfe, 0xf3, 0x90, 0x74, 
  0x51, 0x76, 0xc9, 0x25, 0xfe, 0x51, 0xe0, 0xbe, 0x36, 0xb4, 0x54, 0xc6, 0x49, 0x27, 0xc9, 0xaa, 
  0x6c, 0xf3, 0xa0, 0xbd, 0x1c, 0x41, 0xc0, 0xfe, 0x77, 0xb1, 0x2f, 0x1b, 0x52, 0xd4, 0xae, 0x05, 
  0x9d, 0xff, 0x25, 0x17, 0x73, 0xfe, 0x97, 0xb3, 0xfb, 0x38, 0x0d, 0x86, 0x7c, 0x75, 0x9e, 0x91, 
  0xaf, 0xce, 0x67, 0xe4, 0xdd, 0x80, 0x26, 0xf5, 0x5e, 0xad, 0x43, 0xd8, 0x30, 0xde, 0x15, 0xb8, 
  0x92, 0xc1, 0x34, 0x54, 0xa9, 0xa6, 0xe0, 0xe2, 0xa9, 0x24, 0x0d, 0xe4, 0xf0, 0x85, 0x84, 0xad, 
  0x3d, 0x25, 0x0f, 0xb7, 0xf0, 0xab, 0x3f, 0xff, 0x87, 0xcb, 0x73, 0x1c, 0xf6, 0xd3, 0xde, 0x9c, 
  0xbf, 0xa2, 0xb9, 0xe0, 0xe4, 0xde, 0xa8, 0xa8, 0xee, 0xdb, 0x3b, 0x59, 0x36, 0x9a, 0x5a, 0x36, 
  0x81, 0xe4, 0xef, 0xd5, 0x9f, 0xe1, 0xd0, 0xe6, 0xc2, 0x5c, 0xae, 0x6a, 0x34, 0xbb, 0x28, 0xce, 
  0x22, 0x19, 0x7a, 0x9c, 0x98, 0x45, 0x45, 0x38, 0x5f, 0xb1, 0x0e, 0xb6, 0xdb, 0x8c, 0x3b, 0x4a, 
  0xa4, 0xeb, 0x16, 0xbd, 0x20, 0x68, 0x84, 0xb9, 0xda, 0x9f, 0xf3, 0x39, 0xdc, 0xc5, 0x7e, 0x87, 
  0x92, 0x39, 0xd4, 0xbc, 0x3e, 0x69, 0x4b, 0x66, 0xef, 0x4a, 0x1b, 0xf6, 0x7b, 0x7a, 0xdc, 0x59, 
  0xdd, 0xc6, 0x5d, 0x8f, 0x64, 0xdd, 0x4e, 0x5d, 0x77, 0xa6, 0xfc, 0x1c, 0x35, 0x3b, 0xda, 0xe3, 
  0x80, 0x21, 0xab, 0xd5, 0xe5, 0x88, 0xc6, 0xae, 0x55, 0x87, 0xae, 0x69, 0x31, 0x9f, 0x67, 0x32, 
  0xf5, 0xef, 0x2e, 0xaf, 0x14, 0x55, 0x8d, 0x4f, 0x07, 0x0f, 0xcd, 0xc5, 0xfa, 0x0a, 0x04, 0x69, 
  0x6c, 0xfa, 0x92, 0x66, 0xab, 0x89, 0x82, 0xa2, 0x93, 0x35, 0xcc, 0x72, 0xd1, 0x9c, 0xba, 0x19, 
  0xfd, 0x60, 0x56, 0x09, 0xf7, 0x46, 0xbc, 0x60, 0x7f, 0x9f, 0x42, 0xe3, 0x5f, 0x67, 0x89, 0xf8, 
  0x70, 0xee, 0x06, 0x9f, 0x29, 0x8d, 0xdf, 0xfb, 0x7e, 0x7c, 0x01, 0xa5, 0x1f, 0xba, 0xff, 0xc7, 
  0xb7, 0xaf, 0x37, 0xac, 0x35, 0x9f, 0x12, 0x11, 0x87, 0x5e, 0xfe, 0x6b, 0xee, 0x87, 0xb8, 0xf7, 
  0xc4, 0x0f, 0xbb, 0xbb, 0x8c, 0xce, 0x8c, 0x84, 0xbf, 0x37, 0xc0, 0x36, 0x75, 0x1c, 0xb8, 0x2e, 
  0xd8, 0x00, 0x9b, 0xa5, 0x1e, 0xb3, 0x5a, 0x8c, 0x6d, 0xec, 0xbf, 0x3b, 0xa4, 0x2f, 0xd4, 0x6a, 
  0xda, 0xcb, 0x4d, 0x75, 0xf4, 0xbc, 0xa2, 0x82, 0xe7, 0x6e, 0x1a, 0xc7, 0xd8, 0x8b, 0x5e, 0x9c, 
  0x9c, 0x54, 0x2a, 0x2b, 0xb4, 0xde, 0xd5, 0xa1, 0x97, 0x6b, 0xe5, 0x43, 0xdd, 0x85, 0x56, 0x84, 
  0x1e, 0x8e, 0x91, 0xc2, 0x54, 0xf6, 0x91, 0x49, 0x9c, 0xca, 0x28, 0x0d, 0x8b, 0x6a, 0xc2, 0x6a, 
  0x73, 0x02, 0xda, 0xc5, 0x91, 0xb6, 0xce, 0xda, 0x65, 0x10, 0xfd, 0x18, 0x1f, 0xb1, 0x7a, 0x5e, 
  0x49, 0x8b, 0xfe, 0xeb, 0x87, 0x1f, 0xfe, 0xf3, 0x07, 0x1a, 0x8d, 0x69, 0xd8, 0xbb, 0xee, 0xa5, 
  0x46, 0x67, 0xa8, 0xaf, 0x2a, 0x2d, 0x50, 0x3b, 0x7d, 0x00, 0x66, 0x20, 0x1a, 0xd5, 0xc3, 0xa3, 
  0xb6, 0xec, 0x2f, 0x47, 0xea, 0xfb, 0xfa, 0x8b, 0x6c, 0x38, 0x62, 0x16, 0xe4, 0x2a, 0x0f, 0x90, 
  0x18, 0x5e, 0xf2, 0x1f, 0x8e, 0x6e, 0xb7, 0x57, 0x66, 0x6c, 0x77, 0x7f, 0x5f, 0x3f, 0x84, 0x38, 
  0xc9, 0x2d, 0x79, 0x4e, 0x67, 0x3c, 0x4d, 0xd5, 0x18, 0x3a, 0x39, 0x26, 0x15, 0xe4, 0x50, 0x62, 
  0xf0, 0xe2, 0xa3, 0x1f, 0xce, 0xa6, 0x03, 0x58, 0x4f, 0xaa, 0xfd, 0xb5, 0x9c, 0x2d, 0x76, 0xc8, 
  0xc8, 0xd1, 0x3a, 0x78, 0x7f, 0xb8, 0xaf, 0x93, 0xa7, 0x78, 0xed, 0x9e, 0xe6, 0xb5, 0x0b, 0x7f, 
  0x6b, 0x77, 0xa4, 0x09, 0xe4, 0x14, 0x2c, 0xf3, 0x55, 0x4f, 0x5e, 0x2e, 0x87, 0x40, 0x18, 0x19, 
  0x0a, 0x5e, 0x68, 0x24, 0x9f, 0xa6, 0x5c, 0x07, 0xb9, 0x72, 0xa4, 0x14, 0x4a, 0x59, 0x2c, 0xb0, 
  0xdd, 0x2b, 0x1c, 0xd0, 0x60, 0x75, 0xaf, 0x4a, 0xf4, 0xb9, 0xa1, 0xcf, 0xe5, 0xa2, 0x3f, 0xe5, 
  0x7a, 0xe9, 0x55, 0x60, 0xf7, 0xec, 0x00, 0x96, 0x73, 0x08, 0x1c, 0xd2, 0xe3, 0xed, 0x10, 0xf3, 
  0x50, 0xeb, 0xe2, 0x82, 0x9c, 0x04, 0xe8, 0x08, 0x2e, 0xa9, 0xba, 0x03, 0xac, 0x3c, 0x5a, 0x98, 
  0x1e, 0xc4, 0x5b, 0x57, 0xc3, 0x9e, 0x29, 0x8b, 0xb9, 0x87, 0x86, 0xdc, 0xc6, 0x38, 0xb8, 0xc8, 
  0xeb, 0x6c, 0x93, 0x47, 0xac, 0x16, 0xa7, 0x42, 0x40, 0x36, 0x4a, 0xc2, 0xda, 0x2e, 0xee, 0x6a, 
  0x51, 0x79, 0x0c, 0x7d, 0x2b, 0x46, 0x95, 0x8f, 0x75, 0x4e, 0xec, 0x25, 0x84, 0x46, 0x28, 0x8e, 
  0x94, 0x25, 0xa3, 0x1d, 0xb3, 0x07, 0x1c, 0xd1, 0x89, 0x9d, 0xa3, 0x79, 0x47, 0xcc, 0x6e, 0x6a, 
  0xcc, 0xde, 0xcb, 0x56, 0xf2, 0x70, 0xcf, 0x26, 0xb1, 0x76, 0xe2, 0x46, 0xbe, 0x1b, 0x42, 0x2b, 
  0xee, 0x7a, 0x54, 0x0f, 0x2b, 0xde, 0x42, 0xbe, 0xbc, 0xfb, 0xe9, 0xca, 0x1d, 0x11, 0xa6, 0x70, 
  0x55, 0xb2, 0x82, 0x4d, 0xed, 0x72, 0x02, 0x22, 0x3f, 0xfe, 0xe7, 0xf3, 0xed, 0x1d, 0x00, 0x07, 
  0xc0, 0x28, 0x79, 0x93, 0x4c, 0xa2, 0xf8, 0xe0, 0x9f, 0xd8, 0x95, 0x05, 0x81, 0xb8, 0x42, 0x8f, 
  0x32, 0xdc, 0x4a, 0xfd, 0x33, 0x7c, 0x8a, 0xd2, 0xfb, 0x5f, 0x2e, 0x0d, 0x33, 0x6f, 0xed, 0x8f, 
  0xf2, 0x6f, 0x26, 0xdf, 0x94, 0xb7, 0xa8, 0x1f, 0xaa, 0xbc, 0x77, 0xac, 0x10, 0xa7, 0x38, 0xec, 
  0x27, 0xf7, 0xcc, 0x0c, 0xc4, 0x2b, 0x6e, 0x33, 0x13, 0x1f, 0xa0, 0xea, 0x30, 0xb2, 0x02, 0x67, 
  0xde, 0x55, 0x9d, 0xee, 0xef, 0x62, 0xde, 0x93, 0x4e, 0xf3, 0x9c, 0x49, 0xf5, 0x2c, 0x73, 0xe3, 
  0xde, 0x61, 0x8b, 0xb9, 0xa0, 0xda, 0xc0, 0x36, 0x64, 0x96, 0xf9, 0x04, 0xc7, 0xda, 0x48, 0x7b, 
  0x55, 0x7c, 0xee, 0x10, 0xbd, 0x84, 0x40, 0xa7, 0x1f, 0x9d, 0x84, 0x4d, 0xcd, 0x19, 0x0e, 0xe2, 
  0xee, 0xc4, 0xf4, 0x65, 0x79, 0xfc, 0x67, 0x58, 0xaf, 0x37, 0x4e, 0xac, 0x6c, 0xc8, 0x2c, 0x13, 
  0x4a, 0x9d, 0x08, 0xc1, 0x5c, 0x98, 0x3d, 0xda, 0x13, 0xe8, 0x10, 0x98, 0x21, 0xc3, 0xb3, 0x17, 
  0x50, 0xb4, 0xd5, 0x8d, 0xb9, 0xb6, 0x43, 0x84, 0x5e, 0x92, 0x29, 0x6b, 0x00, 0x79, 0x6b, 0x87, 
  0x4c, 0xaf, 0xf3, 0xf2, 0x8f, 0x88, 0x53, 0x08, 0x75, 0xb6, 0x34, 0xfd, 0x03, 0x95, 0x88, 0xbf, 
  0x31, 0x61, 0x6c, 0x91, 0x98, 0xfb, 0x33, 0x13, 0xaa, 0xb6, 0xc1, 0xa6, 0xbc, 0xba, 0xa4, 0x5f, 
  0xf2, 0x55, 0x41, 0x38, 0x2f, 0x09, 0xe7, 0x46, 0x10, 0x77, 0xde, 0x05, 0xf1, 0xd8, 0xaf, 0x87, 
  0x79, 0xbb, 0xe7, 0x6b, 0x0f, 0x52, 0x67, 0xf5, 0x3e, 0x0f, 0x45, 0x18, 0x0b, 0xe2, 0xdc, 0x95, 
  0x8b, 0x85, 0xb9, 0x1b, 0xf7, 0xf3, 0x66, 0x19, 0xa3, 0x03, 0xd3, 0x8a, 0x6b, 0x64, 0x8b, 0xe6, 
  0xd2, 0x0e, 0xa1, 0xc7, 0xfd, 0x36, 0x40, 0xca, 0x37, 0xde, 0x3d, 0xfb, 0xe9, 0x57, 0x97, 0xd7, 
  0xde, 0xd9, 0xe8, 0xe1, 0xd9, 0xf6, 0xed, 0x73, 0xf4, 0x4f, 0xad, 0x2e, 0x18, 0x43, 0x49, 0xb8, 
  0x5c, 0x74, 0xb8, 0x1b, 0xea, 0xd9, 0x4e, 0x92, 0x41, 0x5f, 0x9c, 0xe4, 0xca, 0xed, 0x04, 0x9d, 
  0xc9, 0x59, 0xbc, 0xe5, 0x46, 0x7c, 0x4b, 0x27, 0xfe, 0x2b, 0x6f, 0x0c, 0xa2, 0xdb, 0x32, 0xcc, 
  0x8c, 0xde, 0x54, 0x2f, 0x21, 0x30, 0xb3, 0xa0, 0x72, 0xca, 0x76, 0x0c, 0xad, 0xa2, 0x89, 0x1d, 
  0x0d, 0xcc, 0x5d, 0xad, 0x62, 0xaf, 0x17, 0x4d, 0xf7, 0x71, 0xce, 0xc0, 0xf8, 0xb3, 0x4b, 0x64, 
  0x48, 0xee, 0x17, 0xb4, 0x55, 0x32, 0x63, 0xa6, 0x48, 0x53, 0x38, 0x13, 0x24, 0x18, 0x43, 0xa0, 
  0x4c, 0x44, 0x8c, 0x95, 0x9a, 0x01, 0x47, 0x9f, 0xb0, 0x87, 0x19, 0x6c, 0x63, 0xf4, 0x75, 0xd8, 
  0xd9, 0x3c, 0x71, 0xc6, 0x71, 0x32, 0xd0, 0x8c, 0xce, 0x1a, 0x63, 0x5a, 0x47, 0x80, 0x59, 0x59, 
  0x8c, 0x92, 0x21, 0x5b, 0x11, 0x80, 0x96, 0x69, 0x38, 0x4f, 0x8d, 0x54, 0x84, 0x9c, 0x19, 0x03, 
  0x36, 0xc7, 0x2c, 0x21, 0x59, 0x2a, 0x04, 0x3a, 0x02, 0x52, 0x88, 0x5e, 0x56, 0xf6, 0x9b, 0x1f, 
  0x62, 0xd5, 0x0c, 0x31, 0x1d, 0x17, 0x30, 0x7c, 0xec, 0x62, 0x20, 0xa1, 0x65, 0xe3, 0x19, 0x78, 
  0xce, 0x84, 0xe7, 0xf9, 0x22, 0x87, 0x9d, 0xb2, 0xa2, 0xcc, 0xb8, 0xd1, 0x42, 0x40, 0xb0, 0xfd, 
  0xb0, 0x53, 0xf2, 0x1a, 0x3e, 0xe6, 0xa5, 0x3e, 0x29, 0x31, 0x62, 0xe6, 0xee, 0x97, 0xca, 0x30, 
  0x87, 0x2a, 0x99, 0x21, 0x62, 0x90, 0x50, 0xbf, 0xbc, 0x1f, 0x6c, 0x6e, 0x04, 0x9e, 0xe7, 0x86, 
  0xbc, 0x70, 0xc2, 0xeb, 0xd4, 0x18, 0xf9, 0x43, 0x3c, 0x53, 0xcc, 0x91, 0x47, 0x62, 0x02, 0x8c, 
  0xa1, 0x9c, 0x19, 0xb2, 0xd0, 0x9e, 0x55, 0x29, 0x68, 0x66, 0xad, 0x6d, 0xd9, 0x0e, 0xe3, 0x12, 
  0x33, 0x1e, 0x59, 0xcc, 0x8a, 0xc7, 0x02, 0x5a, 0x39, 0xb4, 0x99, 0x1d, 0x00, 0x67, 0x9c, 0x93, 
  0xbc, 0x9c, 0xf2, 0x62, 0x80, 0xc9, 0x86, 0x50, 0x59, 0x31, 0x0b, 0xdf, 0xe0, 0xdf, 0x41, 0x43, 
  0x48, 0xf7, 0xb1, 0x6b, 0x4b, 0xb2, 0x19, 0x88, 0xaf, 0xf5, 0xb4, 0x45, 0x30, 0xee, 0x22, 0x70, 
  0xc5, 0x7f, 0x69, 0xe0, 0x49, 0xd2, 0xc3, 0x10, 0xb2, 0x65, 0x69, 0xcf, 0xf5, 0xd2, 0x99, 0x93, 
  0x21, 0x4a, 0x54, 0xd9, 0x59, 0x19, 0xa3, 0x71, 0xd6, 0x8d, 0x36, 0xf4, 0x8a, 0xad, 0x5a, 0x9b, 
  0xb2, 0xc6, 0x7f, 0x27, 0x53, 0xf2, 0xe3, 0x21, 0x06, 0x9d, 0x17, 0x26, 0xd7, 0x3c, 0x66, 0x10, 
  0xe7, 0xaa, 0x59, 0x9c, 0x65, 0x27, 0x7c, 0x7b, 0x36, 0x2a, 0xf4, 0xd5, 0x25, 0x41, 0xcc, 0x15, 
  0x95, 0xcd, 0xda, 0x2c, 0xb6, 0xfd, 0x5a, 0x7b, 0x09, 0x3a, 0xbe, 0x4d, 0xc8, 0x9b, 0x49, 0xe3, 
  0x78, 0x39, 0x5f, 0x1a, 0xdd, 0x58, 0x4b, 0x20, 0xa6, 0xe8, 0xd5, 0x72, 0x94, 0xa2, 0x5c, 0x9c, 
  0x60, 0x66, 0xa8, 0x5d, 0x0f, 0x82, 0xc8, 0x50, 0x20, 0xd7, 0xc4, 0xf5, 0xf6, 0x27, 0x9f, 0x75, 
  0xfc, 0xbd, 0x92, 0xdc, 0x87, 0x4f, 0x97, 0x4e, 0xa2, 0x8d, 0x42, 0xca, 0x60, 0x72, 0x61, 0xee, 
  0xaa, 0x5e, 0x10, 0x0e, 0xd3, 0xc8, 0x43, 0xbd, 0x9e, 0x17, 0x7f, 0x39, 0xf1, 0xe8, 0x4f, 0xec, 
  0xd5, 0xe1, 0x88, 0xc0, 0x24, 0xd1, 0xac, 0x24, 0x17, 0x64, 0xd3, 0xb5, 0x64, 0x7f, 0xe5, 0x9e, 
  0xdd, 0xdc, 0x3c, 0x9f, 0xf1, 0xe7, 0x86, 0x3f, 0x07, 0xfe, 0x1c, 0x84, 0xc3, 0x41, 0xa2, 0xa8, 
  0x33, 0x05, 0xf6, 0x16, 0x9f, 0x70, 0x17, 0x98, 0x5d, 0xde, 0x6b, 0xc9, 0xa4, 0xee, 0xf6, 0x04, 
  0x47, 0x8a, 0x04, 0x92, 0xcd, 0xe7, 0x3e, 0xc4, 0x8a, 0xdd, 0x6e, 0x6b, 0xbb, 0xd4, 0x2e, 0x15, 
  0x9e, 0x14, 0xa7, 0xa1, 0xf1, 0xd9, 0xe2, 0x87, 0xd6, 0xe5, 0x2e, 0xea, 0x88, 0xbd, 0x2a, 0x29, 
  0xe7, 0x25, 0xe5, 0xfc, 0x48, 0x09, 0xbd, 0xf5, 0xa8, 0xc8, 0x66, 0xc4, 0xf3, 0x25, 0x91, 0x42, 
  0x57, 0x02, 0xd9, 0x0b, 0x19, 0x45, 0x4c, 0xa6, 0x15, 0xb2, 0xce, 0x6c, 0x1a, 0x36, 0x0b, 0xae, 
  0xa0, 0xf2, 0x42, 0x1a, 0x12, 0x3b, 0xba, 0x71, 0xbc, 0x5e, 0xc0, 0x67, 0x15, 0x74, 0x32, 0x6e, 
  0xee, 0xa3, 0xef, 0xc3, 0x17, 0xc7, 0x88, 0x2b, 0xf7, 0xe1, 0xe2, 0xf2, 0x56, 0x67, 0x4d, 0xd4, 
  0x88, 0xf3, 0x1f, 0x72, 0xe9, 0x98, 0xe7, 0x42, 0x20, 0xd7, 0x79, 0xfc, 0x7f, 0xf8, 0xbf, 0xff, 
  0xbd, 0x94, 0x5b, 0xcd, 0x58, 0x93, 0x01, 0x49, 0xd7, 0xc4, 0xec, 0x4e, 0x0c, 0x0d, 0xcc, 0xde, 
  0x0b, 0x39, 0x5b, 0xb4, 0x49, 0x90, 0xa0, 0x9e, 0x3e, 0x5a, 0x0a, 0x0f, 0x03, 0xc2, 0x99, 0xa8, 
  0x7a, 0x33, 0x9c, 0x89, 0xfd, 0x30, 0x16, 0x89, 0xe6, 0x82, 0x28, 0xc9, 0x7f, 0xb6, 0x2f, 0x5e, 
  0xba, 0xa9, 0x87, 0x61, 0x75, 0x57, 0x7a, 0x2b, 0x72, 0xd1, 0xc3, 0xa8, 0xe1, 0x12, 0x4c, 0x7d, 
  0x9d, 0xad, 0x80, 0xbf, 0x93, 0x07, 0x3b, 0x4d, 0x35, 0x35, 0xe0, 0x21, 0xf3, 0x04, 0xaa, 0x00, 
  0x15, 0xf3, 0x20, 0x20, 0x67, 0xcf, 0x6c, 0x88, 0x84, 0x2c, 0x08, 0x47, 0x0e, 0x8f, 0x32, 0xf4, 
  0xa6, 0x1f, 0x0f, 0x45, 0x14, 0x15, 0xca, 0x70, 0xcf, 0x3e, 0x7c, 0xc2, 0xd2, 0x06, 0xa9, 0x62, 
  0x60, 0x53, 0xc6, 0x30, 0xfe, 0x80, 0x41, 0x26, 0x6a, 0xcf, 0xb2, 0x86, 0x09, 0x58, 0x92, 0x8e, 
  0xce, 0xfc, 0x71, 0x65, 0x3a, 0x13, 0xb2, 0x1b, 0x63, 0xa9, 0x82, 0x02, 0x5d, 0xf4, 0x42, 0xf5, 
  0x28, 0xf3, 0x0c, 0xa3, 0x88, 0x08, 0xa7, 0xe6, 0x63, 0x6e, 0xc2, 0xdc, 0x4d, 0xfc, 0xfd, 0x16, 
  0x7b, 0xeb, 0x28, 0xd2, 0x6c, 0x73, 0xe9, 0x07, 0x62, 0xdb, 0x6f, 0x05, 0x45, 0xfa, 0xca, 0x91, 
  0xb5, 0xa0, 0x89, 0x67, 0x27, 0x3d, 0xf5, 0xcd, 0xec, 0xdb, 0x49, 0x93, 0x5c, 0xb7, 0xb2, 0x19, 
  0xc7, 0x01, 0x4d, 0x36, 0xb8, 0xb4, 0x67, 0xb6, 0x0f, 0x39, 0xfd, 0x0d, 0x6d, 0xf0, 0x88, 0x59, 
  0x22, 0x51, 0x00, 0x52, 0xc1, 0xc8, 0x8e, 0xfd, 0x7a, 0x80, 0x75, 0xcf, 0x7d, 0xc8, 0xc0, 0x91, 
  0xc6, 0x58, 0x2b, 0xa4, 0x28, 0x30, 0x41, 0x5a, 0x7b, 0x95, 0x80, 0x3b, 0xe5, 0x6d, 0x23, 0xe5, 
  0xb1, 0x0e, 0x94, 0xbd, 0xff, 0x64, 0x4a, 0xf0, 0xff, 0xca, 0xbb, 0x56, 0x54, 0x9f, 0x25, 0x49, 
  0x4f, 0x17, 0xef, 0x6d, 0x09, 0x0a, 0x87, 0xf5, 0xea, 0x63, 0xd1, 0xa1, 0x93, 0x1e, 0x45, 0x37, 
  0xc6, 0xbf, 0x3a, 0x63, 0x58, 0x39, 0x16, 0x09, 0x90, 0x7a, 0xdf, 0x1c, 0xd4, 0xb3, 0xee, 0x8e, 
  0x8b, 0x4c, 0xf5, 0xee, 0xab, 0x9f, 0x2f, 0x6f, 0x0a, 0xae, 0x63, 0x98, 0x86, 0x5f, 0x38, 0x5a, 
  0xff, 0x94, 0x84, 0x93, 0x59, 0xb1, 0x8d, 0x55, 0x6a, 0x17, 0xe5, 0x49, 0x38, 0x1d, 0x42, 0x94, 
  0x1d, 0x23, 0x4f, 0x79, 0x81, 0x21, 0x19, 0x12, 0xeb, 0x33, 0x22, 0x60, 0xd6, 0x11, 0x76, 0xb6, 
  0x05, 0x2a, 0x34, 0x68, 0x6e, 0x6b, 0xd1, 0xce, 0x67, 0xd6, 0xd0, 0xe7, 0x0b, 0x6e, 0x16, 0x01, 
  0x0d, 0x8d, 0xc9, 0xa2, 0x35, 0xa7, 0x38, 0x17, 0x91, 0x44, 0x94, 0xa7, 0xeb, 0xb1, 0x90, 0xa0, 
  0x69, 0xf4, 0x2c, 0x3d, 0x8a, 0x81, 0x60, 0x53, 0x0e, 0x8e, 0xc9, 0x04, 0xa9, 0xa8, 0x1c, 0x0b, 
  0x11, 0xc2, 0xe5, 0x60, 0x2a, 0x11, 0x1e, 0x9a, 0x29, 0x15, 0x4e, 0x43, 0x35, 0xdf, 0x92, 0x87, 
  0x32, 0x80, 0x3d, 0xb6, 0x26, 0x2c, 0xa9, 0x3a, 0x90, 0x99, 0x7e, 0x1c, 0xd1, 0xe3, 0xe9, 0xd4, 
  0xd2, 0x6e, 0x84, 0xbf, 0xaf, 0xf4, 0x61, 0x9c, 0x70, 0xe3, 0xd1, 0xa9, 0x01, 0x21, 0x92, 0xdb, 
  0xb4, 0x85, 0x3a, 0x4a, 0x57, 0x87, 0xfb, 0x28, 0x38, 0x91, 0x77, 0x95, 0xd2, 0xa5, 0x83, 0xc4, 
  0xbb, 0x37, 0xe0, 0xd5, 0x93, 0x8d, 0xb7, 0x56, 0x89, 0x3f, 0xa2, 0x57, 0xad, 0x88, 0x69, 0xcc, 
  0x90, 0x58, 0x2f, 0x2b, 0x50, 0x60, 0x75, 0xec, 0x5a, 0x65, 0x53, 0x83, 0x5f, 0xd2, 0x13, 0x4a, 
  0x6b, 0xe0, 0x8e, 0x8b, 0x23, 0x95, 0x34, 0x6b, 0x4c, 0x48, 0x08, 0x7b, 0x23, 0xd2, 0x3d, 0xf9, 
  0x51, 0x65, 0x36, 0x3c, 0x5a, 0xe3, 0xb7, 0x4e, 0x2d, 0xb7, 0x0d, 0x43, 0x12, 0x05, 0x71, 0x0a, 
  0x2d, 0xa6, 0x95, 0x9d, 0xdc, 0x85, 0x34, 0x4a, 0x37, 0x3e, 0x32, 0xc9, 0xd6, 0xd6, 0x1d, 0xaa, 
  0x7f, 0xa2, 0xf7, 0x0b, 0x48, 0xac, 0x49, 0x62, 0xdd, 0x9c, 0x4f, 0x2f, 0x70, 0x06, 0x49, 0xdb, 
  0x0c, 0x40, 0xa6, 0x24, 0xe4, 0x7d, 0x56, 0x5c, 0x40, 0x92, 0x84, 0x61, 0xaa, 0xbc, 0xd2, 0x0c, 
  0xeb, 0x00, 0x68, 0x58, 0x4b, 0x55, 0xc4, 0x16, 0x3a, 0xa4, 0x4b, 0x7c, 0x9e, 0x90, 0xa1, 0xa4, 
  0xb9, 0x0c, 0xa3, 0xa2, 0x05, 0x8f, 0x0c, 0x2e, 0x24, 0xa4, 0xf4, 0xcc, 0x6f, 0x76, 0xd9, 0x00, 
  0xd0, 0x85, 0xc6, 0xd3, 0x13, 0x68, 0x8c, 0xf4, 0x00, 0x4e, 0x45, 0x45, 0xbe, 0x0d, 0xe3, 0x82, 
  0xe1, 0xa7, 0x8c, 0x58, 0x70, 0x20, 0x98, 0x50, 0x88, 0x8c, 0x11, 0x22, 0x9e, 0x9d, 0x22, 0x85, 
  0xbd, 0x22, 0x8d, 0xe1, 0xa4, 0x16, 0x47, 0x8a, 0xe5, 0x67, 0x4e, 0xb3, 0xdf, 0x29, 0x20, 0xcd, 
  0x7d, 0x26, 0x3e, 0x96, 0xfa, 0x28, 0x28, 0xd3, 0xd0, 0x94, 0x16, 0x25, 0x62, 0x46, 0x9f, 0xba, 
  0x1a, 0xd3, 0x83, 0x7f, 0xe2, 0x0a, 0x57, 0x1f, 0x31, 0x85, 0x2b, 0xd0, 0x1d, 0xa6, 0x74, 0x3f, 
  0x5b, 0x89, 0x19, 0xab, 0x28, 0xf6, 0x24, 0x8b, 0x52, 0xfc, 0x0c, 0xbf, 0xe3, 0x7f, 0x87, 0x2e, 
  0xee, 0xfd, 0x38, 0x78, 0x31, 0xe7, 0x86, 0xce, 0x27, 0x94, 0x98, 0xff, 0x01, 0x4b, 0xa5, 0xd4, 
  0x22, 0x69, 0x50, 0x96, 0xfa, 0xdd, 0xc5, 0xcd, 0xb5, 0x1b, 0xe3, 0x67, 0xdf, 0x27, 0x17, 0xef, 
  0x34, 0xc4, 0x44, 0x8f, 0x89, 0x9a, 0x0c, 0xf0, 0xdb, 0xca, 0xbb, 0x30, 0x2c, 0x18, 0x35, 0x18, 
  0x56, 0x92, 0xe1, 0x18, 0x94, 0xac, 0x20, 0x06, 0x72, 0x0b, 0x05, 0xc7, 0xc8, 0x1f, 0x15, 0x36, 
  0xba, 0x86, 0xda, 0xd0, 0x46, 0x06, 0xe3, 0xef, 0x59, 0xdc, 0x9e, 0x89, 0x38, 0x5f, 0x87, 0xe3, 
  0x94, 0x56, 0xb3, 0x35, 0xcd, 0x8f, 0x35, 0x25, 0xf5, 0xd9, 0x18, 0x4f, 0x67, 0x57, 0xa4, 0x99, 
  0x06, 0x75, 0x43, 0x9d, 0x09, 0x48, 0x4e, 0x06, 0x39, 0xe2, 0xb1, 0x1d, 0xd4, 0xb3, 0x3c, 0xc0, 
  0xee, 0xa1, 0x9c, 0xc3, 0x31, 0x96, 0xba, 0x06, 0x43, 0x02, 0x35, 0xd2, 0xcd, 0xdd, 0xfc, 0x72, 
  0xfb, 0xe9, 0xaf, 0xb0, 0x09, 0x84, 0x5a, 0x94, 0xb3, 0xd9, 0x41, 0x1e, 0x77, 0xa1, 0x77, 0xbb, 
  0xe8, 0x93, 0xdc, 0xbc, 0xa6, 0xdd, 0xbd, 0x9b, 0xdf, 0x6d, 0xfe, 0x29, 0x99, 0xf4, 0xd0, 0x90, 
  0xa9, 0x83, 0x1f, 0xe0, 0x9d, 0x03, 0xa7, 0xe7, 0x38, 0x43, 0x63, 0x3f, 0x0b, 0x7d, 0x0e, 0x0b, 
  0x1c, 0xf4, 0x01, 0x47, 0x7e, 0x76, 0x88, 0x35, 0x07, 0x01, 0x88, 0x18, 0xd6, 0xd1, 0x97, 0x73, 
  0xd5, 0x86, 0xc1, 0x37, 0xa3, 0x18, 0xdb, 0xca, 0xa8, 0x5e, 0x4e, 0x59, 0x23, 0xd7, 0x67, 0xe7, 
  0xf7, 0x75, 0xe8, 0xca, 0x00, 0xb3, 0x15, 0x43, 0x19, 0xcc, 0xdb, 0xa1, 0xf5, 0xda, 0x0b, 0x97, 
  0x13, 0x82, 0x80, 0x1f, 0xa4, 0x22, 0x16, 0x00, 0x28, 0x38, 0xd5, 0x84, 0x18, 0xa7, 0x91, 0xec, 
  0x48, 0xb1, 0x00, 0x4a, 0x67, 0x1b, 0x0d, 0x05, 0x37, 0x6a, 0x0c, 0xd2, 0x60, 0xe7, 0x22, 0xa6, 
  0x58, 0x56, 0x14, 0x7b, 0x89, 0xd5, 0xc4, 0x24, 0x8e, 0x43, 0xbd, 0x31, 0xb3, 0xb7, 0xa5, 0x92, 
  0xa9, 0x1e, 0xa3, 0xea, 0x94, 0xe7, 0x7a, 0xeb, 0xd5, 0xb5, 0x33, 0x13, 0xc5, 0xaa, 0x41, 0x9c, 
  0x9b, 0x71, 0xf3, 0xa9, 0x6c, 0x4c, 0x65, 0xcc, 0x39, 0x8c, 0xcf, 0xda, 0x4a, 0x52, 0x11, 0x19, 
  0x48, 0x97, 0xf8, 0x29, 0x89, 0x23, 0x04, 0xd7, 0x86, 0x3c, 0xb3, 0x18, 0x02, 0xf3, 0x96, 0x8b, 
  0xb8, 0x10, 0x5a, 0x81, 0x82, 0x3d, 0x4b, 0x4e, 0xf0, 0xb7, 0xf9, 0xcf, 0x85, 0x3d, 0xdc, 0x39, 
  0x2f, 0xfd, 0x17, 0xfc, 0x59, 0x90, 0xc1, 0x1c, 0x30, 0x4c, 0x11, 0x00, 0x08, 0x7d, 0xde, 0xc7, 
  0x38, 0xde, 0xab, 0x26, 0xc5, 0xa4, 0xb3, 0xa8, 0x9c, 0xc2, 0x49, 0x63, 0x9e, 0x05, 0xb4, 0xc7, 
  0x09, 0x64, 0xce, 0x97, 0x6a, 0x26, 0x2a, 0x28, 0x46, 0xf7, 0x26, 0x82, 0x69, 0xe5, 0x82, 0x29, 
  0x33, 0xd8, 0x6d, 0xf8, 0xa7, 0xcc, 0xba, 0x8d, 0x08, 0x27, 0x49, 0xac, 0xd9, 0xba, 0xff, 0x63, 
  0x9e, 0xe4, 0x34, 0x5b, 0x3b, 0x33, 0x75, 0x14, 0x3f, 0xa5, 0x34, 0x7d, 0x53, 0xde, 0x21, 0x78, 
  0xa1, 0xce, 0x28, 0xd8, 0xe1, 0xab, 0xef, 0x8f, 0x15, 0x99, 0x60, 0x55, 0x49, 0x69, 0x1e, 0x32, 
  0x42, 0x98, 0x68, 0xdf, 0x2e, 0x0b, 0xb8, 0x31, 0xc0, 0x81, 0x68, 0x9b, 0x7c, 0xc5, 0xc9, 0xee, 
  0xc8, 0x39, 0xab, 0x3c, 0x73, 0x14, 0x9d, 0x44, 0x86, 0xac, 0x5a, 0x21, 0x61, 0xe5, 0xf5, 0x88, 
  0x4b, 0x3b, 0x4b, 0x2a, 0x27, 0x70, 0x55, 0x0f, 0xa9, 0xdf, 0xaf, 0x61, 0xf7, 0xcd, 0xcc, 0x2f, 
  0xea, 0x18, 0x27, 0x9a, 0x61, 0x3f, 0x69, 0x02, 0x2b, 0x8a, 0x21, 0x5f, 0x37, 0x92, 0x30, 0x4c, 
  0xc5, 0x49, 0xb2, 0x09, 0x2d, 0x48, 0x7d, 0xcc, 0x4a, 0x7b, 0x1a, 0xa9, 0xc2, 0x69, 0xb2, 0x24, 
  0x6a, 0xfd, 0x4a, 0x65, 0xda, 0xc8, 0xcd, 0x94, 0xc6, 0xb8, 0xc7, 0x02, 0xd4, 0xc4, 0xba, 0x3e, 
  0xbb, 0x8b, 0xc9, 0x7b, 0x4c, 0xd7, 0xfa, 0x66, 0x10, 0xd7, 0x4d, 0x73, 0x5c, 0xaf, 0x50, 0x90, 
  0xad, 0xaf, 0x63, 0x44, 0xd8, 0xcd, 0xc1, 0xf7, 0x49, 0x28, 0x77, 0x13, 0x3a, 0xcc, 0x3c, 0x58, 
  0x36, 0xf4, 0x7b, 0xd1, 0x67, 0x01, 0x45, 0x65, 0x17, 0x91, 0x99, 0x4a, 0xf3, 0xba, 0x4b, 0xac, 
  0xde, 0xfa, 0xe5, 0xe2, 0x96, 0xf3, 0xe5, 0x5b, 0x96, 0x01, 0xc7, 0x04, 0x02, 0xff, 0x93, 0xe3, 
  0xc0, 0xa0, 0x52, 0x89, 0x65, 0x66, 0x67, 0xf5, 0x61, 0x18, 0x44, 0x1c, 0x0e, 0x5f, 0x6b, 0x66, 
  0xfd, 0x10, 0x73, 0x02, 0xa5, 0xea, 0xfb, 0xbb, 0x27, 0x5d, 0x0e, 0x9b, 0x13, 0x43, 0x67, 0x06, 
  0x89, 0xe1, 0x09, 0x39, 0x45, 0xac, 0x68, 0x39, 0x13, 0x62, 0xf7, 0x72, 0x0b, 0xec, 0x2d, 0x17, 
  0x6a, 0x28, 0xc6, 0xc6, 0x65, 0x13, 0x79, 0x76, 0x4d, 0x3f, 0xad, 0x46, 0x22, 0x65, 0xfe, 0x7f, 
  0x6f, 0x24, 0x38, 0x41, 0xd6, 0x82, 0xa9, 0xf7, 0xa8, 0x43, 0x2d, 0x8e, 0x08, 0x95, 0x47, 0xcd, 
  0x78, 0x05, 0x5c, 0xf7, 0xaa, 0xe0, 0xc1, 0x1e, 0x81, 0xe5, 0xf3, 0x0f, 0xdd, 0xe1, 0x4e, 0x11, 
  0x24, 0xd8, 0x6c, 0xc2, 0x67, 0xa0, 0xcf, 0xd9, 0xea, 0xdd, 0x0e, 0x9e, 0xec, 0x7c, 0x82, 0x74, 
  0x4f, 0xe5, 0x56, 0x68, 0x87, 0x8c, 0x4a, 0xeb, 0xfe, 0xa0, 0x8a, 0xbd, 0x85, 0x67, 0x61, 0xd9, 
  0x33, 0x52, 0x43, 0x10, 0x34, 0x32, 0x94, 0x2c, 0x56, 0x23, 0x5d, 0x7f, 0x7c, 0x4f, 0x58, 0x78, 
  0xdd, 0xfb, 0x86, 0xee, 0x42, 0xba, 0x18, 0xc6, 0x31, 0x0f, 0x80, 0x1d, 0x7c, 0xf3, 0x73, 0x1a, 
  0x45, 0x1b, 0xfd, 0x44, 0xb1, 0x30, 0x43, 0x8e, 0x48, 0xe0, 0x5a, 0x84, 0x6c, 0x76, 0x6c, 0xe9, 
  0x48, 0xa0, 0xf0, 0xbc, 0x7c, 0xeb, 0xa7, 0x6f, 0xca, 0x56, 0x2c, 0xa9, 0xdf, 0x2b, 0x79, 0x08, 
  0xe9, 0x5f, 0x14, 0x7c, 0x1f, 0xf7, 0xbe, 0x52, 0x67, 0x1a, 0xca, 0xff, 0x39, 0x83, 0xee, 0xb5, 
  0x82, 0x99, 0x4a, 0x02, 0x14, 0xa1, 0xca, 0x42, 0x92, 0x15, 0xe7, 0x6e, 0xe3, 0xa5, 0x13, 0x5c, 
  0xc1, 0x27, 0xc5, 0x7e, 0xc3, 0x29, 0x58, 0xf2, 0x96, 0x65, 0xae, 0x4a, 0x5b, 0x97, 0x53, 0x50, 
  0x15, 0xfe, 0xca, 0xd8, 0xad, 0x93, 0x02, 0x4e, 0x04, 0x22, 0xc9, 0x6a, 0x67, 0x52, 0x77, 0xea, 
  0x83, 0xaa, 0x49, 0x50, 0x3e, 0xc4, 0xf2, 0xd0, 0xd2, 0x06, 0x81, 0xcd, 0xa3, 0x8c, 0x1a, 0xda, 
  0x87, 0x7f, 0x7d, 0x74, 0x87, 0x71, 0x6b, 0x60, 0x95, 0x61, 0xbe, 0x2e, 0x97, 0xc1, 0x16, 0xb1, 
  0x40, 0x01, 0xa4, 0xc6, 0x4c, 0x2e, 0x23, 0x51, 0x2f, 0x4e, 0x88, 0xba, 0xf9, 0x4d, 0xc1, 0x32, 
  0x5a, 0x10, 0x0e, 0x52, 0x96, 0x69, 0x31, 0x0c, 0x02, 0xe3, 0x92, 0x92, 0xff, 0x5b, 0x56, 0x6c, 
  0x83, 0x59, 0x54, 0x2c, 0x28, 0x2e, 0x56, 0xb8, 0xe1, 0xcb, 0xe5, 0x0c, 0xd8, 0x56, 0x33, 0x2a, 
  0x91, 0xc8, 0xe8, 0xbc, 0xe9, 0x8a, 0x7a, 0x44, 0x6d, 0x34, 0xfc, 0x92, 0x6d, 0x5e, 0x45, 0x6f, 
  0x10, 0x3a, 0x5c, 0x6f, 0x61, 0xe6, 0xc6, 0x88, 0xa0, 0x29, 0x9a, 0xaf, 0x1e, 0x74, 0x7f, 0x41, 
  0xcf, 0x0c, 0xfd, 0xb7, 0x3e, 0x72, 0x91, 0xa4, 0xf3, 0x2a, 0x35, 0x53, 0xaa, 0x61, 0x4a, 0xaa, 
  0xd5, 0x15, 0xba, 0x91, 0x36, 0x2e, 0x98, 0x29, 0x60, 0xd7, 0x3c, 0xc6, 0x82, 0x75, 0xd6, 0xef, 
  0xd9, 0xe6, 0x0a, 0x45, 0xa7, 0x8c, 0xf0, 0xfb, 0xde, 0x6a, 0x00, 0x7d, 0x39, 0x07, 0xef, 0x0a, 
  0x8a, 0x33, 0xbc, 0x7a, 0xf0, 0x0e, 0x95, 0x0a, 0x4d, 0x24, 0x9d, 0x5e, 0x5e, 0xa3, 0x94, 0xfa, 
  0x11, 0x7f, 0x0a, 0x55, 0xc7, 0x70, 0x22, 0xd1, 0xc7, 0x0c, 0x20, 0x79, 0xef, 0xf7, 0x77, 0x3a, 
  0xab, 0x92, 0x40, 0xe5, 0x61, 0xf4, 0xe2, 0x10, 0x3f, 0x46, 0xad, 0xdc, 0x66, 0x94, 0x78, 0xcf, 
  0x89, 0x72, 0xcf, 0x2e, 0x9e, 0x5b, 0x64, 0x64, 0xd6, 0x4c, 0x1b, 0xa8, 0x1f, 0xe6, 0x83, 0x54, 
  0x18, 0x9b, 0x15, 0x8f, 0xb0, 0xef, 0x7c, 0x3d, 0x16, 0xf1, 0xc5, 0x3f, 0xcf, 0x38, 0x47, 0x9c, 
  0x7b, 0x96, 0x50, 0xd6, 0x96, 0x13, 0x28, 0xca, 0x51, 0x39, 0xa1, 0x80, 0x4b, 0x3a, 0x0d, 0x6a, 
  0xeb, 0x38, 0x0f, 0x1d, 0x38, 0xe3, 0xc2, 0x4f, 0xd1, 0x01, 0x2b, 0x0d, 0x3f, 0xab, 0x5e, 0x58, 
  0x9e, 0x83, 0xf7, 0x43, 0x55, 0x27, 0x79, 0x6f, 0x7e, 0x2a, 0x2f, 0xe8, 0x8e, 0xf4, 0x55, 0x19, 
  0xc3, 0xd4, 0xa3, 0x3b, 0xb4, 0x5a, 0xda, 0x9c, 0x10, 0x2c, 0xea, 0x98, 0xe3, 0x6d, 0xac, 0xd4, 
  0x93, 0x31, 0x38, 0xa1, 0x37, 0xdc, 0xb5, 0x26, 0x81, 0x8d, 0x3d, 0x62, 0xc1, 0xcc, 0xf1, 0xf7, 
  0x0b, 0x40, 0x6d, 0x55, 0x52, 0x73, 0xf9, 0x92, 0xac, 0xb0, 0xd1, 0x87, 0x38, 0xaa, 0xd1, 0xdf, 
  0x76, 0x92, 0x88, 0xa7, 0x41, 0x5c, 0x1b, 0x33, 0xd1, 0xb6, 0x19, 0x67, 0x45, 0x32, 0x43, 0xca, 
  0x79, 0xcf, 0x97, 0x2b, 0x12, 0x5e, 0x46, 0xa3, 0x01, 0xa8, 0xb4, 0x17, 0x48, 0xd2, 0x2e, 0xfc, 
  0x24, 0xf0, 0xc2, 0x4f, 0x1a, 0x5c, 0xcf, 0x33, 0xe5, 0x53, 0x4e, 0xcf, 0x78, 0x79, 0x72, 0xa0, 
  0x86, 0xd3, 0xab, 0x39, 0x69, 0x37, 0xde, 0xe3, 0x5d, 0x57, 0xef, 0x16, 0x6c, 0x10, 0xf4, 0x14, 
  0x49, 0xc2, 0xc8, 0xb3, 0x61, 0x43, 0xc5, 0xce, 0x00, 0x1a, 0xfe, 0x88, 0x2a, 0xde, 0xfc, 0xbe, 
  0xbc, 0xbe, 0x99, 0xb1, 0xa1, 0x35, 0xab, 0x38, 0xf6, 0x0d, 0xb1, 0x3a, 0xbe, 0x36, 0xb2, 0x4b, 
  0xb4, 0x85, 0xb5, 0xac, 0x88, 0x1c, 0x75, 0xa3, 0x0a, 0x6c, 0xe4, 0xc3, 0x10, 0x22, 0x43, 0x6f, 
  0x6f, 0x98, 0x9c, 0x49, 0x38, 0x37, 0x1b, 0x1e, 0xf0, 0x17, 0x96, 0x26, 0x51, 0xdf, 0x1b, 0xd8, 
  0x4b, 0x03, 0xa2, 0xb9, 0xbc, 0x4a, 0x73, 0x78, 0xad, 0xa1, 0xd6, 0x28, 0x43, 0x52, 0xc0, 0xe1, 
  0xf9, 0xab, 0x14, 0xfb, 0x77, 0x49, 0x14, 0x43, 0x4c, 0x33, 0xb4, 0x01, 0x16, 0xa9, 0x2e, 0x31, 
  0x41, 0x4f, 0xe5, 0x01, 0x01, 0x7b, 0x64, 0x41, 0xb7, 0xd1, 0x35, 0x0e, 0xb3, 0xfe, 0x94, 0x3c, 
  0xf8, 0x5e, 0xce, 0x92, 0x07, 0x98, 0x25, 0x4f, 0x68, 0x97, 0x1c, 0x32, 0x01, 0x62, 0xd2, 0x6f, 
  0xe2, 0x3e, 0xaf, 0xb1, 0xb6, 0x82, 0xa5, 0x90, 0x96, 0x7d, 0xa2, 0x9c, 0x06, 0xb9, 0xa8, 0xf7, 
  0xcd, 0xb7, 0x66, 0x7f, 0xb8, 0x20, 0xc2, 0x09, 0x82, 0x9b, 0x11, 0x79, 0xd2, 0x71, 0xac, 0x2e, 
  0x01, 0x1e, 0xb7, 0x62, 0xe7, 0x61, 0xac, 0x92, 0xe3, 0x13, 0x95, 0x00, 0x72, 0x02, 0x19, 0x8d, 
  0x41, 0x1b, 0x5c, 0xf6, 0x39, 0xeb, 0x3d, 0x6e, 0xb1, 0xee, 0xce, 0xdb, 0xdb, 0x2d, 0xd3, 0x71, 
  0x8f, 0xdd, 0xda, 0xb8, 0xb7, 0x11, 0xa8, 0x41, 0xe2, 0xc4, 0x74, 0x1f, 0x2c, 0x02, 0x78, 0x0e, 
  0x03, 0x62, 0xa8, 0xa1, 0xa1, 0xc6, 0x01, 0xd2, 0x22, 0xa3, 0xc0, 0x85, 0xbd, 0x26, 0xb9, 0xc2, 
  0x76, 0x55, 0xa2, 0x3d, 0xe2, 0xa5, 0xe3, 0x57, 0x6e, 0xef, 0x74, 0x31, 0xca, 0xfb, 0xc6, 0xdc, 
  0xda, 0x21, 0x95, 0x75, 0xf0, 0x8d, 0xba, 0x1e, 0xe9, 0xe9, 0x3e, 0x1c, 0x7e, 0x5c, 0x15, 0x69, 
  0x71, 0xbe, 0xc2, 0xc8, 0x6f, 0xe1, 0x38, 0x9c, 0x5d, 0x5d, 0x46, 0xe2, 0x69, 0x48, 0x2e, 0x45, 
  0x3e, 0xb7, 0xf4, 0xa7, 0x21, 0x8f, 0x4a, 0xec, 0xd5, 0xa7, 0x1c, 0xab, 0x31, 0x2e, 0xe5, 0x08, 
  0xfa, 0x1a, 0x8b, 0x82, 0x33, 0x97, 0x74, 0xa9, 0x62, 0x97, 0x70, 0xc0, 0x95, 0x5d, 0x9c, 0x55, 
  0x9c, 0x0a, 0xe1, 0xc0, 0x8c, 0xe9, 0x35, 0xdc, 0xe9, 0xa7, 0x42, 0x46, 0xe5, 0xe9, 0x0e, 0x22, 
  0x93, 0x46, 0x4b, 0x5d, 0xee, 0x0f, 0x9d, 0x31, 0x4c, 0xce, 0x5b, 0x45, 0x3f, 0x2f, 0x63, 0x67, 
  0xd7, 0x15, 0x41, 0x89, 0xb7, 0xd6, 0x00, 0x7f, 0xfc, 0x67, 0x98, 0x1f, 0xa6, 0x82, 0x9a, 0xc5, 
  0x14, 0xa4, 0x75, 0x23, 0xaa, 0x05, 0x23, 0x16, 0x8b, 0x21, 0x86, 0x2c, 0x67, 0xe4, 0xfd, 0x29, 
  0x39, 0x7e, 0x0c, 0xc5, 0x3f, 0xc4, 0x34, 0x4a, 0xed, 0xf8, 0x77, 0xcf, 0xe2, 0x67, 0xf7, 0x12, 
  0xfe, 0xc7, 0x11, 0x0b, 0x94, 0x46, 0x22, 0xac, 0x5f, 0xa6, 0x8a, 0x07, 0x30, 0x2c, 0xc2, 0x29, 
  0xc2, 0x28, 0xaa, 0x7c, 0xd0, 0x72, 0xcb, 0x16, 0x6c, 0xe2, 0x20, 0x6e, 0x21, 0x95, 0x98, 0x1f, 
  0x54, 0x50, 0xd6, 0x87, 0xa0, 0x8f, 0x62, 0xfe, 0x39, 0x04, 0x5a, 0xb6, 0x00, 0x7f, 0x65, 0x88, 
  0x3e, 0x5a, 0xcd, 0x17, 0x42, 0xf2, 0x9c, 0x8d, 0xc9, 0xe5, 0xe3, 0x81, 0xd9, 0xba, 0xe6, 0x88, 
  0x43, 0xb9, 0x7c, 0xd9, 0x39, 0x3f, 0xe9, 0x27, 0xb8, 0xe0, 0x98, 0x02, 0x5f, 0x41, 0xff, 0x7a, 
  0x2d, 0x76, 0x97, 0x40, 0x05, 0x45, 0x8a, 0x02, 0xa8, 0x7b, 0x1d, 0x47, 0x82, 0xa8, 0x36, 0xf8, 
  0xc7, 0xe9, 0x14, 0x1b, 0x80, 0x57, 0xb1, 0x99, 0x20, 0x5c, 0x6a, 0x7b, 0x73, 0x75, 0x88, 0x55, 
  0xf1, 0x2d, 0x04, 0xab, 0x0a, 0x56, 0x95, 0xb7, 0x61, 0xfc, 0x79, 0xba, 0x9b, 0xb9, 0x68, 0x27, 
  0x44, 0x3d, 0xa7, 0xb9, 0x60, 0x1a, 0x0b, 0xfa, 0x54, 0xf4, 0x71, 0x76, 0xb6, 0x58, 0x27, 0x71, 
  0xbe, 0x08, 0x20, 0x17, 0x44, 0x5a, 0x53, 0xec, 0x91, 0x81, 0x1c, 0x8b, 0x1f, 0x24, 0xfc, 0xf8, 
  0x3e, 0x6c, 0x47, 0x97, 0x7b, 0x89, 0xdc, 0x17, 0x7d, 0x3b, 0xf8, 0x47, 0x97, 0xcd, 0xa8, 0x9f, 
  0x03, 0x1e, 0xdd, 0x14, 0xaf, 0x2c, 0x7e, 0xb7, 0xa1, 0xac, 0x0c, 0x79, 0x7c, 0x90, 0xe1, 0x80, 
  0xa3, 0x20, 0x40, 0xdc, 0x5d, 0x45, 0x27, 0xed, 0xeb, 0x9c, 0x76, 0x48, 0x97, 0xf8, 0x79, 0xd6, 
  0xdf, 0xe5, 0xb4, 0xb3, 0xa7, 0x44, 0xb7, 0x3a, 0x46, 0xdc, 0xb8, 0x3a, 0x36, 0x13, 0xe2, 0x45, 
  0x90, 0x2f, 0x15, 0x8a, 0xd7, 0x52, 0xe1, 0x4a, 0xd3, 0x01, 0xd1, 0xb3, 0x98, 0xef, 0x92, 0x87, 
  0x75, 0xc8, 0x39, 0x39, 0xf5, 0xf3, 0xfb, 0xb5, 0x2e, 0xc2, 0xfc, 0x3c, 0x84, 0xdd, 0x0e, 0x47, 
  0x20, 0xf5, 0x17, 0x53, 0x9d, 0xca, 0xfc, 0xa5, 0x42, 0x61, 0x95, 0xad, 0x14, 0x89, 0x82, 0x9b, 
  0x25, 0x2c, 0x98, 0xa1, 0x0c, 0xb9, 0x4b, 0x12, 0xe4, 0x65, 0x6b, 0x55, 0x3c, 0x4f, 0xe1, 0x33, 
  0x57, 0x57, 0xa2, 0x30, 0xe2, 0x25, 0x8c, 0x51, 0x2f, 0xbd, 0xfd, 0xd7, 0x73, 0x7a, 0xfd, 0xe2, 
  0x55, 0x3e, 0xc0, 0x27, 0xbb, 0x65, 0x41, 0x71, 0x96, 0x59, 0x4d, 0xa7, 0x6a, 0x35, 0x2d, 0x73, 
  0xab, 0xc5, 0xaf, 0xf3, 0x0c, 0xb4, 0x46, 0x62, 0x45, 0x65, 0x48, 0xec, 0x27, 0xfc, 0x41, 0xdf, 
  0x8a, 0x23, 0xdf, 0xbd, 0xca, 0xa9, 0x13, 0x18, 0x1e, 0x8e, 0x04, 0x30, 0x4b, 0x65, 0xa5, 0x2c, 
  0x69, 0xfd, 0x08, 0x9e, 0x8f, 0xd5, 0x2b, 0xdd, 0xd6, 0x37, 0xc7, 0xa7, 0xeb, 0xf4, 0xbc, 0xd0, 
  0xe9, 0x72, 0xc2, 0xa7, 0x22, 0x46, 0xdd, 0x6d, 0xa5, 0x32, 0x12, 0xc7, 0x36, 0x6c, 0x20, 0xc8, 
  0x5c, 0x3c, 0x09, 0x5e, 0x32, 0xd9, 0x62, 0x18, 0x7c, 0xe6, 0x5b, 0xbf, 0xdf, 0xc7, 0x4e, 0x29, 
  0x9f, 0xce, 0xf3, 0xa5, 0x0b, 0x25, 0xdc, 0x36, 0xf2, 0x23, 0x04, 0x1b, 0xf7, 0x5a, 0xe3, 0x00, 
  0x92, 0x9a, 0x87, 0x20, 0x50, 0xe7, 0x4f, 0x6a, 0xcd, 0x1f, 0x28, 0x18, 0x87, 0x29, 0x8d, 0xbe, 
  0xcd, 0xf6, 0x1a, 0xdf, 0xe0, 0x0e, 0x08, 0xe4, 0xfd, 0xfc, 0xd1, 0x27, 0x0a, 0xf5, 0x20, 0x26, 
  0xa6, 0xb2, 0x8a, 0x30, 0xa2, 0xad, 0xb8, 0x51, 0xd9, 0x0b, 0x25, 0xcc, 0x7c, 0xbe, 0xc3, 0xa6, 
  0xf2, 0xd8, 0x7a, 0x07, 0xf8, 0x85, 0xa0, 0xd7, 0x71, 0x5c, 0x42, 0x73, 0x5b, 0x2f, 0x61, 0x4a, 
  0xc6, 0x64, 0x31, 0x59, 0x0f, 0xbe, 0xee, 0xb0, 0x18, 0xce, 0x5a, 0x7d, 0xf5, 0x84, 0x03, 0xc9, 
  0xb8, 0xb5, 0x0f, 0xad, 0xc7, 0x23, 0x3d, 0xf4, 0x7d, 0x5f, 0xd3, 0x04, 0x6e, 0x67, 0x0e, 0x1f, 
  0xa6, 0x2d, 0x62, 0x78, 0xcd, 0xd7, 0x81, 0x47, 0xf8, 0xe8, 0x53, 0x8d, 0xc0, 0x5b, 0x94, 0x16, 
  0x19, 0x11, 0xca, 0xa8, 0x89, 0xcd, 0xdc, 0x1a, 0x6b, 0x1d, 0xba, 0xb6, 0x7e, 0x1a, 0x56, 0xde, 
  0x13, 0x0b, 0xa2, 0x99, 0x53, 0xee, 0xf5, 0xec, 0xd3, 0xb6, 0x74, 0x4f, 0x16, 0xd8, 0x32, 0x3f, 
  0x6f, 0x48, 0xa8, 0xb3, 0xee, 0xe6, 0x46, 0xa5, 0xb9, 0x91, 0xa9, 0xde, 0x97, 0xcf, 0xa2, 0xc5, 
  0x17, 0x2c, 0x3a, 0x5f, 0xa2, 0x77, 0x55, 0x1c, 0x9e, 0x82, 0x28, 0xa9, 0x36, 0x76, 0x6f, 0x71, 
  0xf1, 0x3d, 0xba, 0x3d, 0xdd, 0x9c, 0x45, 0xbc, 0xf5, 0x43, 0xc8, 0x43, 0x96, 0x1b, 0x63, 0x4e, 
  0x43, 0x35, 0xbc, 0xc5, 0x3b, 0x75, 0x25, 0x0c, 0xf5, 0xce, 0x4e, 0x7e, 0xa7, 0x68, 0xa3, 0x9b, 
  0xa1, 0xfc, 0xcb, 0x38, 0xd4, 0xf8, 0xc8, 0xd1, 0xc1, 0xb5, 0xa1, 0xde, 0xf5, 0x31, 0x8d, 0xa1, 
  0xe1, 0x3b, 0x71, 0x97, 0x2f, 0xaf, 0xf8, 0xb4, 0xe5, 0x1f, 0xe7, 0x8f, 0x20, 0x65, 0x51, 0xf7, 
  0xe0, 0x65, 0x99, 0x0c, 0xf5, 0x21, 0xa0, 0x03, 0x90, 0x83, 0x54, 0x26, 0xe5, 0xd2, 0xae, 0x37, 
  0x64, 0x62, 0xb0, 0xe0, 0x99, 0xc2, 0x6e, 0x10, 0xc4, 0xad, 0x17, 0x48, 0xb4, 0x2c, 0xd0, 0xf1, 
  0x0f, 0x58, 0xf3, 0xa6, 0xd9, 0xc4, 0x61, 0x30, 0x4e, 0x87, 0x3b, 0x79, 0xa0, 0x79, 0x85, 0xff, 
  0xa2, 0x92, 0x42, 0x3a, 0x15, 0xd8, 0xef, 0x3e, 0xa2, 0xb6, 0xd8, 0x90, 0xd5, 0x17, 0x96, 0x88, 
  0xc7, 0x56, 0xb3, 0xb7, 0xe9, 0x9a, 0x63, 0xf1, 0x70, 0x9b, 0x6d, 0x4b, 0xe3, 0xe0, 0xeb, 0xbd, 
  0x33, 0x12, 0x4b, 0x91, 0x0f, 0x15, 0x88, 0x05, 0x74, 0x62, 0xe8, 0x41, 0x9c, 0xc6, 0xc3, 0x24, 
  0xf7, 0xa8, 0xe5, 0x4b, 0xe5, 0x4b, 0x6d, 0xad, 0x2b, 0xb0, 0x1b, 0x69, 0xfa, 0xe1, 0x09, 0x54, 
  0xfc, 0x09, 0x14, 0xa8, 0xbb, 0x21, 0x91, 0x31, 0xc5, 0xfc, 0x60, 0x38, 0x0a, 0x68, 0x41, 0xb3, 
  0x08, 0xc5, 0xac, 0x74, 0x89, 0x01, 0xa4, 0x76, 0xf8, 0x52, 0x95, 0x4b, 0x7d, 0x7d, 0xc8, 0x4d, 
  0x44, 0x24, 0x1d, 0x37, 0x88, 0x7c, 0xee, 0xc3, 0x3d, 0xd3, 0x08, 0x86, 0x17, 0xd4, 0xe5, 0xf3, 
  0x3f, 0xb4, 0xe2, 0xa9, 0xf3, 0x2f, 0x5c, 0xd3, 0xd5, 0x61, 0x8f, 0x91, 0x78, 0xce, 0xaf, 0x03, 
  0x62, 0x06, 0xf8, 0x65, 0x55, 0x37, 0x7f, 0xfa, 0x21, 0xe1, 0xfc, 0xa2, 0xe3, 0x8b, 0x5f, 0xcc, 
  0x68, 0x6b, 0x0c, 0xca, 0x66, 0xd5, 0x2e, 0xba, 0x8e, 0x8a, 0x96, 0x15, 0xd4, 0x15, 0x2f, 0x43, 
  0x64, 0x75, 0xbf, 0xff, 0xbe, 0x0d, 0x9d, 0xff, 0x8a, 0xe2, 0xd0, 0x62, 0xbd, 0xc6, 0xbc, 0xe9, 
  0xea, 0x74, 0x9f, 0x57, 0x26, 0x31, 0x50, 0xb4, 0x80, 0xa9, 0x52, 0xf8, 0xed, 0x48, 0x16, 0x00, 
  0xba, 0x1b, 0x82, 0x62, 0x87, 0x31, 0xd0, 0xf9, 0x22, 0x21, 0xfa, 0xcd, 0xac, 0x10, 0xa1, 0x70, 
  0x7b, 0x0b, 0xfb, 0xc6, 0x00, 0xd4, 0xd6, 0x56, 0x8d, 0xbe, 0x1d, 0xda, 0x87, 0x66, 0x88, 0xb7, 
  0x57, 0x0e, 0xa0, 0x12, 0xba, 0xb8, 0x3b, 0x3e, 0x84, 0x00, 0x20, 0x58, 0x7d, 0xc1, 0x68, 0xe1, 
  0x57, 0x6f, 0x04, 0x74, 0xab, 0xdc, 0xc6, 0x67, 0x7b, 0x70, 0xa8, 0x93, 0x4f, 0x3a, 0x29, 0x7a, 
  0x5a, 0xf3, 0xf0, 0x40, 0x86, 0x17, 0x48, 0xf5, 0xae, 0x31, 0xc9, 0xa1, 0x2e, 0x6a, 0x6f, 0x35, 
  0xeb, 0x4b, 0x2f, 0x87, 0xd5, 0xc3, 0xb7, 0x15, 0x66, 0xd0, 0xca, 0x31, 0x3f, 0xf8, 0x9c, 0x88, 
  0x1d, 0x4e, 0xf9, 0x64, 0x9f, 0x50, 0x48, 0x44, 0xac, 0x48, 0x87, 0x83, 0x4a, 0xaa, 0xf8, 0xb1, 
  0x3c, 0x4e, 0x79, 0x99, 0xe1, 0x97, 0x6e, 0x50, 0x38, 0x2a, 0x91, 0x63, 0xd5, 0x3e, 0xaf, 0x20, 
  0x43, 0xed, 0xf6, 0xbe, 0xee, 0xe5, 0x0d, 0xda, 0xa6, 0xe8, 0x54, 0xf9, 0x06, 0x48, 0xe0, 0x6f, 
  0x7b, 0x2d, 0xeb, 0x6d, 0xd8, 0xaf, 0x47, 0x09, 0x6d, 0x28, 0x47, 0xea, 0x6f, 0x27, 0x33, 0xdd, 
  0xc5, 0xf6, 0x89, 0x01, 0xfc, 0x32, 0x71, 0xe5, 0x50, 0xc9, 0xea, 0xf3, 0x18, 0xcc, 0xf6, 0x05, 
  0xbf, 0x4a, 0x83, 0x2e, 0x80, 0xcc, 0xe1, 0xba, 0x47, 0x38, 0x26, 0x57, 0xbe, 0x0a, 0x92, 0x00, 
  0xa9, 0xc2, 0xe1, 0x5a, 0x09, 0x16, 0x8a, 0x45, 0x29, 0x15, 0xb2, 0xb5, 0xce, 0xdb, 0x9a, 0xeb, 
  0xfa, 0x44, 0xc3, 0x9e, 0x7c, 0xb2, 0xbe, 0x9c, 0x64, 0xe8, 0xa3, 0x69, 0x10, 0x0b, 0xba, 0x3c, 
  0xe5, 0x22, 0xc0, 0xd3, 0xe9, 0x8d, 0x01, 0xd6, 0x37, 0x3d, 0x8e, 0xd6, 0xb9, 0x64, 0x55, 0xf0, 
  0x44, 0x63, 0x12, 0x39, 0x8a, 0xd5, 0xc1, 0x7c, 0xba, 0x2b, 0x6e, 0xf1, 0x07, 0xff, 0xbb, 0xda, 
  0xbf, 0xe7, 0x97, 0x5b, 0x5e, 0x66, 0x61, 0xf0, 0xa0, 0xed, 0xe5, 0xc8, 0xcf, 0xf0, 0xea, 0xec, 
  0xe7, 0xcd, 0x03, 0x15, 0xe1, 0x4f, 0xa1, 0xdc, 0xb7, 0x01, 0x79, 0xf9, 0x91, 0x61, 0x07, 0xb0, 
  0x24, 0xa5, 0x15, 0x2d, 0xcd, 0x44, 0x59, 0x40, 0x20, 0xa2, 0x61, 0x5f, 0x9d, 0x82, 0xa4, 0x1d, 
  0xd2, 0x50, 0xef, 0x8f, 0xb4, 0x9b, 0xdb, 0x8f, 0x17, 0xef, 0x2d, 0x74, 0x9e, 0x16, 0x1c, 0x9a, 
  0x31, 0xf8, 0x39, 0x9c, 0x15, 0x55, 0x04, 0xbc, 0xd8, 0x8a, 0xd5, 0xd5, 0x8a, 0xd4, 0x99, 0x3e, 
  0x41, 0x91, 0x98, 0xca, 0xb8, 0x1d, 0x79, 0xb5, 0xf2, 0x5f, 0x74, 0x41, 0x63, 0x0f, 0x32, 0x89, 
  0x40, 0xe5, 0x6f, 0xe2, 0x60, 0x5f, 0x8a, 0x2b, 0xf7, 0xc0, 0x03, 0x23, 0xf4, 0x63, 0xf5, 0xd8, 
  0xca, 0x1b, 0x5a, 0x6c, 0x88, 0x61, 0x3a, 0x8c, 0xee, 0x11, 0x3a, 0x4b, 0x2b, 0xc7, 0xc0, 0x58, 
  0xa7, 0xcf, 0xa4, 0x7f, 0xca, 0xc9, 0x92, 0xa4, 0xd8, 0x7f, 0x1e, 0x11, 0x2d, 0xf6, 0x1a, 0xae, 
  0xd8, 0x38, 0x15, 0xf3, 0xdf, 0x99, 0x00, 0x39, 0xcb, 0x67, 0x34, 0x0f, 0x0a, 0x4c, 0xaf, 0xf6, 
  0xdd, 0xd7, 0x4c, 0xca, 0x1a, 0x08, 0x11, 0xdd, 0xb8, 0xba, 0xfe, 0x45, 0xe6, 0xf2, 0x0e, 0x53, 
  0x79, 0xfb, 0xda, 0xcd, 0x0e, 0xd7, 0xff, 0xd1, 0x50, 0xaf, 0xbf, 0x7f, 0xba, 0x78, 0x6b, 0x38, 
  0xbf, 0x55, 0xff, 0x80, 0x7f, 0x93, 0xff, 0x9d, 0x7c, 0xba, 0x0e, 0x9d, 0x7c, 0x1c, 0xaa, 0x5d, 
  0x87, 0x27, 0x19, 0xf3, 0x30, 0x39, 0x05, 0x31, 0x15, 0x87, 0x49, 0xae, 0x4a, 0x93, 0x4c, 0xf9, 
  0xcd, 0xaf, 0x8e, 0xc0, 0xa9, 0x9b, 0x3d, 0x2e, 0x0d, 0x03, 0x66, 0xb0, 0x0c, 0x6c, 0x07, 0x42, 
  0x26, 0xdd, 0xb5, 0xd3, 0x1e, 0xf9, 0x2c, 0x2a, 0xda, 0xd4, 0xce, 0x24, 0xa7, 0x7b, 0x7d, 0xe4, 
  0x3a, 0x5a, 0x80, 0x3a, 0x4c, 0xaf, 0x14, 0xba, 0x71, 0x26, 0x2e, 0xc2, 0xa8, 0xdf, 0x9f, 0xa9, 
  0xbb, 0xa7, 0xc4, 0xaf, 0x5e, 0xf9, 0x74, 0x38, 0x43, 0x76, 0xe4, 0xde, 0xd8, 0x17, 0x45, 0x6c, 
  0xe2, 0x14, 0x34, 0x7c, 0x65, 0x6d, 0xd7, 0xf6, 0xd9, 0x77, 0x53, 0x39, 0x6d, 0x7c, 0x55, 0x22, 
  0xdb, 0x08, 0x30, 0xc6, 0xa8, 0x51, 0x6f, 0xfd, 0x2e, 0x2f, 0xca, 0xf9, 0x91, 0xc7, 0x71, 0x43, 
  0x5d, 0xa1, 0xd1, 0x48, 0xeb, 0xb2, 0xf0, 0x3b, 0xde, 0x4a, 0xaf, 0x2d, 0x5d, 0xe0, 0xb3, 0x83, 
  0x0d, 0xdb, 0x4e, 0xdf, 0x19, 0x4d, 0x7b, 0xc6, 0x9a, 0x94, 0x1c, 0x34, 0xaf, 0xc0, 0x36, 0x82, 
  0xdd, 0x5c, 0x7a, 0x4a, 0x45, 0xf5, 0x72, 0x35, 0x34, 0xb3, 0xc1, 0x77, 0x01, 0x3a, 0x03, 0xbf, 
  0x3f, 0x81, 0x6f, 0x7b, 0xf2, 0x4d, 0x34, 0xd3, 0x62, 0xd2, 0x9d, 0x7a, 0xbc, 0x70, 0x64, 0x54, 
  0x9d, 0x9a, 0x09, 0xf0, 0x11, 0xc3, 0x88, 0xb5, 0xda, 0x7d, 0x36, 0x63, 0x55, 0x82, 0x3b, 0x52, 
  0x54, 0xe8, 0x3e, 0x3a, 0x2b, 0x0e, 0x7e, 0xe5, 0xcc, 0x7e, 0x80, 0xbe, 0xdc, 0x16, 0x33, 0x80, 
  0x06, 0xd9, 0x6c, 0x41, 0x36, 0xc0, 0xf9, 0x88, 0x88, 0x8c, 0x30, 0x9e, 0x9e, 0x8f, 0x7c, 0x7e, 
  0xa2, 0x69, 0x53, 0xe8, 0x5a, 0x58, 0x29, 0x04, 0x71, 0xec, 0xe5, 0x7b, 0xec, 0x04, 0x8b, 0x44, 
  0x9c, 0xd5, 0xfd, 0x4d, 0xe6, 0xb1, 0xf7, 0xe5, 0x28, 0x9e, 0xf1, 0x9e, 0x2d, 0x5b, 0x51, 0x6a, 
  0x10, 0xd6, 0x98, 0x82, 0x5e, 0xe5, 0xc1, 0xdd, 0xd7, 0xc3, 0x53, 0xc9, 0x47, 0xd4, 0x5a, 0xf3, 
  0xd4, 0xac, 0x44, 0xae, 0x05, 0x13, 0x59, 0xac, 0x8a, 0xbf, 0xad, 0x18, 0x29, 0x8c, 0x38, 0xc2, 
  0x07, 0x7c, 0xe0, 0xb5, 0xf7, 0xfd, 0x88, 0x30, 0x03, 0xdc, 0x63, 0xe9, 0x7d, 0xa6, 0xa8, 0x91, 
  0xb5, 0x5c, 0x2e, 0x72, 0xdb, 0x06, 0xcb, 0x05, 0x2e, 0xc1, 0x93, 0x2e, 0x6c, 0x61, 0x2d, 0xcc, 
  0x79, 0xe5, 0x93, 0x66, 0xde, 0x83, 0xb4, 0xb1, 0xea, 0x4b, 0x91, 0xc3, 0x56, 0x1a, 0xed, 0xb4, 
  0xb4, 0x99, 0x0e, 0x28, 0x9f, 0xea, 0xb7, 0x1b, 0xa3, 0x59, 0x69, 0x8c, 0xf6, 0xff, 0xc5, 0x5d, 
  0x57, 0x92, 0x23, 0x39, 0x92, 0xbd, 0x4a, 0xac, 0xae, 0xb2, 0x45, 0xb1, 0xc5, 0x68, 0xb6, 0xa5, 
  0xb5, 0xb5, 0x1a, 0x3d, 0xd3, 0xd5, 0x7a, 0x75, 0x06, 0x33, 0xc9, 0xac, 0xa4, 0x15, 0x8b, 0xc1, 
  0xcd, 0x60, 0x66, 0x56, 0x36, 0x8d, 0x66, 0xfb, 0x35, 0xfb, 0xb9, 0xea, 0x0a, 0x2b, 0x4f, 0x30, 
  0xff, 0x73, 0x80, 0x3d, 0x44, 0x9f, 0x64, 0xfd, 0xf9, 0xc3, 0x0b, 0x47, 0x20, 0xa3, 0xc4, 0xea, 
  0x1f, 0x12, 0x01, 0x38, 0x34, 0xe0, 0xee, 0x70, 0xb8, 0x3b, 0xea, 0xce, 0x67, 0x48, 0xf4, 0xcc, 
  0x9b, 0x9e, 0xd9, 0xbe, 0x77, 0xef, 0x67, 0xc8, 0x83, 0xe0, 0xce, 0xe1, 0x16, 0x1a, 0x68, 0x71, 
  0x22, 0xcc, 0x4b, 0x1d, 0xb3, 0xa8, 0x75, 0x76, 0xbf, 0x14, 0x08, 0xf1, 0x42, 0x2d, 0xdd, 0x3e, 
  0xe6, 0xd3, 0x30, 0x96, 0x7a, 0x7b, 0x79, 0x87, 0x91, 0xf2, 0xa2, 0x41, 0xe9, 0x6f, 0x29, 0xe8, 
  0x25, 0xed, 0xc6, 0x6a, 0x4c, 0xf2, 0xfd, 0x36, 0x2c, 0x29, 0x44, 0xc4, 0x79, 0x13, 0xbd, 0x12, 
  0x91, 0x07, 0xa3, 0xd3, 0x4f, 0xb4, 0xc7, 0x36, 0x4a, 0xd9, 0x26, 0x5a, 0x1a, 0x22, 0x62, 0x3e, 
  0x09, 0xab, 0xb6, 0x8d, 0xf5, 0xfd, 0x49, 0x4c, 0xb1, 0xbb, 0xa8, 0xa4, 0xf5, 0xd5, 0xfa, 0x9b, 
  0xbf, 0xfa, 0xbb, 0xc2, 0x71, 0x67, 0xa2, 0x4f, 0x24, 0x7d, 0x92, 0x93, 0x2b, 0x54, 0x14, 0x7b, 
  0x37, 0xf6, 0x77, 0x41, 0xf6, 0x44, 0x13, 0xa1, 0xb6, 0x0d, 0x35, 0x4a, 0xfb, 0x93, 0xf8, 0xc0, 
  0xa6, 0x00, 0x8c, 0xfa, 0x0f, 0xde, 0x6c, 0x96, 0x66, 0x69, 0x4a, 0xd6, 0x91, 0xab, 0x31, 0x7b, 
  0xa3, 0xb4, 0x4d, 0xad, 0x08, 0x8c, 0x21, 0x7c, 0xcb, 0x48, 0xcd, 0x5a, 0x4e, 0x3b, 0x27, 0xaa, 
  0xa2, 0xfc, 0x99, 0x4a, 0xb7, 0x0c, 0x45, 0x16, 0x75, 0x97, 0x9a, 0x10, 0x18, 0x86, 0x2a, 0xbf, 
  0x56, 0x2a, 0x97, 0x54, 0xa4, 0x19, 0x28, 0x76, 0x76, 0x8e, 0xd7, 0x19, 0x4d, 0xa9, 0x3c, 0x00, 
  0x20, 0x49, 0x9a, 0xeb, 0xc5, 0x2a, 0x74, 0x69, 0xc6, 0x19, 0x8e, 0xdd, 0x57, 0x2f, 0x6a, 0x4e, 
  0x34, 0xc2, 0xa7, 0x87, 0x5c, 0x61, 0x2e, 0x90, 0xda, 0x2c, 0xa3, 0xc6, 0x9f, 0xfb, 0x5d, 0x84, 
  0x41, 0xe6, 0x12, 0x1d, 0x3f, 0x82, 0xa5, 0xe6, 0xa8, 0x2d, 0x3b, 0xdc, 0x19, 0xc8, 0xcb, 0x29, 
  0x5a, 0x3e, 0xf8, 0x4c, 0xf0, 0xa3, 0x9f, 0xef, 0x3d, 0x8b, 0x8a, 0xbd, 0x5d, 0xd1, 0x3f, 0xe7, 
  0xe1, 0xa2, 0x4d, 0xa1, 0x76, 0xf8, 0x81, 0x2a, 0x66, 0xa9, 0xc8, 0xaa, 0x03, 0x96, 0x5e, 0xb3, 
  0x00, 0x2e, 0x7e, 0x61, 0x3f, 0xbd, 0xfa, 0xbb, 0x3c, 0xb1, 0x66, 0x99, 0xc0, 0x46, 0x15, 0x35, 
  0x81, 0x5e, 0x2c, 0x0c, 0x58, 0x47, 0x4f, 0x55, 0xe7, 0xb1, 0x21, 0xad, 0x45, 0x31, 0x28, 0x57, 
  0x52, 0x13, 0x77, 0xeb, 0x7a, 0x36, 0x78, 0x5f, 0x4a, 0x4d, 0xbe, 0x88, 0xcf, 0x9e, 0x02, 0x0c, 
  0x6c, 0xbd, 0xba, 0xd8, 0xdc, 0x95, 0x67, 0xd8, 0xd7, 0x6c, 0xf1, 0x3b, 0xd1, 0x4c, 0x23, 0xf3, 
  0x7b, 0x4e, 0x15, 0xfb, 0x0c, 0x81, 0xcb, 0x98, 0x81, 0x18, 0xe2, 0xfd, 0x2a, 0xc4, 0xb2, 0xef, 
  0x43, 0x4c, 0xf8, 0xec, 0x2e, 0x27, 0xf7, 0xac, 0x44, 0x7d, 0x19, 0x40, 0x4f, 0x99, 0xac, 0xcb, 
  0xb1, 0x4f, 0x09, 0xec, 0x6b, 0x74, 0x62, 0x20, 0x81, 0x26, 0x70, 0xa4, 0x90, 0x1f, 0xfe, 0x45, 
  0x73, 0xe5, 0x2e, 0x04, 0x72, 0x25, 0x7e, 0xa5, 0x46, 0x6d, 0x58, 0x11, 0xd2, 0xc2, 0x11, 0xec, 
  0x1a, 0x2a, 0xa2, 0xf2, 0x47, 0xaf, 0x25, 0x38, 0xd9, 0x10, 0x21, 0x94, 0xb0, 0x21, 0x8b, 0xe2, 
  0xe7, 0x91, 0xa3, 0x42, 0xc7, 0xea, 0x33, 0x0f, 0xee, 0xcc, 0x32, 0x6e, 0xfe, 0xe5, 0x82, 0x3d, 
  0x7b, 0x37, 0xca, 0x98, 0x22, 0x53, 0xab, 0xfa, 0xac, 0x39, 0x5d, 0x4a, 0x85, 0xad, 0xeb, 0x12, 
  0x69, 0xc4, 0xf3, 0x51, 0xd9, 0x18, 0x95, 0x8d, 0xd5, 0x75, 0x9b, 0xf2, 0x81, 0xc9, 0xba, 0x25, 
  0x64, 0x34, 0x51, 0xca, 0xf5, 0x16, 0x77, 0x16, 0xbe, 0x0d, 0x4a, 0x7f, 0xeb, 0x06, 0x82, 0x73, 
  0x2e, 0xfc, 0xe2, 0x16, 0x63, 0x43, 0x5f, 0x9b, 0xdb, 0xdc, 0xe8, 0x35, 0xf7, 0x4b, 0xcf, 0x15, 
  0x24, 0xe9, 0x27, 0x8b, 0xcb, 0xba, 0xd0, 0xbd, 0x76, 0x52, 0x5d, 0xb5, 0x10, 0x92, 0x06, 0x35, 
  0x52, 0x1d, 0x31, 0x5a, 0xf1, 0x4a, 0x12, 0x52, 0x52, 0x3a, 0x90, 0x92, 0xd2, 0xac, 0x1e, 0x1d, 
  0x6d, 0x58, 0x8d, 0x49, 0xe4, 0xc7, 0xeb, 0x30, 0xaa, 0x75, 0x14, 0x84, 0xa0, 0x99, 0xaa, 0xba, 
  0xa2, 0xb9, 0xe1, 0x94, 0xab, 0x61, 0xf1, 0xe2, 0xea, 0x44, 0x48, 0xfa, 0xa5, 0xa8, 0x89, 0x85, 
  0x01, 0x35, 0x95, 0x03, 0x63, 0x92, 0x18, 0xf7, 0xe5, 0xc2, 0x56, 0xe5, 0x8d, 0xd5, 0x77, 0x1c, 
  0x19, 0x55, 0x82, 0xd5, 0x7d, 0x7f, 0x88, 0x54, 0x2b, 0x04, 0x9b, 0xe5, 0x28, 0x4d, 0x60, 0x27, 
  0x42, 0x22, 0x93, 0x8a, 0x1c, 0x6f, 0x77, 0x3a, 0x98, 0x59, 0x4e, 0xa3, 0xa3, 0x28, 0xfa, 0xff, 
  0x0b, 0x1d, 0xa9, 0xa7, 0xf7, 0x91, 0x0f, 0x4e, 0x2f, 0x5c, 0xce, 0x34, 0x46, 0x33, 0x19, 0x09, 
  0x15, 0xa9, 0x78, 0xbd, 0x02, 0xb3, 0x38, 0xe8, 0x09, 0xbb, 0xee, 0x38, 0x43, 0x90, 0xc0, 0x58, 
  0x8d, 0x38, 0x10, 0x09, 0xa6, 0x38, 0x43, 0x37, 0x88, 0xb0, 0x78, 0x3f, 0xc6, 0x2a, 0xc1, 0x0f, 
  0xb1, 0x9e, 0x4f, 0x29, 0x51, 0x6c, 0x4e, 0xdc, 0x4c, 0x15, 0xee, 0xdc, 0x79, 0xaf, 0x93, 0x24, 
  0xbf, 0x14, 0x6d, 0xc7, 0xb3, 0x6e, 0x87, 0xa6, 0xa2, 0x2f, 0x08, 0x33, 0x5d, 0xb5, 0x10, 0xc6, 
  0xfd, 0xaa, 0xb8, 0x37, 0x33, 0x04, 0xfc, 0x50, 0x33, 0x06, 0x33, 0x3f, 0xc3, 0xbd, 0xd5, 0x65, 
  0x5b, 0x8e, 0x97, 0x8c, 0x9f, 0xf1, 0x03, 0x29, 0xf4, 0x36, 0xa9, 0x1b, 0x80, 0xe2, 0xd1, 0x07, 
  0xa6, 0x3a, 0x01, 0x77, 0x87, 0x20, 0x31, 0x32, 0x88, 0xca, 0xf2, 0x4f, 0xc2, 0xd8, 0xb4, 0xee, 
  0xb8, 0x92, 0x22, 0x77, 0xc3, 0x48, 0x08, 0xda, 0x6f, 0x9e, 0x6c, 0x4c, 0xff, 0xad, 0xdb, 0x14, 
  0xbe, 0xc8, 0xf0, 0xd9, 0x3c, 0xf8, 0xf9, 0x97, 0x3f, 0xfa, 0xf9, 0x43, 0x87, 0x38, 0xcd, 0xd2, 
  0x8a, 0xc7, 0x88, 0xdf, 0xad, 0x16, 0x4f, 0x19, 0x7b, 0x61, 0x52, 0x3f, 0xc5, 0x5e, 0x94, 0x82, 
  0xee, 0xff, 0xb4, 0x04, 0xfc, 0x27, 0xdb, 0xa5, 0x0b, 0x03, 0x6f, 0xe8, 0x0d, 0xc4, 0x97, 0x1e, 
  0x16, 0x23, 0xe1, 0x21, 0xc0, 0xdf, 0x6d, 0x32, 0x2f, 0xff, 0x64, 0xd3, 0x9d, 0x2d, 0x36, 0x13, 
  0x53, 0xd5, 0x2c, 0xdc, 0x73, 0x81, 0x9f, 0x65, 0x97, 0x96, 0x87, 0x3d, 0x1d, 0xa3, 0x2c, 0x5c, 
  0x28, 0x62, 0xd9, 0x6e, 0x6e, 0x7f, 0xf2, 0xd8, 0xd5, 0xfb, 0x74, 0x43, 0x16, 0xf7, 0x04, 0xf4, 
  0x49, 0x63, 0xd8, 0x4c, 0x3e, 0x95, 0x97, 0x83, 0x40, 0xff, 0xf4, 0x0c, 0x67, 0xa8, 0x4a, 0x53, 
  0x85, 0x82, 0x5d, 0x4f, 0x19, 0xe0, 0x6c, 0x47, 0x98, 0xa9, 0x42, 0x96, 0xf7, 0x28, 0xdc, 0xfc, 
  0x61, 0x73, 0x8b, 0x7b, 0xeb, 0x01, 0xea, 0x09, 0x24, 0x44, 0x94, 0x70, 0x78, 0x2f, 0x0f, 0xdb, 
  0xe3, 0x90, 0x06, 0x23, 0x79, 0xd4, 0x61, 0x71, 0x0d, 0xc3, 0x90, 0x94, 0xec, 0x8c, 0x18, 0xbe, 
  0xf5, 0xdd, 0x67, 0x67, 0x03, 0x45, 0xfa, 0xc8, 0xa3, 0x80, 0x49, 0xde, 0xfa, 0xee, 0x2f, 0xde, 
  0x1f, 0xc3, 0xe8, 0xac, 0xef, 0x6a, 0x81, 0x1d, 0x84, 0xc9, 0x4e, 0x59, 0x16, 0x0e, 0x4a, 0x71, 
  0x8f, 0x1f, 0x49, 0xa9, 0xeb, 0xec, 0x34, 0xc7, 0x4c, 0x9f, 0x76, 0xe1, 0x14, 0xfd, 0xdb, 0x06, 
  0x26, 0x91, 0x2d, 0x76, 0xea, 0x1d, 0xde, 0xc6, 0x6a, 0x58, 0x25, 0xe5, 0x00, 0x20, 0xbd, 0x0e, 
  0x8a, 0x3b, 0x5a, 0x16, 0x09, 0x04, 0x39, 0x62, 0xf9, 0x25, 0x1d, 0x9e, 0x8d, 0x5a, 0x17, 0x12, 
  0x4a, 0x96, 0x17, 0x15, 0x4d, 0x77, 0xa6, 0x26, 0xc5, 0x2f, 0xca, 0xf5, 0xee, 0x64, 0xb6, 0xa0, 
  0xbe, 0x2b, 0x87, 0x8a, 0x06, 0xda, 0xd8, 0xe8, 0xc8, 0xba, 0x72, 0xde, 0x9f, 0x6f, 0xda, 0x98, 
  0xb0, 0x5f, 0xa7, 0xdf, 0x20, 0x77, 0x42, 0xb0, 0xe4, 0xe2, 0xaf, 0xc2, 0x45, 0xf5, 0x03, 0x2c, 
  0x2b, 0x9e, 0x23, 0x52, 0x63, 0xb6, 0x23, 0xb3, 0x87, 0x8e, 0xea, 0x71, 0x36, 0x20, 0x2d, 0xe9, 
  0xe4, 0xff, 0x4f, 0xc2, 0x4f, 0x89, 0x74, 0x79, 0x8b, 0x68, 0x55, 0x91, 0x7b, 0xa5, 0x07, 0xea, 
  0x7b, 0x4e, 0xff, 0x71, 0xf7, 0x4d, 0x45, 0x6f, 0x10, 0xbf, 0x6a, 0x20, 0x43, 0xa5, 0xe7, 0xc3, 
  0x0e, 0x58, 0x9c, 0x1a, 0x9a, 0x40, 0xd2, 0x25, 0x1f, 0xa4, 0x37, 0x62, 0x78, 0xc0, 0xb8, 0xea, 
  0x70, 0xbe, 0xa9, 0x0a, 0x2a, 0xc9, 0xb2, 0x06, 0xb8, 0x86, 0x98, 0x38, 0xd7, 0x96, 0x00, 0x56, 
  0xb0, 0x6b, 0x82, 0x57, 0xd3, 0x84, 0x8a, 0x27, 0x67, 0xd5, 0x25, 0x87, 0xf9, 0xfc, 0xe1, 0x41, 
  0xd1, 0xfa, 0x80, 0xa1, 0x90, 0x15, 0x90, 0x4f, 0x08, 0x68, 0x84, 0xd6, 0x66, 0x5d, 0x62, 0x71, 
  0x4d, 0xde, 0x8b, 0x73, 0x16, 0x10, 0xa7, 0x8b, 0x9d, 0x0b, 0xf9, 0x22, 0x66, 0x58, 0x08, 0xaf, 
  0x91, 0xf9, 0xd9, 0xda, 0xe4, 0x4f, 0x36, 0x79, 0xa3, 0x36, 0x28, 0xf2, 0x05, 0xf9, 0xf9, 0x40, 
  0x12, 0x1b, 0xfe, 0xa5, 0xc2, 0xd3, 0xb0, 0xae, 0x22, 0xb6, 0xf6, 0x15, 0x45, 0x0d, 0x17, 0x84, 
  0x9c, 0x01, 0xe3, 0xce, 0xbb, 0x97, 0xeb, 0x6a, 0x25, 0x41, 0x0c, 0x16, 0x45, 0xf3, 0xa9, 0x2f, 
  0x13, 0x8d, 0x0b, 0x13, 0x69, 0x7d, 0xd5, 0x1c, 0x0c, 0x17, 0x1e, 0xfb, 0xba, 0x80, 0xe0, 0x30, 
  0x7e, 0xe1, 0x9d, 0x08, 0xd7, 0xbe, 0xa0, 0xda, 0x79, 0xad, 0x67, 0xce, 0x88, 0x6d, 0x73, 0xda, 
  0x6d, 0x88, 0xd8, 0x5a, 0x1b, 0x24, 0xbc, 0x5a, 0x45, 0x63, 0x1d, 0xa4, 0x63, 0xe8, 0xde, 0x54, 
  0xda, 0x39, 0xa1, 0xc5, 0xa0, 0x48, 0x5e, 0x27, 0xfe, 0x8f, 0xe9, 0xe8, 0x50, 0xc7, 0xbc, 0xd4, 
  0x4e, 0xc9, 0x31, 0x4a, 0x0a, 0xaf, 0x58, 0xf9, 0x86, 0x6e, 0x76, 0xb6, 0xde, 0x82, 0x38, 0xcc, 
  0x2e, 0x57, 0xcf, 0x55, 0x30, 0x8f, 0x23, 0x58, 0xbd, 0xcc, 0xe4, 0x7b, 0xaa, 0x6c, 0xc1, 0xcc, 
  0x45, 0xe6, 0x5d, 0x67, 0x13, 0x08, 0x48, 0xf4, 0xdc, 0xbf, 0xc6, 0x05, 0x84, 0xd7, 0xd0, 0xe8, 
  0x7a, 0xd9, 0x76, 0xd3, 0x51, 0xd5, 0x9e, 0xa9, 0xdb, 0xcb, 0x54, 0x6e, 0x95, 0x50, 0x99, 0x77, 
  0x59, 0x8b, 0xb6, 0x1b, 0x66, 0x96, 0x50, 0xe7, 0x1d, 0x08, 0xe5, 0x08, 0x4e, 0x51, 0xb3, 0x0c, 
  0xa2, 0x59, 0x57, 0x3a, 0xbf, 0x95, 0xaa, 0x45, 0x55, 0xe7, 0x76, 0x8a, 0xec, 0x89, 0xb1, 0xd5, 
  0xce, 0x16, 0x12, 0x4d, 0xd3, 0xfc, 0x3a, 0xaf, 0xa1, 0x1c, 0xad, 0x74, 0x0d, 0xf3, 0x58, 0x7e, 
  0x99, 0xcf, 0x5d, 0xe7, 0x91, 0xd3, 0x49, 0x35, 0x4c, 0x83, 0xf6, 0xc3, 0xb9, 0x75, 0x16, 0x85, 
  0xdc, 0xbf, 0xb7, 0xac, 0xab, 0x91, 0x85, 0x12, 0x5c, 0xfa, 0xec, 0x65, 0xad, 0xa3, 0xc1, 0x87, 
  0xa3, 0x30, 0xe3, 0xfa, 0x81, 0xb2, 0xb0, 0xde, 0xe3, 0xcb, 0xd2, 0xf4, 0x0e, 0x40, 0x5e, 0x7c, 
  0x9f, 0xf2, 0xd3, 0xfd, 0xd2, 0x14, 0xa9, 0xb1, 0xfe, 0x04, 0x50, 0xae, 0x02, 0x02, 0xae, 0xa8, 
  0x53, 0x7d, 0xee, 0x18, 0x9e, 0xdf, 0x8c, 0xaf, 0x6f, 0x19, 0x31, 0xfb, 0xa2, 0x1e, 0xd8, 0xae, 
  0x2c, 0xab, 0x34, 0x72, 0x54, 0x46, 0xe1, 0xdc, 0x38, 0x3a, 0xd6, 0x05, 0xc0, 0xdd, 0xd9, 0xd5, 
  0x8a, 0xa2, 0x4a, 0x93, 0xac, 0x81, 0x00, 0x56, 0xda, 0xbe, 0x0d, 0xe7, 0x52, 0x2e, 0xb5, 0xa4, 
  0x70, 0xc8, 0x60, 0x56, 0x24, 0xe3, 0x8c, 0x3e, 0x31, 0xd2, 0x7f, 0x7d, 0xc6, 0x67, 0x75, 0x9c, 
  0x19, 0x27, 0x5f, 0xe3, 0x34, 0x3d, 0x34, 0x05, 0xc9, 0xf9, 0x33, 0x1f, 0xa8, 0x62, 0x71, 0x9c, 
  0x98, 0xc5, 0xee, 0x92, 0x29, 0xfd, 0x7b, 0x5b, 0x6d, 0x9d, 0x75, 0x36, 0x03, 0x0c, 0x40, 0x28, 
  0x5f, 0xe6, 0x5d, 0x8a, 0x57, 0x5a, 0xae, 0xe4, 0x60, 0xd6, 0x8f, 0x05, 0x60, 0x65, 0xf7, 0x80, 
  0xc5, 0xba, 0x03, 0xce, 0x41, 0x1e, 0x6b, 0x00, 0xb9, 0xb0, 0x21, 0x4b, 0xdc, 0x92, 0x36, 0xb4, 
  0x73, 0x62, 0x9b, 0x7d, 0xc1, 0xe6, 0x3d, 0x07, 0x1a, 0xee, 0xf8, 0xcc, 0xbc, 0xf1, 0x52, 0x85, 
  0x15, 0x3e, 0x6d, 0x10, 0x5a, 0x84, 0x43, 0xfc, 0xb2, 0x96, 0x0c, 0x7b, 0x9a, 0xa3, 0x9c, 0x3c, 
  0xa1, 0x25, 0xf7, 0x93, 0x42, 0xbd, 0x06, 0x28, 0xd2, 0x38, 0xef, 0x15, 0x47, 0x6b, 0xb9, 0x58, 
  0xe3, 0x24, 0x34, 0x2e, 0xce, 0xcc, 0xb1, 0x54, 0xa2, 0xd3, 0x90, 0x47, 0x9f, 0xf2, 0x6b, 0x12, 
  0x64, 0xd0, 0x8f, 0xe3, 0x50, 0xe4, 0xd8, 0xe6, 0x1c, 0xf4, 0x14, 0x63, 0x36, 0x6b, 0x7e, 0xd1, 
  0xf5, 0x10, 0x74, 0x73, 0x90, 0xde, 0xc1, 0xc5, 0xb2, 0x55, 0x4c, 0x1b, 0xe2, 0xd5, 0x12, 0xa8, 
  0x7b, 0xd7, 0xd1, 0x4f, 0x63, 0xd9, 0x06, 0x6f, 0x18, 0xf6, 0x51, 0x28, 0x01, 0xd5, 0xa9, 0xf1, 
  0xae, 0x81, 0x1b, 0x41, 0x69, 0x0d, 0x48, 0xaa, 0x86, 0xbd, 0x64, 0x67, 0x3d, 0xdb, 0x3d, 0x97, 
  0x33, 0xd3, 0x6c, 0xf3, 0x45, 0xe8, 0x15, 0x62, 0xc8, 0x75, 0x46, 0xbc, 0xc6, 0xc8, 0xb3, 0x6a, 
  0x61, 0xbe, 0x50, 0x42, 0xcf, 0x08, 0x50, 0x49, 0x54, 0xd1, 0x5e, 0x58, 0x09, 0x91, 0x96, 0x9f, 
  0xed, 0x1a, 0xe6, 0xfa, 0x8b, 0x91, 0x47, 0x79, 0x8f, 0x5d, 0x6d, 0x6f, 0x70, 0x9e, 0x0f, 0x75, 
  0x77, 0xde, 0x70, 0x7c, 0xb4, 0xbd, 0x59, 0xdb, 0xa5, 0x23, 0x3a, 0x36, 0x8f, 0x1a, 0x2a, 0x06, 
  0x32, 0x90, 0xf0, 0x21, 0x77, 0xfd, 0xf8, 0xee, 0x04, 0xb0, 0xd8, 0xc6, 0x9a, 0x25, 0x13, 0x5b, 
  0xd0, 0x1c, 0x32, 0xf1, 0x3a, 0xa6, 0xcc, 0xfd, 0xae, 0xb3, 0xd7, 0x57, 0x3d, 0x37, 0xd2, 0xd0, 
  0xf0, 0x21, 0x6c, 0xd5, 0x90, 0xdf, 0x1d, 0x69, 0x14, 0x23, 0x53, 0xb2, 0x5e, 0x53, 0xc3, 0x33, 
  0xcd, 0x78, 0x89, 0x2c, 0xd4, 0x1c, 0x94, 0xb6, 0x5b, 0xfd, 0x82, 0x54, 0xb0, 0xba, 0xba, 0x91, 
  0xe7, 0xcc, 0x06, 0xf5, 0x90, 0x7b, 0x95, 0xcf, 0x45, 0xdb, 0x73, 0x7c, 0x4d, 0xd3, 0xe5, 0xa4, 
  0x1c, 0x24, 0x1d, 0x77, 0x79, 0x1b, 0xcc, 0xbe, 0xcd, 0xa0, 0x03, 0xfd, 0x4c, 0x11, 0x0d, 0x22, 
  0x48, 0x97, 0x97, 0x2b, 0x37, 0x1c, 0xf1, 0x80, 0x14, 0x7a, 0xae, 0x96, 0xa1, 0x98, 0x89, 0x97, 
  0x67, 0x59, 0x24, 0x10, 0xc0, 0x87, 0x39, 0xf9, 0x18, 0x26, 0xe3, 0xfe, 0xd2, 0x59, 0x53, 0xb9, 
  0xdf, 0x46, 0xf5, 0x38, 0xf8, 0xc5, 0x9c, 0x2a, 0x25, 0xa4, 0xf9, 0x57, 0xe1, 0x2f, 0x37, 0x94, 
  0x4e, 0x27, 0xdf, 0x98, 0x91, 0x95, 0xd3, 0x50, 0xfc, 0xac, 0x81, 0xcb, 0x03, 0x45, 0xd6, 0x25, 
  0x4b, 0x49, 0xdc, 0xb4, 0x39, 0x7c, 0x91, 0x2b, 0x7e, 0xb2, 0x19, 0x7e, 0x63, 0x8b, 0xfa, 0xb1, 
  0x92, 0x19, 0x60, 0x7b, 0xa4, 0xff, 0xba, 0x1e, 0x3f, 0xa6, 0x8b, 0x73, 0xfb, 0x55, 0x97, 0x8d, 
  0xb6, 0x6c, 0x2c, 0x60, 0xb6, 0x3f, 0xd1, 0x86, 0x19, 0x4b, 0xc9, 0xd2, 0xbb, 0xae, 0xa3, 0xf5, 
  0xd7, 0x62, 0x0f, 0x6f, 0x65, 0x90, 0x0d, 0x0d, 0xf3, 0x38, 0x30, 0x81, 0xa5, 0x69, 0xd8, 0x4b, 
  0xa5, 0x40, 0xb5, 0x0c, 0x35, 0x5c, 0xf9, 0x72, 0xb4, 0x27, 0x7c, 0xf9, 0x4e, 0x3b, 0xfe, 0xbd, 
  0xef, 0x3d, 0xf8, 0xb2, 0xca, 0x37, 0x86, 0x87, 0xb7, 0x09, 0xaf, 0x82, 0xf4, 0x6b, 0xf5, 0x08, 
  0xc6, 0x47, 0x9a, 0x29, 0x5f, 0xd3, 0xd7, 0x8e, 0x05, 0xaf, 0x29, 0x67, 0xa8, 0xb3, 0x8a, 0x4e, 
  0x4a, 0x1f, 0xce, 0x82, 0x9d, 0x0a, 0xe1, 0xa3, 0xd1, 0x1f, 0xdb, 0xee, 0xc1, 0x41, 0x1c, 0x52, 
  0xc0, 0xe4, 0xdd, 0xbc, 0x7c, 0x41, 0x47, 0x42, 0xc4, 0xac, 0x83, 0x1f, 0xe8, 0x1e, 0x05, 0xac, 
  0xb3, 0xe6, 0x8b, 0x68, 0x06, 0x8f, 0xb9, 0x2e, 0x15, 0x94, 0x50, 0xaf, 0xa7, 0xbc, 0x43, 0x45, 
  0x22, 0x63, 0xe1, 0xa2, 0x4e, 0xd1, 0xd9, 0xb3, 0xc3, 0x2a, 0xfb, 0x00, 0xda, 0xc8, 0x14, 0xb4, 
  0x1e, 0x8f, 0xed, 0x2a, 0x2f, 0xda, 0xba, 0x00, 0xe4, 0x42, 0xb9, 0x44, 0xc7, 0x8f, 0x72, 0xaa, 
  0x7d, 0x9a, 0x8c, 0xc6, 0x0d, 0x77, 0x31, 0x6a, 0x7a, 0xe9, 0x17, 0x6d, 0xfb, 0xfe, 0x9b, 0xbf, 
  0x47, 0x35, 0x32, 0x2d, 0xde, 0xee, 0xba, 0x77, 0x13, 0xbd, 0xe4, 0xce, 0x87, 0xb6, 0xc6, 0xf6, 
  0x04, 0xae, 0x42, 0xbc, 0xd7, 0xe0, 0x7a, 0x4f, 0x92, 0xc9, 0xff, 0xf2, 0xa3, 0x0f, 0x9a, 0xb7, 
  0xdf, 0x7a, 0x73, 0xf6, 0xd6, 0x0f, 0xcc, 0x26, 0xe5, 0xc1, 0x5b, 0x0f, 0x93, 0x7f, 0xbd, 0xfd, 
  0xa6, 0x7d, 0xd1, 0xbd, 0xf4, 0xdb, 0xdf, 0x99, 0x7d, 0xfb, 0x6d, 0x78, 0xf1, 0x86, 0xf9, 0x24, 
  0x9a, 0xe7, 0x59, 0xa0, 0xa5, 0xae, 0xb1, 0x72, 0x23, 0x04, 0x8a, 0x69, 0x16, 0xcb, 0x6e, 0x87, 
  0xb2, 0x79, 0x81, 0x58, 0xe1, 0xab, 0x81, 0x3c, 0x54, 0x83, 0xe2, 0x4e, 0xef, 0xdc, 0x1b, 0xd5, 
  0xed, 0xfd, 0xd9, 0xb3, 0x76, 0x8c, 0xa1, 0xfb, 0x15, 0x9d, 0x16, 0xbe, 0x6a, 0xe9, 0x4d, 0x5f, 
  0x86, 0x95, 0x10, 0x54, 0x6f, 0x9d, 0x72, 0x64, 0x4d, 0xe9, 0xf7, 0x6d, 0x73, 0x30, 0x49, 0x55, 
  0x7f, 0x6c, 0xde, 0xab, 0x1a, 0x7c, 0xbd, 0xcd, 0x2b, 0xa8, 0xa2, 0x26, 0xcb, 0x35, 0xf7, 0x1c, 
  0x2e, 0x1c, 0x77, 0xd4, 0x35, 0x20, 0x20, 0xe5, 0x00, 0x75, 0x7b, 0x41, 0x5d, 0xe5, 0x95, 0xc7, 
  0x12, 0xe1, 0x39, 0x9f, 0x7a, 0xaf, 0xfb, 0x77, 0x9a, 0xf5, 0xc4, 0x7a, 0xe5, 0xee, 0xaf, 0xda, 
  0x02, 0x07, 0xe8, 0xdd, 0x85, 0xbc, 0xa5, 0xc8, 0x51, 0xb8, 0x4d, 0x00, 0xd4, 0x21, 0xb7, 0xd7, 
  0x30, 0xb0, 0xc1, 0xcd, 0x31, 0x3a, 0x42, 0xa2, 0x7f, 0x30, 0xce, 0xe2, 0x88, 0xc5, 0x73, 0xb0, 
  0x52, 0x8e, 0xde, 0x32, 0x18, 0x25, 0xb1, 0x42, 0xdf, 0x55, 0xa8, 0xd2, 0x17, 0x2f, 0x67, 0xaa, 
  0xa6, 0xb5, 0x53, 0x43, 0x0f, 0x72, 0x3b, 0x75, 0x37, 0x02, 0xfa, 0x58, 0xde, 0xe3, 0xa3, 0x73, 
  0x2f, 0xdf, 0xa5, 0x68, 0x58, 0x31, 0xea, 0xf5, 0x75, 0xe7, 0xbe, 0x2c, 0x4d, 0xe9, 0x15, 0x2d, 
  0x0d, 0xf4, 0xfd, 0x12, 0x5a, 0x12, 0x50, 0xa1, 0x4a, 0xee, 0xc3, 0xec, 0xcd, 0x53, 0x12, 0x15, 
  0xa9, 0x89, 0xed, 0xfb, 0xf1, 0x7d, 0xae, 0x40, 0x26, 0x70, 0xe2, 0x54, 0x1d, 0x76, 0xf4, 0xe7, 
  0x12, 0x9f, 0x4c, 0x8d, 0x73, 0xc1, 0x07, 0x0c, 0x35, 0xdb, 0x17, 0x41, 0x7a, 0x23, 0xa3, 0xb5, 
  0x53, 0x30, 0x6b, 0xfa, 0x7f, 0xa7, 0x42, 0x5a, 0x35, 0xe1, 0xb8, 0xd7, 0xde, 0x3a, 0x33, 0x17, 
  0xbe, 0xfa, 0xfb, 0x51, 0x7f, 0xcc, 0xc1, 0xa2, 0xeb, 0x8b, 0x73, 0x71, 0x8f, 0x1a, 0x02, 0x9e, 
  0xc3, 0x57, 0xb8, 0x03, 0x8c, 0x72, 0x41, 0x96, 0x35, 0x39, 0xd0, 0x5a, 0xbd, 0x76, 0x2d, 0x70, 
  0x6c, 0x1f, 0xa6, 0xc5, 0xc9, 0x01, 0xa6, 0xf1, 0xf3, 0x16, 0x16, 0xf1, 0x6d, 0x1a, 0xbf, 0xea, 
  0x32, 0x6f, 0xc7, 0x8e, 0xaf, 0xda, 0x14, 0xee, 0x39, 0xe7, 0xed, 0x2f, 0x86, 0x70, 0x9b, 0xb2, 
  0xe4, 0xcd, 0x8a, 0x61, 0xa0, 0x4d, 0x22, 0xff, 0xf3, 0x56, 0xca, 0x87, 0xed, 0x31, 0x75, 0x27, 
  0x07, 0xa8, 0xaa, 0x1a, 0xfb, 0x78, 0x3d, 0x6f, 0x4d, 0x49, 0xb5, 0x41, 0xc8, 0xe2, 0xfb, 0x93, 
  0xc3, 0xa0, 0x69, 0x6c, 0x95, 0x2a, 0xd8, 0x26, 0x3c, 0xcb, 0xac, 0x08, 0x99, 0x97, 0xec, 0x19, 
  0xed, 0x0b, 0x7b, 0xde, 0x1a, 0x19, 0x1e, 0xdc, 0xe9, 0xe6, 0x32, 0x2a, 0x57, 0x41, 0x86, 0x68, 
  0xda, 0x84, 0xf3, 0x27, 0x86, 0xb2, 0xf7, 0xa6, 0xe3, 0xf8, 0xe9, 0x03, 0x37, 0xd4, 0x3a, 0x86, 
  0x50, 0xd9, 0x12, 0x47, 0x50, 0xc2, 0x9b, 0x0d, 0xeb, 0x82, 0x84, 0xa3, 0x98, 0xd2, 0x94, 0xaf, 
  0x4d, 0x7e, 0xb8, 0x8b, 0x77, 0xdd, 0xfd, 0xb3, 0x4d, 0x43, 0xcb, 0xf0, 0x68, 0x31, 0x5f, 0x3f, 
  0x97, 0xfd, 0xa7, 0xef, 0x88, 0xc8, 0x50, 0xaa, 0x5c, 0x07, 0x10, 0x75, 0xbb, 0xc6, 0x6f, 0x36, 
  0x2f, 0xaf, 0x3a, 0xbc, 0x97, 0xdd, 0x18, 0x8c, 0xb7, 0x71, 0xd6, 0x8c, 0x9e, 0xd6, 0xa1, 0x62, 
  0xcd, 0x3e, 0x06, 0xc7, 0x1b, 0xbd, 0xf6, 0x47, 0x03, 0x89, 0x06, 0xd4, 0xa8, 0xda, 0x77, 0x2c, 
  0xb4, 0x1c, 0x0c, 0xd0, 0x94, 0x3b, 0x70, 0xf6, 0x17, 0xa3, 0x2b, 0xa3, 0x74, 0x8b, 0x35, 0x3f, 
  0x3c, 0x52, 0x9c, 0x31, 0x85, 0x66, 0xd7, 0xcf, 0x95, 0x40, 0x80, 0x52, 0x5d, 0x87, 0x47, 0xfb, 
  0x66, 0xd1, 0x05, 0xba, 0x5e, 0x5c, 0xad, 0xac, 0x17, 0xae, 0xd8, 0x88, 0x60, 0xa4, 0xea, 0xf1, 
  0xdf, 0xf6, 0x53, 0x35, 0x8a, 0xcd, 0x0e, 0x08, 0xe7, 0x9e, 0x2d, 0x1d, 0x7f, 0xa0, 0x05, 0x65, 
  0x0a, 0x46, 0x54, 0x23, 0xeb, 0x03, 0x10, 0x89, 0x7c, 0xcc, 0x57, 0x75, 0xfa, 0x47, 0x9d, 0x78, 
  0x7a, 0x6b, 0xe4, 0x7c, 0x34, 0xb6, 0xd6, 0x75, 0x8c, 0xa8, 0x8b, 0xed, 0x91, 0x18, 0x2f, 0xc3, 
  0x6b, 0xd4, 0x79, 0x18, 0xeb, 0x6e, 0xf2, 0x45, 0xad, 0xb3, 0xf0, 0x57, 0x5a, 0x76, 0x76, 0x48, 
  0x04, 0xd2, 0x07, 0x1f, 0xb0, 0x5c, 0x02, 0x62, 0x81, 0x0b, 0x45, 0x10, 0x79, 0xf8, 0x7c, 0xdd, 
  0xf0, 0xbd, 0x14, 0xa8, 0xbd, 0xc4, 0xea, 0x8b, 0x81, 0x92, 0xfd, 0xa1, 0x35, 0x68, 0x75, 0x7e, 
  0xb9, 0xc5, 0x9c, 0x34, 0x39, 0x2a, 0x60, 0xdc, 0x88, 0xd1, 0x36, 0x16, 0xfe, 0xaa, 0xd8, 0xd3, 
  0xdc, 0xc2, 0x79, 0xfb, 0x61, 0x6e, 0xea, 0x03, 0xeb, 0x46, 0xd4, 0xf4, 0xb0, 0x82, 0xa7, 0xef, 
  0xc9, 0x79, 0xeb, 0xae, 0x27, 0x03, 0xcc, 0xa7, 0x57, 0x0f, 0x9d, 0x46, 0x16, 0x71, 0xbf, 0xc5, 
  0x44, 0x35, 0x8a, 0x0b, 0x28, 0x1f, 0x8e, 0x3c, 0xe6, 0x1e, 0x76, 0x66, 0x24, 0xd2, 0x71, 0xe4, 
  0x46, 0xff, 0x90, 0x3c, 0xec, 0xec, 0x51, 0x32, 0xa6, 0x9f, 0x10, 0x64, 0x14, 0x22, 0x91, 0x17, 
  0x38, 0xf0, 0x14, 0x36, 0x6f, 0x79, 0x32, 0xd5, 0xa3, 0x64, 0xd6, 0x67, 0xb7, 0x22, 0xaa, 0x61, 
  0x21, 0x82, 0xb3, 0xfe, 0x75, 0x19, 0xae, 0x5f, 0xd5, 0xea, 0x69, 0x86, 0x7f, 0xce, 0x4f, 0x0e, 
  0x4b, 0x79, 0xeb, 0xb7, 0x72, 0x15, 0x6c, 0x93, 0x2c, 0x05, 0x6c, 0xb0, 0x19, 0xfa, 0x1f, 0xc5, 
  0x91, 0x86, 0x81, 0x5c, 0x90, 0x33, 0x6f, 0x1f, 0x5b, 0x56, 0x47, 0x48, 0xfe, 0x1d, 0x29, 0x03, 
  0x22, 0x5a, 0xec, 0xb9, 0xb5, 0x97, 0x50, 0x34, 0x03, 0xe0, 0xea, 0xb9, 0x95, 0xe2, 0xeb, 0xd0, 
  0x19, 0xd6, 0xcc, 0xb1, 0x50, 0x23, 0x45, 0xfe, 0x2a, 0xf2, 0xf9, 0x59, 0xaa, 0x6a, 0x5f, 0xfc, 
  0x64, 0x56, 0x94, 0x4c, 0xb4, 0x4f, 0x83, 0x5c, 0x47, 0xfe, 0xc7, 0xb4, 0x39, 0x39, 0x58, 0xe3, 
  0x4d, 0x97, 0x01, 0x0d, 0xc7, 0x7f, 0x9b, 0xf6, 0xa6, 0x9a, 0xe9, 0x11, 0x9f, 0x23, 0x80, 0x18, 
  0xf3, 0xd9, 0xb1, 0xcd, 0x71, 0x5f, 0x79, 0x90, 0x70, 0x97, 0xd7, 0x57, 0x19, 0xd0, 0x43, 0x88, 
  0x33, 0xeb, 0x1d, 0x8f, 0xf9, 0x21, 0xfe, 0x41, 0x12, 0xa0, 0x9d, 0xe6, 0x31, 0x9f, 0x31, 0x84, 
  0x38, 0x6b, 0x8a, 0xc7, 0xf8, 0xbf, 0xb5, 0xe1, 0xfa, 0xe4, 0x20, 0x9c, 0x58, 0x8d, 0xab, 0x1c, 
  0x1e, 0xe5, 0xd5, 0x2f, 0x67, 0x42, 0x79, 0x17, 0xe4, 0x33, 0x81, 0x95, 0xc4, 0xc0, 0x10, 0x23, 
  0x47, 0x49, 0xfd, 0x90, 0xd4, 0x30, 0x2b, 0x96, 0x6c, 0x66, 0x16, 0xac, 0x32, 0x06, 0xc6, 0xb5, 
  0xc8, 0xed, 0x82, 0xd1, 0x2a, 0xfc, 0x87, 0x5b, 0x2e, 0x93, 0x02, 0xd4, 0x90, 0xf2, 0xd7, 0x6a, 
  0x0d, 0xcb, 0xa1, 0x97, 0x41, 0x8b, 0x3a, 0x56, 0xdd, 0x68, 0x06, 0x5a, 0x99, 0xc6, 0x35, 0xb7, 
  0x89, 0x37, 0xb3, 0x7a, 0x0a, 0xcf, 0xe2, 0xf9, 0x14, 0xaf, 0x92, 0xb1, 0x07, 0xb1, 0xe0, 0xf7, 
  0x4a, 0x2f, 0x7d, 0x95, 0x3f, 0x1e, 0xe2, 0xdb, 0x44, 0xdf, 0x1b, 0x98, 0x02, 0xfc, 0xab, 0x5c, 
  0x60, 0x60, 0x2b, 0x73, 0xb9, 0x1c, 0x22, 0xdc, 0xde, 0xd1, 0xf7, 0x0d, 0x23, 0x42, 0xb9, 0x90, 
  0x86, 0x71, 0x06, 0x99, 0x63, 0x4e, 0xcd, 0x4b, 0x8b, 0x9d, 0x87, 0x48, 0xca, 0xbc, 0x10, 0xc1, 
  0xb6, 0xc9, 0xf6, 0x37, 0x4f, 0x26, 0xd1, 0xf4, 0xd8, 0x4a, 0x66, 0xeb, 0x65, 0xbf, 0xfd, 0x18, 
  0x4a, 0x0d, 0x69, 0xae, 0x2c, 0x6d, 0x9c, 0x14, 0x4d, 0xd2, 0xb6, 0x24, 0x94, 0x3b, 0x73, 0x88, 
  0xe6, 0x64, 0xac, 0x45, 0x5b, 0x7f, 0x43, 0x43, 0xf8, 0x9b, 0x4e, 0xa5, 0xe4, 0x18, 0xeb, 0xa2, 
  0xdb, 0x15, 0x1c, 0x43, 0x56, 0xeb, 0x59, 0x38, 0x77, 0xcc, 0xc3, 0xed, 0x55, 0x36, 0x38, 0x88, 
  0x72, 0x0c, 0xff, 0x9d, 0xd2, 0xcd, 0xdc, 0xbc, 0x85, 0x2f, 0xb6, 0x37, 0x1a, 0xba, 0x4c, 0xa3, 
  0xab, 0xb7, 0x09, 0x38, 0x55, 0xc6, 0x93, 0x5b, 0xed, 0xb3, 0x8d, 0x2b, 0x25, 0xb2, 0xc1, 0xc3, 
  0x8f, 0x63, 0x10, 0xf7, 0x6c, 0xf6, 0x19, 0xbf, 0xee, 0x25, 0xb3, 0x48, 0x76, 0x51, 0x8d, 0x0f, 
  0xce, 0x3d, 0xea, 0xa0, 0x2f, 0xac, 0xf3, 0x05, 0x1d, 0x92, 0x47, 0x31, 0xb0, 0xc6, 0x9b, 0xb7, 
  0xf4, 0xc7, 0x9a, 0x65, 0x39, 0xe3, 0xc4, 0x5c, 0x41, 0x4e, 0x6c, 0x16, 0xb4, 0x42, 0xd9, 0x2f, 
  0x76, 0xa2, 0x89, 0x5e, 0xe9, 0xa8, 0x69, 0x78, 0x15, 0x6f, 0xde, 0xfa, 0xbb, 0x84, 0xd9, 0x59, 
  0xc3, 0x38, 0x2d, 0x17, 0xf9, 0x63, 0x37, 0xa8, 0x23, 0x00, 0xda, 0xea, 0xea, 0xa3, 0x9e, 0x0b, 
  0x6c, 0x87, 0x1d, 0x11, 0xab, 0x5c, 0x85, 0xde, 0x0b, 0x96, 0x00, 0x41, 0x69, 0xe2, 0x1e, 0x3e, 
  0x7f, 0xab, 0x4c, 0xf4, 0xe5, 0x8d, 0x3b, 0x16, 0x08, 0x2c, 0xb1, 0x37, 0x63, 0xe9, 0x21, 0xbf, 
  0xb4, 0xaa, 0xe2, 0x31, 0x4c, 0x2d, 0xa4, 0x18, 0x80, 0xba, 0x5e, 0x1f, 0x2c, 0xba, 0x93, 0x15, 
  0xb2, 0x1e, 0x1e, 0x9a, 0xb9, 0x07, 0x7c, 0x73, 0xdf, 0x09, 0xa9, 0xc0, 0xfd, 0x84, 0xf8, 0x7a, 
  0x19, 0xd4, 0x9e, 0x4c, 0x78, 0x02, 0x67, 0x71, 0xc2, 0x85, 0xba, 0xa6, 0xe1, 0xb4, 0xec, 0xf8, 
  0x0c, 0xfc, 0xc5, 0xfa, 0x79, 0xe1, 0x83, 0xc6, 0x66, 0x50, 0x86, 0x72, 0xa2, 0xf4, 0xd8, 0x4f, 
  0xa7, 0x7c, 0xe6, 0xfb, 0xb4, 0x40, 0x33, 0x1f, 0xdf, 0x4b, 0xca, 0xc5, 0xc2, 0xd2, 0xec, 0x2e, 
  0x2c, 0x52, 0x59, 0xb5, 0x8a, 0x6b, 0x1e, 0x18, 0x87, 0x85, 0x55, 0xa2, 0xfd, 0xfa, 0x50, 0xa5, 
  0x08, 0x89, 0xf9, 0xff, 0x28, 0x32, 0xb7, 0x5e, 0xbd, 0x1b, 0xa5, 0x09, 0xc9, 0x0a, 0xc7, 0x56, 
  0xa9, 0xe5, 0x96, 0x2c, 0x37, 0xe3, 0x18, 0x8a, 0xbe, 0xb3, 0xaa, 0x8d, 0x55, 0x42, 0x4c, 0xef, 
  0x8a, 0x12, 0x20, 0x96, 0x78, 0x8e, 0x1f, 0xb0, 0x94, 0x35, 0x5b, 0xc1, 0x9c, 0xc4, 0x0b, 0x2e, 
  0x60, 0x11, 0x6b, 0x14, 0xc2, 0x0d, 0xc2, 0x43, 0x62, 0xb7, 0x53, 0x9a, 0x05, 0x47, 0x49, 0xab, 
  0x7d, 0x24, 0x6b, 0xfa, 0x1c, 0xe8, 0x73, 0x07, 0xa2, 0xe5, 0x62, 0xc1, 0x85, 0xf8, 0x77, 0x50, 
  0xcb, 0x70, 0x05, 0x60, 0x2b, 0xdc, 0x0a, 0x70, 0x37, 0x01, 0x2e, 0x0e, 0xe5, 0xbb, 0xe5, 0x42, 
  0xe3, 0xa3, 0xd7, 0xa9, 0x42, 0xb6, 0xe6, 0x4c, 0x52, 0x08, 0xab, 0xdc, 0x1f, 0x0d, 0x40, 0x5d, 
  0x17, 0x25, 0xdf, 0x85, 0xbb, 0xfe, 0x99, 0x1c, 0x90, 0x90, 0x65, 0x96, 0x1c, 0x81, 0x86, 0xff, 
  0xc0, 0x9b, 0x3d, 0x8d, 0x91, 0xc0, 0x03, 0xc2, 0x90, 0xc8, 0x35, 0x00, 0xe5, 0x90, 0x40, 0xfa, 
  0x19, 0x54, 0x31, 0x72, 0x36, 0x38, 0xec, 0xfd, 0xd9, 0x6c, 0x1c, 0x6a, 0xfc, 0x6e, 0xab, 0x59, 
  0xde, 0x6d, 0x17, 0x66, 0x3d, 0x27, 0xda, 0x92, 0x50, 0xef, 0x79, 0xe9, 0x7a, 0x80, 0x42, 0xbe, 
  0x1e, 0x98, 0xaf, 0x76, 0x5f, 0x12, 0x1e, 0x03, 0xbc, 0x46, 0x34, 0x4e, 0x50, 0xda, 0x0b, 0xfd, 
  0x6e, 0x75, 0x4e, 0xd5, 0x14, 0x62, 0x7f, 0xa4, 0x61, 0xe8, 0xc3, 0x21, 0x01, 0xf4, 0x7b, 0x56, 
  0x9b, 0xc5, 0x0e, 0x02, 0xca, 0x7a, 0xfe, 0xdc, 0x5a, 0x5c, 0xd4, 0x0f, 0xb1, 0x93, 0xb3, 0x9c, 
  0xb5, 0xcc, 0x81, 0x4f, 0xf1, 0x3f, 0x09, 0x48, 0x0f, 0xf3, 0xce, 0x13, 0x3d, 0x40, 0xb0, 0xb1, 
  0xa0, 0xb6, 0x4d, 0x49, 0xd1, 0xcc, 0x35, 0xc8, 0x8e, 0x74, 0x51, 0xa9, 0xf1, 0x5e, 0x16, 0x50, 
  0xc9, 0x76, 0x55, 0x44, 0x6b, 0x01, 0x72, 0xe9, 0x14, 0xd1, 0xa4, 0x6a, 0x46, 0xc1, 0xfc, 0x5f, 
  0x49, 0xc2, 0x67, 0xf3, 0xd6, 0xde, 0xcd, 0x52, 0x64, 0x60, 0x2d, 0x6b, 0x3f, 0xfe, 0x98, 0x00, 
  0x49, 0x8a, 0x48, 0x3f, 0xc4, 0x29, 0x16, 0xa7, 0x14, 0x08, 0x25, 0x95, 0x04, 0xd7, 0xcf, 0x65, 
  0x1a, 0x2c, 0xa3, 0xc0, 0x84, 0xdc, 0x28, 0x82, 0x2e, 0x08, 0x6c, 0x1d, 0xfb, 0x7f, 0xc5, 0x2f, 
  0xe9, 0x48, 0x81, 0x3b, 0x12, 0x65, 0x80, 0xbe, 0x23, 0xf9, 0x40, 0xfc, 0x8f, 0xea, 0xc5, 0xa9, 
  0x1b, 0xce, 0x21, 0xc9, 0x59, 0x5a, 0x3a, 0x9f, 0xab, 0xc7, 0x1d, 0xdf, 0xde, 0x4d, 0xdc, 0x2d, 
  0x61, 0x04, 0x0b, 0xdd, 0xb4, 0xd1, 0x1e, 0x5d, 0x6c, 0x8b, 0x69, 0x6c, 0x9e, 0x5d, 0x5b, 0xbe, 
  0xe5, 0x1a, 0x4a, 0x7f, 0x55, 0x15, 0x1c, 0x16, 0x6d, 0x4f, 0xff, 0xa0, 0x3d, 0x13, 0xcd, 0x5c, 
  0xda, 0x94, 0x1f, 0x61, 0xc3, 0x6e, 0x9a, 0xb7, 0x14, 0xf8, 0x39, 0x46, 0x38, 0x2a, 0x49, 0x43, 
  0x9a, 0xa3, 0x8d, 0xa3, 0xff, 0x07, 0x80, 0x74, 0xbb, 0x63, 0xc8, 0x50, 0xdc, 0x3d, 0x92, 0x71, 
  0x0e, 0xd7, 0xe5, 0xcd, 0xf6, 0x37, 0xbf, 0xfa, 0xfb, 0x40, 0xf9, 0x42, 0xb0, 0x35, 0x73, 0x75, 
  0x1f, 0x62, 0x84, 0xb7, 0x0d, 0x13, 0x10, 0xa5, 0x49, 0x83, 0x69, 0xa1, 0x7d, 0x70, 0xce, 0x9e, 
  0xb3, 0x8d, 0xc6, 0x96, 0x2f, 0x4f, 0xa8, 0x0b, 0x3c, 0x6f, 0xa1, 0x34, 0xf7, 0x06, 0x85, 0x57, 
  0x6d, 0x0a, 0x96, 0x0c, 0xe0, 0x57, 0x99, 0x13, 0xb3, 0x25, 0xc1, 0xc5, 0xe0, 0x91, 0xf8, 0x8e, 
  0x25, 0x12, 0xb1, 0xf5, 0xf2, 0x50, 0x7c, 0xb9, 0x54, 0xc7, 0x27, 0xdd, 0x9a, 0x27, 0xbe, 0xcf, 
  0x73, 0x5b, 0x0e, 0x9f, 0x6e, 0x78, 0xc9, 0x8a, 0xa9, 0xdf, 0xd8, 0x7a, 0x72, 0x15, 0x30, 0x46, 
  0x7f, 0x80, 0x20, 0x63, 0xcb, 0x65, 0x58, 0xaf, 0xc0, 0x6a, 0x81, 0xa9, 0xd5, 0xaf, 0xb5, 0xb8, 
  0x08, 0xa6, 0xde, 0x0d, 0xde, 0x8c, 0x51, 0x9d, 0xd2, 0x42, 0xc4, 0x14, 0xf2, 0x6a, 0x00, 0x4d, 
  0x89, 0xab, 0x1f, 0xd7, 0x6a, 0x41, 0x36, 0x23, 0x17, 0x27, 0x07, 0xbc, 0x37, 0x32, 0x1f, 0x49, 
  0xce, 0x16, 0xc5, 0x19, 0xde, 0xc7, 0xa7, 0x48, 0x34, 0x64, 0x1d, 0x89, 0x56, 0x00, 0x55, 0x2d, 
  0xe7, 0x07, 0xdd, 0x72, 0xe6, 0xb5, 0xef, 0xe4, 0x50, 0x88, 0x3f, 0x93, 0x61, 0x8f, 0x5b, 0x2f, 
  0xd1, 0x17, 0xf8, 0xe7, 0xb7, 0xfe, 0xbd, 0xb8, 0x52, 0x37, 0xf0, 0x64, 0x71, 0x39, 0xe4, 0x27, 
  0xf2, 0x79, 0x6b, 0x2e, 0xce, 0x06, 0x01, 0x99, 0x1b, 0x21, 0xe2, 0xe0, 0x6d, 0x73, 0xf2, 0xe2, 
  0xa2, 0xc0, 0xbe, 0x45, 0x4b, 0xbc, 0xfd, 0x43, 0x6b, 0xb0, 0x5c, 0xa7, 0xdb, 0xee, 0x02, 0x7c, 
  0x35, 0x94, 0x5f, 0x66, 0x30, 0x77, 0x66, 0x87, 0x6c, 0x1b, 0x2e, 0x9c, 0x8d, 0xe9, 0xf4, 0x7a, 
  0xe1, 0xf4, 0xcc, 0x0b, 0x68, 0x13, 0x5f, 0x79, 0x34, 0x10, 0xfc, 0xbf, 0xb2, 0x13, 0x8e, 0x99, 
  0xac, 0x13, 0xef, 0x7d, 0xf1, 0xf3, 0xcf, 0x31, 0x13, 0x70, 0xc2, 0x3c, 0x37, 0x39, 0x2a, 0xde, 
  0x92, 0xa4, 0x30, 0xea, 0xc7, 0x08, 0x37, 0x14, 0xf5, 0x15, 0x1c, 0xde, 0x7b, 0x0a, 0xb6, 0xc9, 
  0xb9, 0xfe, 0xcc, 0xa7, 0xb4, 0x09, 0xfc, 0x39, 0x59, 0x92, 0x36, 0x85, 0xdf, 0xe9, 0x38, 0x04, 
  0xe3, 0xc3, 0x6a, 0xca, 0x82, 0xc0, 0x83, 0x37, 0x45, 0x6f, 0x8d, 0x75, 0x0d, 0x5e, 0xba, 0x03, 
  0xad, 0x05, 0x97, 0x96, 0x3d, 0x3d, 0xd8, 0xe1, 0x9c, 0x81, 0x3f, 0x7b, 0xfe, 0xde, 0x9b, 0xbf, 
  0xf9, 0x35, 0x7e, 0x0f, 0x58, 0xc1, 0xc7, 0x97, 0x8e, 0xaa, 0x78, 0x53, 0xfa, 0x0d, 0x53, 0xed, 
  0x19, 0xaf, 0xe5, 0xd8, 0xe6, 0x37, 0xbf, 0x6e, 0x0e, 0xc0, 0x71, 0x28, 0xcb, 0x37, 0x05, 0x37, 
  0xeb, 0x55, 0xd4, 0x64, 0xcd, 0xc3, 0x9f, 0x3f, 0xa8, 0xef, 0x35, 0x7b, 0x48, 0xe0, 0xce, 0x57, 
  0x76, 0x5b, 0x24, 0x2c, 0xf6, 0x9e, 0xbc, 0x00, 0x3a, 0x04, 0xf7, 0xa6, 0xc6, 0xe3, 0x44, 0x85, 
  0x7a, 0x0a, 0xb7, 0x15, 0xd0, 0xbf, 0xb1, 0xf5, 0xde, 0xeb, 0xa0, 0x44, 0x1e, 0x6c, 0xe4, 0x76, 
  0xae, 0x21, 0x47, 0x46, 0xf6, 0xed, 0xab, 0xc8, 0xea, 0x3c, 0x3b, 0x26, 0x1c, 0xab, 0xfe, 0xe9, 
  0x2d, 0x34, 0xba, 0xad, 0x01, 0x17, 0xc4, 0x61, 0xf6, 0x74, 0x62, 0x63, 0xff, 0x18, 0xf6, 0xf5, 
  0x0e, 0xbb, 0x81, 0xac, 0xab, 0x0d, 0x2f, 0x03, 0x96, 0x7e, 0xd9, 0xa6, 0x4c, 0xf7, 0xad, 0x61, 
  0x0c, 0x4c, 0x49, 0x0e, 0xf2, 0x4b, 0x89, 0xf3, 0xf6, 0x4b, 0x06, 0x78, 0x28, 0xe7, 0x49, 0xdc, 
  0x56, 0xd8, 0x7a, 0xd3, 0x19, 0xf4, 0x63, 0xfc, 0x59, 0x33, 0xb2, 0x15, 0xe1, 0xfc, 0xb0, 0xef, 
  0x28, 0x35, 0xc1, 0x9f, 0xe5, 0xe8, 0x4c, 0x5c, 0x6f, 0x5f, 0xf8, 0x33, 0x28, 0xf8, 0xb0, 0x9c, 
  0x1f, 0x20, 0x9f, 0x9d, 0xb7, 0x98, 0xe4, 0x36, 0xa1, 0x65, 0x98, 0xe6, 0x58, 0x8c, 0xa6, 0x2a, 
  0xb9, 0x18, 0x66, 0x0a, 0x19, 0x2c, 0x9f, 0xaf, 0x9d, 0x83, 0xb3, 0x88, 0x68, 0x34, 0xa8, 0x93, 
  0x0d, 0xcf, 0x81, 0xce, 0x84, 0x8e, 0xcc, 0x53, 0xaf, 0xad, 0x7c, 0xf4, 0x40, 0x8b, 0x4e, 0xc1, 
  0xe5, 0xcd, 0x5b, 0x2e, 0x18, 0x71, 0x7d, 0xad, 0x20, 0x44, 0xf3, 0xf8, 0xa9, 0xd5, 0xa1, 0x25, 
  0x31, 0x82, 0x02, 0x7e, 0xb7, 0x11, 0x70, 0x85, 0x5e, 0xc6, 0xcb, 0xd7, 0xdc, 0x79, 0xb9, 0xb2, 
  0x1e, 0xe4, 0xcc, 0x0f, 0x79, 0xfd, 0x85, 0xad, 0x79, 0x0b, 0x7b, 0x34, 0x41, 0xc1, 0xd7, 0xbe, 
  0x4b, 0xb4, 0x66, 0x14, 0xd3, 0xb3, 0x6c, 0x8a, 0xf1, 0xeb, 0xea, 0xf7, 0x0b, 0xb7, 0xc2, 0x40, 
  0x0f, 0x09, 0x50, 0x56, 0x85, 0x91, 0x67, 0xde, 0xc3, 0x66, 0x75, 0x61, 0x25, 0xe0, 0xb7, 0x4d, 
  0xd9, 0x6b, 0x84, 0x49, 0xbd, 0x18, 0x68, 0x93, 0xfb, 0x3a, 0x17, 0x07, 0xc4, 0xcf, 0x8a, 0xf7, 
  0x41, 0x54, 0x70, 0x55, 0x8a, 0xa8, 0xf9, 0xa9, 0xa5, 0x29, 0x67, 0x43, 0x0f, 0xcb, 0xa8, 0x36, 
  0xb6, 0x1a, 0x1b, 0xe1, 0x52, 0x3b, 0xa4, 0x60, 0x68, 0x2d, 0xc5, 0x17, 0xc7, 0xa6, 0xcf, 0x6d, 
  0x8e, 0x97, 0x51, 0xdb, 0x23, 0x36, 0x85, 0x6f, 0x06, 0xe7, 0xe7, 0x7b, 0x34, 0x1b, 0xb6, 0x55, 
  0xe0, 0xe6, 0xed, 0x0b, 0xf3, 0xf8, 0x4c, 0x1c, 0xcb, 0x19, 0x63, 0xf8, 0x96, 0x33, 0x9a, 0xc9, 
  0x00, 0xe3, 0x45, 0xdc, 0x24, 0xcf, 0xca, 0x34, 0x4e, 0x89, 0x8c, 0x85, 0x7a, 0x94, 0x9d, 0x0f, 
  0x59, 0x38, 0xf6, 0xce, 0xeb, 0x76, 0xf2, 0xd5, 0x83, 0x15, 0xfd, 0xcb, 0xa5, 0x37, 0x9c, 0x26, 
  0x43, 0xa5, 0xa0, 0x06, 0xf6, 0x13, 0x13, 0xe8, 0x02, 0x20, 0xfb, 0x89, 0x18, 0x77, 0x57, 0x36, 
  0x6f, 0xfd, 0x2f, 0x62, 0xc7, 0x2c, 0x61, 0x3c, 0x1f, 0xc0, 0xf7, 0x6b, 0x74, 0x74, 0x40, 0x0f, 
  0x69, 0xd7, 0xd8, 0x8f, 0x0f, 0xd7, 0x0f, 0xf2, 0x5b, 0xc7, 0x17, 0x5a, 0x1f, 0xd6, 0x06, 0x6f, 
  0xf4, 0x43, 0xea, 0x18, 0x6d, 0xbb, 0x86, 0x05, 0xe1, 0x58, 0x11, 0x02, 0x06, 0x50, 0xde, 0x7c, 
  0xb0, 0x30, 0x64, 0x81, 0x63, 0x8b, 0x7b, 0xc0, 0xac, 0x31, 0xd1, 0xa1, 0xbb, 0xb5, 0xc1, 0x39, 
  0x1a, 0xb0, 0x9e, 0xef, 0x9b, 0x1f, 0x34, 0xf6, 0x9f, 0x33, 0x86, 0x98, 0x54, 0x97, 0xab, 0x06, 
  0x59, 0x38, 0x65, 0x9a, 0x4b, 0x06, 0x5a, 0xfa, 0x6d, 0x6a, 0x13, 0xa5, 0xeb, 0xaa, 0x08, 0xd4, 
  0x83, 0x29, 0xb4, 0x2a, 0x90, 0xb1, 0x96, 0x1c, 0x34, 0x79, 0xf1, 0x8e, 0x50, 0xac, 0xfc, 0x66, 
  0xc0, 0x77, 0xef, 0xe5, 0x72, 0xec, 0xe6, 0x66, 0x5b, 0xd5, 0x60, 0xec, 0x4b, 0x42, 0xc7, 0x3b, 
  0xf8, 0xa3, 0x54, 0x39, 0xce, 0xd3, 0xbd, 0xb4, 0x2c, 0x39, 0x03, 0x8e, 0xf6, 0xe0, 0x49, 0xd8, 
  0x43, 0x34, 0xf4, 0x18, 0x3d, 0xad, 0x72, 0x63, 0x61, 0xe4, 0xdc, 0xdc, 0xd4, 0x40, 0x57, 0xf4, 
  0x28, 0x8c, 0x3c, 0x39, 0x2a, 0xc3, 0x45, 0x81, 0x82, 0x8d, 0x61, 0x9f, 0x82, 0x97, 0xf3, 0x39, 
  0xb0, 0x1b, 0x0c, 0xd9, 0x36, 0x02, 0xd1, 0x3d, 0x38, 0x5c, 0xdd, 0x96, 0x9c, 0x99, 0x2e, 0x3e, 
  0xf3, 0x3e, 0xe4, 0xf9, 0x78, 0x80, 0x4f, 0x8d, 0x27, 0x82, 0xdf, 0xd3, 0x68, 0x4c, 0x94, 0x30, 
  0x95, 0x17, 0xc9, 0x6a, 0xcf, 0xa9, 0x2f, 0xfa, 0x42, 0x43, 0xa8, 0xf1, 0x0d, 0xb0, 0xcc, 0x9a, 
  0xba, 0x47, 0xf9, 0xeb, 0x07, 0x2c, 0xbb, 0x14, 0xa5, 0xcc, 0xa2, 0x18, 0x5d, 0xdd, 0x5c, 0x2e, 
  0x28, 0xc5, 0xe2, 0xd3, 0x51, 0x56, 0xab, 0x65, 0x96, 0xcb, 0xf6, 0xeb, 0xdd, 0x2b, 0x0a, 0x0b, 
  0x41, 0xf4, 0xa4, 0xc3, 0x68, 0x90, 0xec, 0xcd, 0x2a, 0x86, 0x9b, 0x01, 0xd0, 0x51, 0xd1, 0x49, 
  0x9b, 0xe6, 0x0d, 0x78, 0x60, 0x32, 0x8b, 0x43, 0xb8, 0xc9, 0xe9, 0xbe, 0xd9, 0xfc, 0x06, 0x07, 
  0xf2, 0x31, 0xee, 0x7a, 0xc7, 0x13, 0x38, 0xbf, 0x34, 0x07, 0x46, 0x1c, 0x7f, 0xaf, 0x3d, 0x1e, 
  0xd3, 0xee, 0xc4, 0x3e, 0xcf, 0xe6, 0x07, 0xe4, 0x30, 0xae, 0xdb, 0x7e, 0xdb, 0x54, 0xa3, 0x1a, 
  0xba, 0x6a, 0x31, 0xfe, 0xca, 0xff, 0xdb, 0x34, 0x88, 0x3f, 0x24, 0xf7, 0x38, 0x26, 0x4e, 0xdf, 
  0x61, 0x9c, 0x13, 0xd6, 0x71, 0x90, 0x05, 0x61, 0x6d, 0xf0, 0x35, 0x3f, 0x5c, 0x07, 0x30, 0x80, 
  0x18, 0xb7, 0xb1, 0x43, 0x8c, 0x07, 0x44, 0xc4, 0x40, 0xcb, 0x19, 0x68, 0x53, 0xe9, 0x40, 0x7e, 
  0xde, 0x96, 0xfe, 0xe3, 0x81, 0x5c, 0xf1, 0x4c, 0x25, 0xa9, 0x3d, 0x1f, 0x53, 0x2c, 0xa4, 0xef, 
  0xed, 0x51, 0xbd, 0xb8, 0xc7, 0x5b, 0x54, 0xf4, 0x3e, 0x95, 0x9c, 0x80, 0xf9, 0x5c, 0x7b, 0x9a, 
  0x71, 0x18, 0x82, 0x7e, 0xad, 0x84, 0x9e, 0x7b, 0x8c, 0x87, 0xdb, 0x74, 0x67, 0xe7, 0x98, 0x1c, 
  0x83, 0x20, 0x16, 0xe0, 0x0d, 0xb6, 0x34, 0x0f, 0x47, 0xd0, 0x36, 0xb5, 0x71, 0xc4, 0x5f, 0xce, 
  0x8d, 0xef, 0x5f, 0x20, 0x80, 0x18, 0x53, 0x67, 0xb9, 0x46, 0xdd, 0xef, 0xf9, 0x7f, 0x9b, 0xfc, 
  0x89, 0xa7, 0x79, 0xfb, 0xcd, 0xaf, 0xfe, 0xb6, 0xf9, 0x18, 0x41, 0x3f, 0xb6, 0xf9, 0xd5, 0x20, 
  0xfe, 0x30, 0x5d, 0xf7, 0x99, 0x9e, 0xe6, 0x9b, 0xbf, 0xfe, 0x27, 0xc7, 0xbd, 0xcc, 0x0c, 0x0a, 
  0x67, 0xed, 0xd8, 0xac, 0x0d, 0x1e, 0xb3, 0xa8, 0x3b, 0x2f, 0xdc, 0x62, 0xda, 0x98, 0x0d, 0x61, 
  0xc3, 0x0f, 0xab, 0xdb, 0x36, 0x51, 0x0f, 0xf9, 0x94, 0xf6, 0x67, 0x58, 0x81, 0xfe, 0xdd, 0xe0, 
  0x80, 0x99, 0xe3, 0x0c, 0x86, 0x0a, 0x95, 0x96, 0x38, 0x28, 0xc7, 0x17, 0x87, 0x88, 0x75, 0x16, 
  0x60, 0x01, 0x2a, 0x4b, 0xe8, 0x59, 0x31, 0xda, 0xa4, 0x72, 0xd1, 0xaa, 0x1c, 0xce, 0x9e, 0x6b, 
  0x25, 0xe8, 0x35, 0x5d, 0x17, 0x43, 0xe2, 0xd1, 0xa9, 0x70, 0xcd, 0x6d, 0x33, 0x13, 0x33, 0x38, 
  0xbe, 0x4c, 0x79, 0x60, 0x6f, 0x50, 0x5a, 0xba, 0xe8, 0x5d, 0xf3, 0xe0, 0xf7, 0x1e, 0x62, 0xf5, 
  0x72, 0x55, 0xcd, 0x0f, 0x25, 0x9f, 0xf7, 0x7a, 0x5c, 0xe2, 0x05, 0xd4, 0x28, 0x57, 0xdb, 0x73, 
  0x9b, 0x1c, 0x7b, 0x25, 0x78, 0xf8, 0x22, 0xab, 0xc3, 0x45, 0x55, 0x3f, 0x6e, 0xcb, 0xe6, 0xbd, 
  0xc5, 0x86, 0xe9, 0x3d, 0xd1, 0xb7, 0x18, 0xfb, 0xf6, 0x38, 0xf6, 0x6d, 0xc6, 0x7e, 0x6b, 0x1c, 
  0xfb, 0x2d, 0xc6, 0x7e, 0x7b, 0x1c, 0xfb, 0xed, 0x36, 0xf9, 0x63, 0xd5, 0xda, 0x1a, 0x8d, 0x7f, 
  0xb5, 0x89, 0x8f, 0x67, 0x0e, 0xb1, 0xfc, 0x6c, 0x8f, 0xc3, 0xbe, 0x39, 0xf8, 0x93, 0xfc, 0x48, 
  0x2f, 0x5e, 0xe8, 0x77, 0xb6, 0x2a, 0xe2, 0xec, 0x03, 0xdb, 0xf5, 0x79, 0xc4, 0xd8, 0x47, 0xc9, 
  0x76, 0xe6, 0x67, 0x0b, 0xf2, 0xbd, 0x71, 0xfe, 0x6a, 0xd3, 0xb0, 0xe5, 0x86, 0xdd, 0x36, 0x66, 
  0x2d, 0xc0, 0x9d, 0x90, 0x97, 0x03, 0x87, 0x12, 0xcc, 0xaa, 0xce, 0x34, 0xba, 0x2e, 0x1c, 0x64, 
  0x8e, 0xfe, 0x5d, 0xa4, 0x8b, 0x2c, 0x0b, 0xa0, 0x48, 0xe2, 0x89, 0x17, 0x3e, 0x87, 0xdb, 0xe3, 
  0x18, 0x01, 0x1c, 0x38, 0xfd, 0x63, 0x16, 0xa2, 0x4d, 0x7e, 0x36, 0xb1, 0xc9, 0xc7, 0x5f, 0x7b, 
  0xd4, 0x5d, 0xdb, 0xc1, 0xd7, 0x6b, 0x6f, 0xd3, 0xe8, 0xff, 0x6d, 0xc2, 0x1b, 0x57, 0x56, 0xae, 
  0xfd, 0xe6, 0xb3, 0x64, 0xac, 0x3d, 0xff, 0x6c, 0x13, 0x9e, 0xe3, 0x9d, 0xb7, 0x78, 0x59, 0x17, 
  0xbe, 0x54, 0x77, 0x96, 0x47, 0x0f, 0x3c, 0x63, 0x39, 0x3f, 0x62, 0x50, 0x49, 0xfe, 0xae, 0xb3, 
  0xb5, 0x06, 0x7f, 0x7c, 0x76, 0xda, 0xe2, 0xfc, 0x70, 0x88, 0xd5, 0xcf, 0x97, 0xac, 0xf9, 0x4d, 
  0xff, 0x3e, 0xed, 0x51, 0x78, 0xf4, 0xe0, 0xd0, 0x99, 0xdb, 0x10, 0xa8, 0x70, 0xeb, 0x66, 0x0d, 
  0xdf, 0xf6, 0xe7, 0x10, 0x38, 0x5a, 0xc8, 0x44, 0xe1, 0xd0, 0x4d, 0xe7, 0x00, 0xd9, 0x76, 0xf7, 
  0x77, 0xb6, 0xe8, 0x34, 0xde, 0xf1, 0x3e, 0x5d, 0xe1, 0x5a, 0x6b, 0x20, 0x11, 0x31, 0xe1, 0xc8, 
  0x33, 0x5f, 0xe4, 0x1f, 0x81, 0x1c, 0x70, 0xcf, 0x7f, 0x88, 0x28, 0x4c, 0x98, 0xcd, 0x5f, 0x8f, 
  0xab, 0xb7, 0xab, 0x35, 0x66, 0x4d, 0x2f, 0xc0, 0x7e, 0xce, 0xe8, 0xe6, 0x43, 0x44, 0x07, 0x14, 
  0xd4, 0x9c, 0xc1, 0x62, 0xcc, 0x5b, 0x14, 0x3f, 0x40, 0xbd, 0xcf, 0x68, 0x14, 0x77, 0x09, 0x05, 
  0xb4, 0x8d, 0x2c, 0xf5, 0x6c, 0x19, 0x30, 0xa2, 0xf9, 0x8a, 0x11, 0x01, 0x61, 0xa2, 0xac, 0xd5, 
  0xf3, 0x48, 0xff, 0x09, 0x3e, 0x23, 0x35, 0x2a, 0x12, 0x40, 0xd4, 0xc1, 0x87, 0xb3, 0x81, 0x3b, 
  0x70, 0xc9, 0xa1, 0x4e, 0xf3, 0x01, 0x6d, 0x8e, 0xd9, 0xa7, 0x4c, 0x5b, 0xaf, 0x7a, 0x9e, 0xaf, 
  0x47, 0xb7, 0x3a, 0xfb, 0x46, 0x9f, 0xd8, 0x4b, 0x4f, 0xad, 0x2b, 0x3f, 0x6b, 0xd3, 0xd0, 0xde, 
  0xa1, 0x9d, 0xbe, 0x6b, 0x4e, 0xdf, 0x44, 0xb2, 0x3e, 0xde, 0x42, 0xb2, 0xcd, 0x9b, 0xbe, 0xdf, 
  0x2e, 0xc0, 0x69, 0xc1, 0x42, 0x4b, 0x4f, 0x4d, 0x5d, 0x66, 0xfa, 0x97, 0xcd, 0x23, 0x0b, 0x5a, 
  0x72, 0x9e, 0xcb, 0xe6, 0x4b, 0x77, 0xb1, 0x94, 0xf3, 0x90, 0x54, 0x97, 0xef, 0x76, 0x33, 0x81, 
  0xd6, 0xff, 0x39, 0xa5, 0x41, 0x18, 0x27, 0xd0, 0xb0, 0xe6, 0x19, 0x96, 0xc9, 0x2f, 0x22, 0x0e, 
  0x98, 0x4f, 0x34, 0xf8, 0x10, 0xc2, 0x40, 0xee, 0xa9, 0xec, 0x5d, 0xf1, 0xf5, 0xe4, 0x76, 0xf2, 
  0x78, 0x6f, 0xbb, 0x27, 0x87, 0xbc, 0x6c, 0x53, 0xcc, 0x38, 0xb3, 0x33, 0xce, 0xf2, 0xfd, 0x67, 
  0x86, 0x3d, 0x6c, 0x35, 0xa3, 0xb8, 0xa7, 0xb7, 0x46, 0x07, 0xfd, 0x58, 0x6e, 0x58, 0xdd, 0x4a, 
  0x25, 0x52, 0x35, 0x8c, 0xda, 0x26, 0x3b, 0xd4, 0xf4, 0xeb, 0x6b, 0x83, 0x33, 0x24, 0x8d, 0xbd, 
  0x75, 0x69, 0x9b, 0xea, 0x72, 0xb5, 0xde, 0x23, 0xe2, 0x87, 0x96, 0xf3, 0x99, 0x65, 0x44, 0x49, 
  0x46, 0x38, 0x50, 0xd8, 0xda, 0xea, 0xb5, 0x47, 0xe2, 0x1d, 0x43, 0xff, 0x1e, 0xe6, 0x64, 0x6f, 
  0x81, 0xaf, 0x8c, 0x6c, 0x7d, 0x6d, 0xe4, 0xea, 0x6b, 0x9b, 0xac, 0x4b, 0xcb, 0xf0, 0xef, 0xff, 
  0x86, 0x0d, 0x73, 0x72, 0xe0, 0x93, 0x67, 0xe8, 0x3e, 0x09, 0xe6, 0xf8, 0xaa, 0x89, 0x5f, 0x3a, 
  0xa7, 0xe9, 0x80, 0x56, 0xca, 0x47, 0xda, 0x54, 0xca, 0xef, 0x45, 0xc5, 0x88, 0x14, 0xda, 0x54, 
  0xde, 0x29, 0xc5, 0x05, 0x94, 0x35, 0xf5, 0x2f, 0xd1, 0x26, 0x58, 0xbf, 0xb6, 0x49, 0x57, 0x57, 
  0x64, 0xd5, 0xfc, 0x03, 0x54, 0xe2, 0xdc, 0x50, 0x11, 0x7e, 0x6d, 0xe9, 0xf9, 0xb9, 0xdd, 0x8e, 
  0x97, 0xe0, 0x83, 0x4e, 0x0e, 0x6e, 0x11, 0x9d, 0x6d, 0xd2, 0x0a, 0x4d, 0xb3, 0x2d, 0x75, 0x4d, 
  0xe8, 0x9d, 0xac, 0x4d, 0x25, 0xd4, 0x7f, 0x4f, 0x2a, 0xc9, 0x96, 0x9f, 0xe2, 0x75, 0xce, 0xa8, 
  0xb5, 0x92, 0x80, 0xfa, 0x61, 0x15, 0x10, 0xd6, 0xc4, 0xd3, 0x93, 0x43, 0x4d, 0xdf, 0x65, 0xc3, 
  0x4b, 0x3a, 0xaf, 0x05, 0xa5, 0x58, 0x92, 0xed, 0x69, 0xd9, 0x2a, 0x4a, 0x12, 0xdc, 0x2b, 0x65, 
  0xac, 0x32, 0x52, 0xb2, 0x14, 0x53, 0x60, 0x9b, 0xec, 0x4a, 0x68, 0x9c, 0xa1, 0x3c, 0x9a, 0xc8, 
  0x9d, 0x9e, 0xf7, 0x37, 0x36, 0x63, 0x1e, 0x6e, 0x3e, 0xf8, 0xec, 0x4b, 0x1e, 0x76, 0x8d, 0x87, 
  0x58, 0x6f, 0xe9, 0xb5, 0xd0, 0xb9, 0xbb, 0x9f, 0xc4, 0x07, 0xb0, 0x01, 0xbd, 0x20, 0x33, 0xe9, 
  0x97, 0xc5, 0xd7, 0x04, 0x0e, 0x90, 0x84, 0x6f, 0xcc, 0x46, 0x34, 0x07, 0x5c, 0x1c, 0x1c, 0x33, 
  0xc7, 0xdc, 0xe9, 0xe0, 0xd4, 0xf9, 0x1b, 0xca, 0x82, 0x51, 0x82, 0x59, 0xca, 0xd8, 0x85, 0x81, 
  0xe3, 0x75, 0xde, 0x9a, 0x2c, 0x85, 0x1c, 0xf8, 0x35, 0x86, 0x00, 0x12, 0x0f, 0x08, 0x7e, 0x09, 
  0x42, 0xe7, 0xe9, 0x42, 0x3e, 0xab, 0x47, 0x35, 0x15, 0x75, 0x0f, 0xd6, 0x76, 0xf6, 0x04, 0x78, 
  0xc4, 0x46, 0x8e, 0x27, 0x17, 0xeb, 0x53, 0xd0, 0xaf, 0x9d, 0x01, 0x1a, 0xa1, 0x23, 0x9d, 0xdb, 
  0x8d, 0xd3, 0x5d, 0x66, 0xaf, 0x74, 0xff, 0x88, 0x74, 0xd1, 0xc3, 0x28, 0x24, 0xe8, 0x22, 0x89, 
  0x68, 0x0d, 0x18, 0xa5, 0xe1, 0x9b, 0x56, 0x44, 0x5d, 0x51, 0xa2, 0xa4, 0xba, 0xf8, 0x1b, 0xc5, 
  0x45, 0x4e, 0x4f, 0xab, 0x5b, 0x82, 0xe7, 0x38, 0xfd, 0xa6, 0x15, 0x10, 0xef, 0x49, 0x64, 0x89, 
  0x58, 0x43, 0x63, 0x5f, 0x73, 0xaa, 0x4b, 0xd0, 0xeb, 0xed, 0x00, 0x9c, 0x61, 0xa2, 0x2c, 0x0a, 
  0xcd, 0x5c, 0xfa, 0x4c, 0x3c, 0x21, 0xb1, 0x6b, 0x05, 0xa1, 0x16, 0x11, 0xa6, 0x6e, 0xd1, 0x70, 
  0xf7, 0xeb, 0x10, 0xfe, 0x8f, 0x23, 0x2b, 0xa2, 0x47, 0x20, 0xd1, 0x92, 0xc1, 0x89, 0x7c, 0x5d, 
  0x94, 0xef, 0x75, 0x40, 0x64, 0x7f, 0x0c, 0xf9, 0x7b, 0x1a, 0xfb, 0xd5, 0x0b, 0x55, 0x50, 0x58, 
  0xa7, 0x15, 0x24, 0x92, 0x27, 0x11, 0x5a, 0x5d, 0x86, 0x80, 0x50, 0x46, 0x05, 0x88, 0x54, 0x51, 
  0x9f, 0x11, 0x1b, 0x67, 0xdf, 0xba, 0xde, 0x0e, 0x80, 0x20, 0x3a, 0x02, 0x51, 0x4c, 0xc0, 0xa8, 
  0xb7, 0x02, 0x21, 0xb3, 0x18, 0x9d, 0xc6, 0xa8, 0x39, 0x81, 0xa4, 0xbd, 0xb0, 0x53, 0x8f, 0x75, 
  0x67, 0xde, 0x35, 0x6c, 0x17, 0xe6, 0x50, 0x3e, 0x6a, 0xd4, 0x1b, 0xdf, 0x5e, 0xd2, 0x5c, 0xf7, 
  0xd0, 0xfe, 0x33, 0x39, 0x48, 0x0e, 0x1e, 0x41, 0xe0, 0x6e, 0x4e, 0xec, 0x0e, 0x63, 0xb5, 0x1b, 
  0x78, 0x0a, 0x0b, 0x37, 0x3a, 0x91, 0x40, 0xb8, 0x20, 0x39, 0x03, 0x08, 0xa4, 0x69, 0x2b, 0x76, 
  0xa0, 0x6d, 0x8f, 0x73, 0xa8, 0x4d, 0xb8, 0x20, 0xc6, 0x01, 0xed, 0x39, 0xe6, 0xd5, 0x98, 0xb3, 
  0xfe, 0xd2, 0xd6, 0xa8, 0xff, 0xe3, 0x00, 0xb9, 0xb1, 0xeb, 0xf1, 0xa0, 0xda, 0x5f, 0xf1, 0xdb, 
  0x88, 0xa0, 0xab, 0x6b, 0x0d, 0x11, 0xa5, 0x23, 0x24, 0x1c, 0xb0, 0x85, 0x8f, 0x57, 0x50, 0x01, 
  0x86, 0x37, 0x1e, 0x7a, 0xae, 0x68, 0x13, 0x91, 0xe9, 0x7b, 0x76, 0x01, 0x7f, 0xcb, 0x57, 0xf3, 
  0x1a, 0xb4, 0x9c, 0x26, 0xb6, 0xbc, 0x52, 0xc9, 0x83, 0xa6, 0x5b, 0x7d, 0x5a, 0x52, 0xd0, 0x91, 
  0xc5, 0x0c, 0xa7, 0xe4, 0x9d, 0x8b, 0x19, 0x2f, 0xd7, 0xe8, 0xe9, 0x4f, 0x2e, 0xa8, 0xa3, 0x48, 
  0x9c, 0x03, 0x63, 0x94, 0x35, 0x0c, 0x56, 0xf4, 0xe8, 0x6a, 0xbe, 0x79, 0x4c, 0x62, 0x5c, 0xa5, 
  0x21, 0x64, 0x65, 0x6e, 0xe4, 0x32, 0x87, 0x77, 0xac, 0x56, 0x32, 0xca, 0xc0, 0x8b, 0xd7, 0x39, 
  0x9e, 0xbc, 0xa2, 0x15, 0x29, 0xc0, 0xf6, 0x88, 0xb3, 0x54, 0x0c, 0x85, 0x66, 0xd7, 0x78, 0xbe, 
  0xf5, 0x39, 0xf8, 0x71, 0xc8, 0x90, 0x28, 0x26, 0xbf, 0xbd, 0x5c, 0x8c, 0xde, 0xb4, 0xa7, 0xe8, 
  0x10, 0xd5, 0xc3, 0x16, 0xaf, 0xf1, 0xa7, 0x30, 0xbc, 0x25, 0x32, 0x9f, 0xf1, 0xf9, 0x0d, 0xcf, 
  0x73, 0x5c, 0x2a, 0x6e, 0x13, 0xdb, 0xb1, 0x87, 0x72, 0xe0, 0xb4, 0x1d, 0x94, 0xfb, 0xac, 0xc5, 
  0x67, 0x77, 0xd0, 0xc7, 0xe7, 0x50, 0xa8, 0x39, 0xd4, 0xd9, 0x0e, 0x2d, 0x50, 0xf8, 0x36, 0xde, 
  0x35, 0x98, 0x5c, 0x89, 0xf6, 0xf8, 0x50, 0x22, 0x78, 0x0a, 0xb8, 0x62, 0x82, 0xf0, 0xf8, 0x29, 
  0x9c, 0x5e, 0x2a, 0xbb, 0xd1, 0xb4, 0x1d, 0xe4, 0x93, 0x78, 0xfb, 0x22, 0xa6, 0xdd, 0xd4, 0x32, 
  0x86, 0x1e, 0x3e, 0xc6, 0xac, 0x15, 0xaf, 0xab, 0x97, 0x3d, 0xd5, 0x73, 0x35, 0x78, 0x05, 0x68, 
  0x76, 0xff, 0xe4, 0xba, 0xb9, 0xf3, 0x14, 0x2c, 0x7a, 0xfe, 0x8f, 0xd4, 0xf2, 0xfd, 0xd0, 0xda, 
  0xd3, 0x7f, 0xe0, 0xa4, 0x97, 0x0d, 0xe4, 0x91, 0xfd, 0x31, 0x4c, 0x18, 0xd4, 0x00, 0x8b, 0x5d, 
  0xf8, 0x8a, 0x92, 0xed, 0x5c, 0x41, 0xf5, 0x05, 0xd4, 0x97, 0xe3, 0x81, 0x37, 0xbf, 0xd1, 0xf5, 
  0x92, 0x54, 0xe3, 0x6d, 0x45, 0x3b, 0x94, 0x8a, 0x25, 0x80, 0xe9, 0xb2, 0x55, 0x0a, 0x72, 0xc7, 
  0x19, 0x08, 0x2d, 0xe3, 0x80, 0xe5, 0x6a, 0xc6, 0x73, 0xf3, 0x98, 0x4e, 0x81, 0xa4, 0xd1, 0x88, 
  0xa0, 0xd1, 0x3d, 0x67, 0x1b, 0xc3, 0xe8, 0x2b, 0x1d, 0x05, 0x72, 0xa8, 0x1b, 0x73, 0x35, 0xde, 
  0xef, 0x6c, 0xb6, 0xc0, 0x4a, 0xf4, 0x38, 0x15, 0x9b, 0x41, 0x2a, 0x74, 0x47, 0x6e, 0xe1, 0xd4, 
  0x3a, 0xf4, 0xeb, 0x99, 0x65, 0x77, 0xd9, 0x6d, 0x5d, 0xc8, 0x0c, 0xa3, 0x7f, 0x57, 0x10, 0xd7, 
  0x92, 0xc6, 0xc1, 0x92, 0xe5, 0x4b, 0x4f, 0x7f, 0xd4, 0x08, 0x75, 0xd2, 0x53, 0x4e, 0x17, 0x38, 
  0xe8, 0xa2, 0xd1, 0x58, 0xf3, 0x63, 0x38, 0x70, 0x46, 0x46, 0x5e, 0x74, 0xa3, 0x8e, 0x83, 0x8d, 
  0x0d, 0x60, 0xd0, 0x6a, 0x26, 0x8b, 0x25, 0x0a, 0xff, 0x5b, 0x61, 0xf3, 0xe4, 0x0e, 0x6c, 0x30, 
  0xe2, 0x20, 0x60, 0x31, 0x68, 0x0d, 0x8e, 0x36, 0x8d, 0x0a, 0x9c, 0xb1, 0xad, 0x96, 0x5f, 0x0a, 
  0x28, 0x7e, 0x9f, 0xe1, 0x13, 0xbc, 0xd0, 0x94, 0xf1, 0xdd, 0x4b, 0x3a, 0xb1, 0xb2, 0x49, 0x23, 
  0x4e, 0x42, 0xff, 0xe4, 0xf2, 0x80, 0x43, 0xe8, 0x82, 0x6b, 0xec, 0xa8, 0xf5, 0x1e, 0x0b, 0x17, 
  0x2b, 0x5b, 0x0b, 0xd7, 0x79, 0xe6, 0xd1, 0xc2, 0xe5, 0x68, 0x01, 0xa6, 0xf9, 0x1a, 0x63, 0xb9, 
  0xd8, 0xba, 0x61, 0x1b, 0x9a, 0x35, 0xb5, 0x8e, 0xfb, 0xbb, 0xed, 0x39, 0x9d, 0x1c, 0x82, 0xae, 
  0x8d, 0x8d, 0x1c, 0x50, 0x59, 0x76, 0x10, 0x11, 0x15, 0xca, 0x35, 0x84, 0x2a, 0xb5, 0xc5, 0xb1, 
  0x00, 0x0e, 0x94, 0x09, 0x3c, 0x56, 0x6f, 0x39, 0x6c, 0x7e, 0x73, 0x67, 0x13, 0x43, 0x51, 0x05, 
  0xf7, 0x32, 0x75, 0x34, 0x54, 0x74, 0xc3, 0xa4, 0x9e, 0x8f, 0xfb, 0x75, 0x81, 0x01, 0x9c, 0xba, 
  0xa9, 0x3e, 0x2a, 0x1c, 0xc5, 0xf6, 0x1d, 0x16, 0x4e, 0x9c, 0xcb, 0x15, 0x73, 0x7f, 0xcd, 0xb4, 
  0xe9, 0x3e, 0x8f, 0xbb, 0xee, 0xb9, 0xe1, 0xbc, 0xd5, 0x02, 0x8f, 0x37, 0x1a, 0x1a, 0x5d, 0x1c, 
  0x87, 0xcf, 0x01, 0x9a, 0x7a, 0xdc, 0x2b, 0x9c, 0xee, 0x35, 0xa7, 0xd6, 0xa4, 0xf5, 0x34, 0x65, 
  0xa3, 0x0d, 0xba, 0xfb, 0x03, 0x85, 0xf3, 0xcf, 0x36, 0xd1, 0xaf, 0x3f, 0xd0, 0x03, 0xfe, 0x7d, 
  0xd2, 0x37, 0xeb, 0x9d, 0x2b, 0xd4, 0xcf, 0xfc, 0xec, 0x07, 0x23, 0x1b, 0x68, 0x9e, 0x63, 0xda, 
  0xad, 0xbf, 0x7a, 0xd7, 0x66, 0xe8, 0xae, 0xfc, 0xee, 0xc7, 0xec, 0x53, 0x7f, 0xd9, 0x9b, 0x60, 
  0xee, 0xbc, 0xa8, 0x92, 0x75, 0x81, 0xdb, 0x2d, 0xbe, 0x02, 0x1e, 0x36, 0xbb, 0x4d, 0xe9, 0x2a, 
  0x80, 0x3e, 0x66, 0xaf, 0x02, 0xd7, 0xf4, 0x2e, 0xdf, 0x2e, 0x1d, 0x85, 0x2e, 0x36, 0xbd, 0x5f, 
  0xc1, 0xbd, 0x18, 0x53, 0xe3, 0xe5, 0x89, 0xfa, 0x21, 0xfc, 0x79, 0xeb, 0xaf, 0x29, 0x2d, 0x96, 
  0x2e, 0xd4, 0x02, 0x12, 0xce, 0xb3, 0xcf, 0x57, 0xc1, 0xce, 0x3a, 0x6b, 0xd4, 0xd9, 0xc6, 0x5e, 
  0xf8, 0x11, 0x8e, 0xae, 0xcd, 0xc5, 0xdd, 0xfc, 0x83, 0xb4, 0x0f, 0xcb, 0x02, 0xad, 0xd4, 0xc3, 
  0x26, 0xc3, 0x34, 0x81, 0x3b, 0xb8, 0x1b, 0x94, 0xe1, 0xdd, 0x44, 0xdb, 0x6b, 0xbb, 0x3e, 0xd3, 
  0x0e, 0xc7, 0x28, 0x30, 0xaf, 0xe8, 0x77, 0xe9, 0xe5, 0x22, 0x9a, 0x3e, 0x6f, 0xbf, 0xc8, 0xa1, 
  0x36, 0x69, 0xa4, 0x62, 0x94, 0x81, 0x59, 0x74, 0x7f, 0xf3, 0x69, 0x0e, 0x35, 0x00, 0xb5, 0x9a, 
  0x70, 0x5c, 0x8d, 0xaa, 0x69, 0xc7, 0x66, 0x59, 0xc3, 0x6c, 0x5a, 0x55, 0xd8, 0x46, 0x8f, 0x49, 
  0x68, 0x93, 0xd8, 0xca, 0xfb, 0x66, 0xd3, 0x3a, 0x69, 0x81, 0x4d, 0x6e, 0x16, 0x46, 0xd0, 0xa0, 
  0x99, 0x4b, 0xc4, 0x1a, 0x08, 0x5d, 0x47, 0xe3, 0x97, 0x99, 0x4d, 0x87, 0xfd, 0x35, 0xf6, 0xcc, 
  0x99, 0x1b, 0x96, 0xcd, 0x57, 0x83, 0xbc, 0x78, 0x3f, 0xe6, 0xbf, 0xb6, 0xa3, 0xcf, 0x7e, 0x7e, 
  0xe5, 0xd6, 0xef, 0xfd, 0xa3, 0x7e, 0x9f, 0x1f, 0x01, 0x52, 0xbe, 0xd0, 0x23, 0xd1, 0xfb, 0x8a, 
  0x8f, 0xb6, 0xdd, 0x39, 0xfc, 0x29, 0xcb, 0x06, 0xe0, 0x51, 0x03, 0x2d, 0x95, 0xca, 0x78, 0x4c, 
  0xb0, 0x13, 0x90, 0x53, 0x50, 0x7c, 0x9c, 0x37, 0x64, 0x8e, 0xb5, 0x30, 0xe0, 0xb7, 0xfd, 0xf3, 
  0x11, 0x94, 0x32, 0x0d, 0xea, 0x4b, 0xcc, 0x28, 0x19, 0x8d, 0xc1, 0xe4, 0x7e, 0x80, 0x59, 0x1a, 
  0xd7, 0x89, 0xa2, 0x3e, 0xc4, 0x7f, 0xe3, 0x3e, 0x48, 0xe8, 0x75, 0x26, 0x40, 0xfc, 0xa8, 0xf7, 
  0xdb, 0x12, 0x10, 0xfa, 0x51, 0x6f, 0x48, 0xb3, 0x63, 0xd6, 0x6f, 0x53, 0xd0, 0xa8, 0x53, 0x53, 
  0x24, 0x40, 0x1a, 0xaf, 0x44, 0x7f, 0xf8, 0x07, 0x11, 0x75, 0xe1, 0x3c, 0x5c, 0x19, 0xd8, 0x47, 
  0x36, 0x6e, 0x97, 0x0d, 0xcf, 0x56, 0xd3, 0xed, 0xc0, 0x12, 0x30, 0xc0, 0x8f, 0x41, 0x4d, 0xca, 
  0x0b, 0x12, 0xa5, 0x67, 0x96, 0x43, 0x20, 0x12, 0x99, 0x87, 0x32, 0x4e, 0x98, 0x56, 0x3c, 0x6a, 
  0xa4, 0x97, 0x33, 0x29, 0x4d, 0x3a, 0x26, 0xde, 0xd8, 0xce, 0xd7, 0xc9, 0x14, 0xac, 0xe7, 0x0b, 
  0xb0, 0xb5, 0xd8, 0xb7, 0x5d, 0x0a, 0xaa, 0x36, 0xef, 0x4d, 0xd8, 0x7d, 0x05, 0x8b, 0xb4, 0xf3, 
  0x04, 0xf7, 0x9d, 0xf3, 0x4d, 0x6d, 0xd9, 0x73, 0x1d, 0xe6, 0x3f, 0xcb, 0x14, 0xf6, 0x41, 0x17, 
  0xa5, 0x85, 0xcf, 0x2e, 0x5d, 0x5b, 0xb8, 0x9f, 0x3f, 0x4b, 0xae, 0x5c, 0x61, 0xa1, 0xcb, 0xb4, 
  0xd8, 0xe0, 0x64, 0xf4, 0x64, 0x30, 0xf8, 0x39, 0x35, 0x8e, 0xec, 0x6b, 0xe4, 0xbc, 0x49, 0xfe, 
  0x24, 0xff, 0xfc, 0xee, 0xf8, 0x0e, 0xe5, 0x09, 0x87, 0x27, 0x30, 0x0c, 0x77, 0xf8, 0xb4, 0xf2, 
  0xe0, 0xce, 0x0a, 0x44, 0x60, 0xdc, 0x94, 0x74, 0xe9, 0x71, 0xac, 0x21, 0xad, 0xf1, 0xc1, 0x0e, 
  0xa6, 0x9e, 0x61, 0x75, 0x2a, 0x5d, 0xe0, 0x7b, 0x68, 0x6b, 0xda, 0xe0, 0x13, 0xbd, 0x4b, 0x67, 
  0x1e, 0xa2, 0x52, 0x65, 0xea, 0xf0, 0xc1, 0x31, 0x49, 0xa7, 0x1e, 0x66, 0x53, 0xd3, 0x1e, 0x1f, 
  0x79, 0x2f, 0xa4, 0x3b, 0xff, 0x40, 0x8b, 0xd3, 0x0e, 0xc1, 0xe8, 0x76, 0x5a, 0xe0, 0xdb, 0x86, 
  0x36, 0x6d, 0x11, 0x28, 0xf7, 0x56, 0xba, 0xaa, 0x63, 0xfa, 0xb4, 0x44, 0x94, 0xc6, 0x32, 0x9d, 
  0xe3, 0x8b, 0x43, 0x9f, 0x9e, 0x21, 0xec, 0x23, 0x98, 0x6e, 0x10, 0xe4, 0x40, 0x1d, 0xdf, 0xf9, 
  0x0f, 0xf1, 0xdb, 0x1b, 0xaf, 0x66, 0xbb, 0x00, 0x00, 0x00 };
static const char CONTENT_EN_CEK83AYQ_JS_GZ_ETAG[] PROGMEM = "21eec3ade3ed6300012961415a69c253daa99d7810e614a147d407b9c7e7d4d2";
