static const char CONTENT_CHARTS_D9C7SDDP_JS_GZ[] PROGMEM = {
  0x1f, 0x8b, 0x08, 0x00, 0x00, 0x00, 0x00, 0x00, 0x02, 0x03, 0x74, 0x56, 0x07, 0x97, 0xa2, 0xca, 
  0x12, 0xfe, 0x2b, 0xe3, 0x0b, 0x1e, 0x7a, 0x2d, 0x5c, 0x9c, 0x9b, 0xc1, 0x92, 0x33, 0xe3, 0xe6, 
  0x1c, 0x5f, 0x9a, 0xe3, 0x59, 0x5a, 0x28, 0xb5, 0x77, 0xb0, 0xe1, 0x36, 0x8d, 0x3a, 0x3b, 0xce, 
  0x7f, 0x7f, 0xd5, 0x60, 0xba, 0x1b, 0x4e, 0x80, 0x4a, 0x5d, 0xdf, 0x57, 0x6d, 0x55, 0xe1, 0x4a, 
  0x9a, 0x33, 0xc2, 0x4e, 0x00, 0x16, 0x93, 0xba, 0xcc, 0x0b, 0x9b, 0x80, 0x66, 0xc9, 0x5f, 0x7c, 
  0x49, 0xc0, 0x38, 0x61, 0xc5, 0x16, 0xe5, 0x04, 0xab, 0x6c, 0x4e, 0x09, 0x48, 0x27, 0xaf, 0x8d, 
  0x2c, 0x13, 0x28, 0x9c, 0x58, 0xeb, 0x8c, 0x4c, 0x02, 0x95, 0x93, 0x8b, 0x95, 0x13, 0x53, 0x27, 
  0xca, 0x8d, 0xaa, 0x12, 0xc8, 0x1b, 0xeb, 0x6c, 0x96, 0x40, 0xed, 0xa4, 0x8a, 0x72, 0x4a, 0x39, 
  0x5f, 0xe6, 0x94, 0xb4, 0x36, 0x55, 0x61, 0xfc, 0x4d, 0x02, 0xb3, 0x13, 0xf5, 0x26, 0x81, 0xf2, 
  0x44, 0x2d, 0x39, 0x7a, 0xe9, 0xf4, 0x9c, 0xe6, 0xa4, 0xb3, 0x04, 0x16, 0x8d, 0xa2, 0x56, 0xcc, 
  0x64, 0xee, 0x44, 0xa5, 0x73, 0xa5, 0x59, 0xf9, 0xd4, 0xe6, 0x37, 0x8a, 0x18, 0x76, 0xe5, 0x94, 
  0xa5, 0x34, 0xd7, 0x8e, 0xce, 0x4d, 0x73, 0x42, 0x4e, 0x29, 0x4f, 0x60, 0xda, 0x54, 0x24, 0xf3, 
  0x9a, 0x4f, 0x6c, 0x30, 0x59, 0xab, 0xcc, 0x2e, 0x12, 0x78, 0x8f, 0xc9, 0x82, 0xd4, 0x7c, 0xc1, 
  0x58, 0x63, 0x4c, 0x6c, 0xc1, 0xa5, 0xad, 0x31, 0x99, 0x16, 0xd6, 0x16, 0xcb, 0x04, 0x3e, 0x60, 
  0x92, 0xd3, 0x8c, 0x7d, 0x0f, 0x31, 0x31, 0x6d, 0xd4, 0x03, 0x4c, 0xfe, 0x1e, 0x04, 0x41, 0x02, 
  0x44, 0xad, 0xc4, 0xa2, 0x65, 0x71, 0x59, 0xd4, 0x15, 0x2d, 0x0b, 0x47, 0x4e, 0xef, 0xd5, 0xac, 
  0x58, 0xeb, 0x04, 0xcc, 0x5e, 0xad, 0x39, 0xb9, 0xda, 0x2b, 0xa4, 0xad, 0x63, 0x28, 0xf7, 0x7a, 
  0x4e, 0xd2, 0x9d, 0x2d, 0x58, 0xcf, 0xa6, 0x79, 0x9a, 0xab, 0xf4, 0x9a, 0x6f, 0x96, 0x35, 0x43, 
  0x95, 0xfa, 0xc2, 0x9e, 0xd7, 0x98, 0x54, 0xa9, 0x29, 0x72, 0x2e, 0xe5, 0x1a, 0x93, 0x74, 0x21, 
  0xf5, 0x9c, 0xad, 0xa9, 0x8b, 0x2f, 0xcb, 0xcd, 0x5e, 0xcf, 0x59, 0xf7, 0xfd, 0x04, 0x2e, 0xd0, 
  0xde, 0x94, 0x54, 0xcc, 0xce, 0xd6, 0x4a, 0x33, 0x8d, 0x61, 0x52, 0x27, 0x50, 0x13, 0x5e, 0xc4, 
  0x59, 0x91, 0xd6, 0x4b, 0x06, 0x0f, 0x75, 0x9d, 0xe7, 0x90, 0x39, 0x53, 0x1b, 0xd2, 0x1a, 0x3e, 
  0xb3, 0xae, 0xe5, 0x4a, 0xcd, 0xa5, 0x2d, 0x4c, 0x6b, 0x7a, 0x09, 0x33, 0x8a, 0x66, 0xb5, 0x4e, 
  0xad, 0x2a, 0xf4, 0x59, 0x49, 0x9e, 0xb8, 0xcd, 0xc9, 0x72, 0xe7, 0x64, 0xb4, 0x52, 0x29, 0xbd, 
  0x51, 0x1b, 0xca, 0xdf, 0x49, 0x76, 0x46, 0x2f, 0x3b, 0x48, 0xdd, 0xae, 0xf7, 0x12, 0x09, 0x66, 
  0x2c, 0x3c, 0x24, 0xef, 0x9a, 0x05, 0x28, 0x49, 0xf0, 0x0b, 0x97, 0xd2, 0xa6, 0x8b, 0x97, 0x94, 
  0x29, 0xe9, 0x25, 0xde, 0x52, 0x69, 0x9f, 0x2b, 0x2b, 0xf2, 0xda, 0x65, 0x0d, 0xcf, 0xfe, 0x71, 
  0xfb, 0xd2, 0xef, 0x07, 0xc1, 0xe0, 0xce, 0x15, 0x23, 0xce, 0xa4, 0xce, 0xce, 0xbc, 0xa5, 0xdc, 
  0x7c, 0x1d, 0xd3, 0x3b, 0xc6, 0x24, 0x02, 0x3e, 0x9c, 0x00, 0x64, 0xd4, 0xcf, 0x54, 0x55, 0x3a, 
  0x8c, 0x87, 0x2b, 0xae, 0xcf, 0xd3, 0xb4, 0x3e, 0x1b, 0xd7, 0x15, 0xff, 0x8e, 0xad, 0x9e, 0x92, 
  0x10, 0xe2, 0xee, 0x50, 0xc7, 0x92, 0x3c, 0x02, 0x2b, 0x6e, 0xd5, 0xcc, 0xb3, 0x1d, 0x74, 0x85, 
  0xb6, 0x65, 0x69, 0xa4, 0x7e, 0x9a, 0xcb, 0xaa, 0x7a, 0xa1, 0x2a, 0x1b, 0x75, 0x74, 0x3f, 0x2d, 
  0xb4, 0x95, 0x4a, 0x57, 0x9e, 0x15, 0xdd, 0xae, 0xee, 0xcb, 0x2c, 0x63, 0xe9, 0xee, 0x98, 0x68, 
  0xb1, 0x4b, 0xf4, 0xed, 0xe1, 0x6f, 0xce, 0x9a, 0xa6, 0x41, 0x58, 0x39, 0x9e, 0x7e, 0xe5, 0x0e, 
  0x83, 0x16, 0xb7, 0xd4, 0xaf, 0xec, 0x4d, 0x4e, 0x57, 0x76, 0x82, 0xba, 0x97, 0x94, 0x9b, 0xe4, 
  0x18, 0x33, 0xa7, 0x36, 0x08, 0x4c, 0x8b, 0xa2, 0xb0, 0x66, 0x18, 0x43, 0xd2, 0xd2, 0xc3, 0x9c, 
  0x96, 0xae, 0x38, 0x12, 0x91, 0x21, 0x5b, 0x1b, 0x7d, 0xb6, 0x2b, 0xa6, 0xdb, 0xe5, 0x02, 0x15, 
  0xf3, 0x02, 0x1d, 0xf7, 0x99, 0x01, 0x19, 0x7b, 0x49, 0xb3, 0xc2, 0x38, 0xa3, 0x11, 0xa0, 0x8e, 
  0xd9, 0x3f, 0xed, 0xf8, 0xb7, 0xe7, 0x1d, 0x58, 0x92, 0xa9, 0x55, 0x02, 0xce, 0x78, 0xe7, 0x56, 
  0xc4, 0x8a, 0xd0, 0xdd, 0xe5, 0xbf, 0x49, 0x5e, 0xbf, 0x94, 0xe5, 0xb1, 0x13, 0x6e, 0x0e, 0xb4, 
  0x40, 0xb5, 0xc4, 0x24, 0x26, 0xd6, 0x48, 0x5d, 0xe5, 0xd2, 0x72, 0x96, 0x9e, 0x75, 0x75, 0x40, 
  0xd2, 0x6b, 0xea, 0x11, 0x49, 0x24, 0x3b, 0xb8, 0xa2, 0xfe, 0x9c, 0x1c, 0x5d, 0x6e, 0x93, 0x5d, 
  0xc5, 0xfd, 0xe6, 0x08, 0x53, 0x5b, 0xa2, 0x04, 0xf6, 0x57, 0xce, 0x0f, 0x52, 0x80, 0x1d, 0x06, 
  0xdb, 0xad, 0x76, 0x0f, 0x3b, 0x32, 0x2c, 0x8d, 0x54, 0xdc, 0xfc, 0x68, 0xb9, 0x08, 0x17, 0xed, 
  0xbb, 0xe5, 0x37, 0xfd, 0x01, 0xbf, 0xcd, 0x8e, 0x5f, 0xcb, 0xcd, 0xa0, 0xed, 0xe9, 0xc8, 0x74, 
  0x70, 0x7a, 0x42, 0x61, 0xba, 0x87, 0x33, 0x02, 0xf6, 0x74, 0xa6, 0x32, 0xbd, 0x9e, 0x9b, 0x82, 
  0x77, 0x1b, 0xda, 0xa3, 0xb1, 0x30, 0x19, 0x99, 0x71, 0x91, 0x17, 0x06, 0x75, 0x0b, 0xfb, 0xe6, 
  0xfb, 0xa8, 0xef, 0xbf, 0xf9, 0xb1, 0xf8, 0x1a, 0x12, 0x86, 0x56, 0x1d, 0x7c, 0x73, 0x44, 0x7e, 
  0xb3, 0x03, 0x56, 0x47, 0xe0, 0x76, 0x0f, 0xed, 0x7e, 0xfd, 0x83, 0xb5, 0xd9, 0x53, 0x68, 0xff, 
  0x6a, 0xe4, 0xfd, 0x36, 0x57, 0xfa, 0x05, 0xcd, 0x2c, 0x9a, 0xd8, 0xb7, 0xf7, 0xcf, 0x1b, 0x77, 
  0x18, 0x7c, 0x15, 0xf0, 0xa1, 0x28, 0x9d, 0x5f, 0x1f, 0xfc, 0x2d, 0xf3, 0x31, 0xe1, 0x6d, 0xc9, 
  0x4d, 0xaa, 0x56, 0x14, 0x76, 0x82, 0x3b, 0x58, 0xb3, 0xde, 0xef, 0xf7, 0xc7, 0x04, 0xa9, 0x2c, 
  0xb9, 0x09, 0x1a, 0xeb, 0xb1, 0xa2, 0x0f, 0x27, 0x15, 0x59, 0xd7, 0xff, 0xcd, 0x3c, 0xb9, 0x0e, 
  0x27, 0x4d, 0xc6, 0x23, 0xe7, 0x89, 0xd7, 0x14, 0x8e, 0xe9, 0xa4, 0xaf, 0x1f, 0x9e, 0x1e, 0xda, 
  0x35, 0xfe, 0xb7, 0xe7, 0xdc, 0x91, 0x8b, 0x6e, 0xd7, 0xed, 0x94, 0x23, 0xde, 0x83, 0xaf, 0x6f, 
  0x30, 0xd2, 0xdb, 0x2d, 0x06, 0x60, 0xf8, 0x69, 0xfb, 0x39, 0xe9, 0xb9, 0x5d, 0xf8, 0x83, 0xa8, 
  0x6d, 0x38, 0x33, 0xc4, 0xf3, 0xc1, 0xcf, 0xbf, 0xfd, 0xfc, 0xfb, 0x4f, 0xbf, 0xfe, 0xfc, 0x5b, 
  0xc4, 0x5d, 0xe4, 0x45, 0xc6, 0xd7, 0xa3, 0x41, 0x24, 0x14, 0xca, 0x58, 0xf7, 0xcc, 0x68, 0x34, 
  0x08, 0x1f, 0x93, 0xe7, 0xb1, 0x28, 0xee, 0x9f, 0x0b, 0xb0, 0x57, 0x6a, 0x32, 0xa4, 0x58, 0xa3, 
  0x0a, 0x0d, 0xaa, 0xfd, 0xd4, 0x90, 0x6f, 0xaf, 0xf4, 0x64, 0x88, 0xf6, 0xca, 0x4c, 0x7c, 0xf6, 
  0x86, 0xe6, 0x58, 0xca, 0x6b, 0xe6, 0xb3, 0x1f, 0x0f, 0xaf, 0xe5, 0x85, 0xa3, 0x96, 0x19, 0xfa, 
  0x03, 0x90, 0xfc, 0x68, 0x80, 0x5b, 0x42, 0x3a, 0x92, 0x43, 0x34, 0x91, 0xec, 0xf5, 0x04, 0xaf, 
  0x16, 0xf2, 0xec, 0x95, 0x9c, 0x08, 0x5e, 0x33, 0x28, 0xa3, 0xa9, 0xe1, 0x66, 0xb9, 0xdb, 0x87, 
  0x2a, 0x8e, 0x52, 0x23, 0x8e, 0x57, 0xbe, 0xbf, 0x0f, 0x55, 0x2e, 0x54, 0xa2, 0xda, 0x85, 0xb6, 
  0x98, 0x57, 0x0a, 0xe4, 0xe4, 0xae, 0xf9, 0xe5, 0xae, 0x09, 0x09, 0x47, 0xd4, 0x8e, 0x38, 0x5c, 
  0x9c, 0x6a, 0xdd, 0x2e, 0x8d, 0x02, 0xf8, 0x4c, 0xc8, 0x74, 0xaf, 0x49, 0xc0, 0x23, 0x27, 0x5c, 
  0xd0, 0xc9, 0xbd, 0xbe, 0x3c, 0xdc, 0x2b, 0x06, 0xa0, 0xb0, 0x33, 0xd8, 0x0f, 0xad, 0x8a, 0x1f, 
  0x85, 0x9f, 0x09, 0x0a, 0x16, 0x2e, 0x28, 0xbc, 0xa6, 0xe8, 0x8a, 0xa3, 0x26, 0x28, 0xdb, 0x70, 
  0xd1, 0xdc, 0x74, 0x85, 0x6e, 0x35, 0x41, 0xda, 0xbc, 0x22, 0xb7, 0x34, 0x47, 0x3e, 0x27, 0x60, 
  0xc1, 0x20, 0x0e, 0xc4, 0x89, 0x5b, 0x4f, 0x22, 0xca, 0x2b, 0x3a, 0x6b, 0x5d, 0x7e, 0xeb, 0xd3, 
  0xfb, 0xa3, 0xad, 0x6f, 0x7f, 0x07, 0x06, 0x6d, 0x64, 0x86, 0xc8, 0x73, 0xd9, 0xeb, 0xb5, 0x6c, 
  0x2c, 0x47, 0x99, 0x49, 0x54, 0x34, 0x1b, 0xd3, 0xb3, 0xc3, 0x2a, 0xae, 0xd0, 0x86, 0x76, 0x94, 
  0xb2, 0x96, 0xa2, 0xe5, 0x91, 0xdf, 0xdf, 0x4a, 0x15, 0xc7, 0x97, 0x90, 0xc6, 0xb1, 0x7f, 0x39, 
  0x39, 0x59, 0xa7, 0xdf, 0x4c, 0xdf, 0xff, 0xd8, 0x22, 0x40, 0xba, 0xb7, 0x15, 0x11, 0x21, 0x5a, 
  0xce, 0xa4, 0x1c, 0xb1, 0xd8, 0xa3, 0x7b, 0xa8, 0xc1, 0xde, 0x47, 0x2d, 0x42, 0x8f, 0xee, 0x3b, 
  0x99, 0x0d, 0xa2, 0x2d, 0xb8, 0x40, 0xcd, 0x85, 0x05, 0xf1, 0x5b, 0x0a, 0xbf, 0x40, 0x85, 0x8a, 
  0x95, 0xf8, 0x31, 0x85, 0x7f, 0x12, 0x17, 0x22, 0x9d, 0xf2, 0x27, 0x71, 0x5f, 0x41, 0x8e, 0x95, 
  0x57, 0x78, 0xff, 0x76, 0x20, 0x42, 0x40, 0x8d, 0x69, 0xab, 0x59, 0xa7, 0x65, 0xf8, 0x1f, 0xf2, 
  0x34, 0xe4, 0x02, 0x66, 0xad, 0x54, 0x1f, 0xb6, 0x74, 0x93, 0x9b, 0x89, 0xe4, 0x43, 0xf7, 0xcc, 
  0xf0, 0xa3, 0x97, 0x81, 0x9f, 0xbb, 0x0c, 0x8d, 0x61, 0xc6, 0x86, 0x19, 0xf8, 0xb5, 0xcb, 0xe2, 
  0x56, 0x1f, 0xe2, 0x39, 0xb3, 0xc5, 0xec, 0x9e, 0x02, 0x8b, 0xb3, 0x7b, 0xd2, 0xf1, 0xc5, 0xd2, 
  0xed, 0x8f, 0x4c, 0x38, 0x8b, 0xf5, 0x2c, 0xcc, 0x38, 0xf6, 0x8a, 0xc0, 0x9e, 0xdc, 0xc6, 0x9b, 
  0x6f, 0x6e, 0xe3, 0xe4, 0x7e, 0x0e, 0xad, 0x8f, 0xe8, 0x20, 0xd5, 0x55, 0x30, 0xc1, 0x80, 0xb3, 
  0xed, 0xd5, 0x41, 0xa3, 0xaa, 0xa6, 0xef, 0x1e, 0x11, 0xf6, 0x07, 0xf0, 0x94, 0xf0, 0x76, 0x59, 
  0x64, 0x14, 0xfe, 0x04, 0xa5, 0xcc, 0xc2, 0x47, 0x74, 0x07, 0x2f, 0xd8, 0xe4, 0xe4, 0x00, 0xaa, 
  0x62, 0xb6, 0xfb, 0x4f, 0xd1, 0x84, 0xf0, 0x5a, 0x79, 0xca, 0xd1, 0x4a, 0x87, 0x2f, 0x08, 0xf8, 
  0x43, 0xce, 0xaf, 0x93, 0x95, 0xf2, 0xee, 0x84, 0xd8, 0x8e, 0xc6, 0xda, 0x7a, 0x5a, 0xc4, 0x97, 
  0x3b, 0x07, 0x17, 0xf8, 0x82, 0xfa, 0x9c, 0x19, 0x35, 0xb0, 0xe0, 0x92, 0xa3, 0x89, 0x83, 0x16, 
  0x80, 0x0d, 0x0e, 0x83, 0x0d, 0x3f, 0x31, 0xf0, 0xee, 0xc8, 0xd3, 0xd3, 0x8f, 0xfb, 0x8b, 0xbf, 
  0x7c, 0xd2, 0x28, 0x8e, 0xed, 0xd1, 0xf7, 0xe5, 0xf0, 0x59, 0x70, 0x5d, 0x68, 0xf1, 0x85, 0x67, 
  0x81, 0x0b, 0xd5, 0x2c, 0x68, 0xa0, 0xc3, 0x7e, 0x11, 0x91, 0x75, 0x8d, 0xd9, 0xb4, 0xb8, 0x6b, 
  0xdc, 0x76, 0xca, 0x44, 0x9b, 0xb2, 0x13, 0x44, 0xb6, 0xd7, 0xbb, 0xdb, 0x29, 0x83, 0x63, 0xf2, 
  0xcb, 0xaf, 0xbe, 0x39, 0xba, 0xcf, 0x57, 0x00, 0xca, 0xbd, 0xe5, 0x06, 0x24, 0x63, 0x18, 0x57, 
  0x95, 0x03, 0x2c, 0x58, 0x51, 0x7b, 0xa5, 0x6a, 0x3c, 0x0b, 0x69, 0xb8, 0x0d, 0x2e, 0x05, 0xa4, 
  0xce, 0xd7, 0xaa, 0xac, 0xe5, 0x8d, 0xd3, 0xdd, 0x81, 0xd3, 0x6a, 0xe7, 0x6b, 0x35, 0x17, 0x9a, 
  0x35, 0x4e, 0x77, 0x1f, 0x2e, 0xcf, 0xcc, 0x39, 0x0f, 0x5a, 0x89, 0xd6, 0x27, 0x58, 0xe2, 0x5b, 
  0xf2, 0x4a, 0x01, 0x0b, 0xfc, 0x2f, 0xb5, 0x9d, 0x0a, 0x6d, 0x87, 0xc2, 0x1c, 0x59, 0x60, 0xe7, 
  0x42, 0xf8, 0x4b, 0x11, 0x79, 0xe5, 0x70, 0x40, 0xfe, 0xf9, 0xcf, 0xdb, 0xed, 0x7c, 0x34, 0x08, 
  0xdc, 0xf8, 0x95, 0x18, 0x80, 0x47, 0x88, 0xee, 0x13, 0x8c, 0xb8, 0x33, 0x35, 0x31, 0x0c, 0x8b, 
  0xe7, 0xdd, 0x6e, 0xde, 0xc1, 0x4b, 0x36, 0x4a, 0x6c, 0xa0, 0x9d, 0xa5, 0xee, 0xa0, 0xef, 0x4c, 
  0x05, 0x9b, 0x76, 0x93, 0xf4, 0x09, 0xcb, 0xed, 0x76, 0xb1, 0xdd, 0x0e, 0xe8, 0x27, 0x58, 0xb9, 
  0x41, 0x18, 0x04, 0xf0, 0xb8, 0xc1, 0xfd, 0xe4, 0xfa, 0xfb, 0x86, 0x7b, 0xdd, 0xb5, 0xb2, 0xff, 
  0xe9, 0x1e, 0x67, 0xc7, 0x20, 0x26, 0xf7, 0xe8, 0x0f, 0xc2, 0x41, 0x28, 0x05, 0xac, 0xee, 0x33, 
  0x15, 0x38, 0xff, 0x59, 0xc0, 0x14, 0x69, 0x84, 0x79, 0x33, 0x2d, 0x38, 0xd8, 0x6e, 0xf9, 0xf9, 
  0x53, 0xb7, 0x7b, 0x33, 0xc4, 0xbc, 0x91, 0xcf, 0x59, 0x66, 0xb7, 0x88, 0xf3, 0xf0, 0x12, 0x36, 
  0xae, 0xd2, 0x0a, 0x6e, 0x86, 0x53, 0xb7, 0x15, 0x71, 0x1a, 0x4f, 0xc3, 0x67, 0xe4, 0x4d, 0xe1, 
  0x86, 0xe1, 0xde, 0x33, 0x9c, 0x9b, 0x97, 0xde, 0x1e, 0xce, 0x1e, 0xe0, 0x8a, 0x53, 0xb8, 0x31, 
  0xda, 0x21, 0xd6, 0x6e, 0x16, 0x1b, 0xb8, 0x59, 0x03, 0xf7, 0x7e, 0x84, 0x75, 0x23, 0x9f, 0xb3, 
  0xcc, 0x6e, 0x11, 0xd7, 0xa1, 0x7f, 0x09, 0x6b, 0xe4, 0xf4, 0x29, 0xbc, 0x1f, 0x8d, 0xbb, 0x5d, 
  0x3e, 0x35, 0x8e, 0xc7, 0x21, 0x13, 0x18, 0xc3, 0x7b, 0x71, 0x98, 0xb2, 0x0d, 0xe2, 0xba, 0xdb, 
  0xdd, 0xb4, 0xc3, 0xb5, 0xe6, 0xe1, 0x67, 0x98, 0xab, 0x0d, 0xac, 0x27, 0xcd, 0x7c, 0xbd, 0x6b, 
  0xfe, 0x4b, 0x3c, 0xd5, 0x36, 0xef, 0xbf, 0xaa, 0x97, 0x53, 0x32, 0x8f, 0x0a, 0xb3, 0x94, 0xd6, 
  0xbb, 0x88, 0x3f, 0xf7, 0x73, 0xa9, 0xe7, 0xb5, 0x9c, 0x53, 0x98, 0x90, 0xf6, 0x3f, 0xbe, 0x4f, 
  0x04, 0xfc, 0xab, 0xd9, 0xfb, 0xef, 0xfa, 0xb3, 0x36, 0x88, 0x04, 0x3c, 0x21, 0x7c, 0x29, 0xed, 
  0x02, 0x3e, 0x12, 0x3e, 0xa1, 0xfe, 0x9b, 0xa7, 0xf0, 0xef, 0x46, 0x90, 0xd3, 0x0a, 0x1e, 0x37, 
  0xd2, 0x2c, 0x2f, 0x0a, 0x03, 0xcf, 0xff, 0xcf, 0xba, 0x95, 0x6f, 0xb7, 0x6d, 0x33, 0xfb, 0xff, 
  0xef, 0x53, 0xd8, 0x3d, 0x69, 0x0f, 0x69, 0x8d, 0x36, 0xbb, 0x59, 0x4a, 0x1b, 0xf1, 0x71, 0x9a, 
  0x7d, 0x6d, 0xf6, 0xa4, 0xaa, 0x3e, 0x93, 0x96, 0x60, 0x89, 0x89, 0x04, 0x28, 0x20, 0xe4, 0xd8, 
  0x51, 0xf4, 0xee, 0xf7, 0x37, 0x00, 0x49, 0x41, 0xb2, 0x7d, 0xd7, 0xcf, 0xad, 0xc8, 0xe1, 0x60, 
  0xb0, 0x0d, 0x80, 0xd9, 0x30, 0x71, 0xb0, 0xb3, 0x6d, 0xe8, 0x9b, 0x83, 0x07, 0x32, 0x9f, 0xd0, 
  0x53, 0x07, 0xf2, 0x46, 0xfd, 0xec, 0x21, 0x6c, 0xd5, 0x4f, 0x0e, 0x9a, 0xe9, 0xef, 0xf4, 0xb7, 
  0x83, 0x8a, 0x7c, 0xa4, 0xe8, 0xb5, 0x03, 0x27, 0x7a, 0x84, 0x15, 0xfc, 0x51, 0x82, 0xbb, 0x74, 
  0x43, 0x0a, 0xde, 0xf4, 0xa2, 0x0b, 0xb5, 0xe8, 0x28, 0xd5, 0x18, 0x63, 0xda, 0xb1, 0x24, 0xed, 
  0x5a, 0x41, 0xe6, 0x4b, 0xda, 0x36, 0xa6, 0x7b, 0xa2, 0xdb, 0xee, 0xac, 0xc4, 0x81, 0xb5, 0x81, 
  0x86, 0xc5, 0xbe, 0x88, 0xe4, 0xbf, 0xe4, 0xdd, 0xbb, 0x7b, 0xdd, 0xb8, 0x19, 0xf9, 0x77, 0xfc, 
  0xb3, 0x13, 0x37, 0x82, 0x63, 0xa6, 0x6c, 0x75, 0xcc, 0x4a, 0xf6, 0x82, 0xff, 0x9f, 0xbd, 0x1d, 
  0x0b, 0xe4, 0x8a, 0xce, 0x04, 0x0d, 0x6f, 0x95, 0x0e, 0x11, 0xb6, 0x57, 0x5a, 0x11, 0x04, 0x46, 
  0xf6, 0x87, 0x80, 0xd2, 0x55, 0x3b, 0x94, 0x49, 0x84, 0x81, 0x4b, 0xb7, 0x40, 0xb9, 0x15, 0xfc, 
  0xb1, 0x58, 0x52, 0x66, 0x9d, 0xd2, 0x25, 0xed, 0x27, 0x07, 0xa4, 0xa5, 0xc2, 0xe1, 0x9c, 0x6c, 
  0x1a, 0x38, 0x10, 0x3e, 0xf5, 0xa4, 0x2e, 0x67, 0x9d, 0x43, 0x8f, 0x45, 0xfb, 0x9f, 0xd6, 0x3f, 
  0xc3, 0x9d, 0xc3, 0xe8, 0x50, 0xfc, 0xb1, 0xb8, 0x45, 0xcb, 0x9f, 0x1d, 0x7e, 0xc6, 0xed, 0xd1, 
  0x94, 0xe6, 0xae, 0x0e, 0x0b, 0x9a, 0x73, 0xee, 0xf8, 0xe7, 0xcf, 0xa9, 0xc5, 0xd9, 0x2f, 0x00, 
  0xc6, 0x95, 0x04, 0xdb, 0xf7, 0xba, 0x31, 0xbd, 0xb1, 0x90, 0x4b, 0xf6, 0xd2, 0x6d, 0xcb, 0x79, 
  0x53, 0xd1, 0xe3, 0x98, 0x75, 0xb1, 0x12, 0xa1, 0x70, 0x2a, 0xa9, 0x8d, 0x50, 0x10, 0xe9, 0xb5, 
  0x3c, 0x63, 0x3a, 0x0b, 0x4f, 0x60, 0x28, 0xcf, 0x5f, 0x9d, 0x46, 0xa9, 0x6c, 0xa6, 0x31, 0x8e, 
  0xaa, 0xb7, 0x01, 0xa0, 0x36, 0x54, 0x1f, 0x6d, 0x16, 0xb3, 0x49, 0x6e, 0x51, 0x96, 0x56, 0xdb, 
  0xb6, 0x81, 0x0e, 0xe7, 0x3c, 0xa6, 0xa5, 0xbc, 0xb1, 0x50, 0xcb, 0x74, 0x59, 0xf6, 0xf0, 0xde, 
  0x99, 0xcc, 0x81, 0x40, 0x1f, 0xda, 0x35, 0x89, 0x8b, 0x3a, 0xef, 0x23, 0x3c, 0x78, 0xb1, 0xb1, 
  0x13, 0x82, 0x15, 0x39, 0xbd, 0x44, 0xf8, 0x4d, 0x5e, 0x4d, 0x39, 0xbb, 0x44, 0xf9, 0xe8, 0x1a, 
  0x4a, 0x1e, 0x8d, 0x85, 0xbc, 0xa9, 0x39, 0xb8, 0xce, 0x08, 0x85, 0xd3, 0xb6, 0xb3, 0x63, 0xab, 
  0x93, 0xf8, 0x4c, 0x42, 0xef, 0xab, 0x9d, 0xa8, 0xdb, 0xd8, 0xdd, 0xd9, 0x69, 0xde, 0xdc, 0x8d, 
  0xe3, 0xb6, 0x72, 0x6b, 0x3c, 0xb5, 0xee, 0x14, 0xae, 0x59, 0xf3, 0xe3, 0x70, 0x67, 0x46, 0xb0, 
  0xe3, 0x65, 0x5c, 0x71, 0xa9, 0x95, 0xc6, 0xd0, 0x91, 0x3f, 0x7f, 0xa6, 0x69, 0x5c, 0x32, 0x39, 
  0xf0, 0xd8, 0xec, 0xa6, 0xe2, 0xed, 0xf5, 0x29, 0x13, 0x06, 0xab, 0x36, 0x8b, 0xc6, 0x36, 0xae, 
  0xed, 0x45, 0x0d, 0x03, 0x48, 0x1f, 0xa8, 0x7d, 0xbd, 0xb2, 0x7f, 0x20, 0x92, 0x75, 0x4c, 0x0a, 
  0x62, 0x0a, 0xa2, 0x52, 0x12, 0xe0, 0x80, 0xbe, 0x10, 0x9d, 0xfd, 0xe2, 0xc0, 0x94, 0x1d, 0xee, 
  0x17, 0x55, 0x35, 0x18, 0x57, 0xce, 0x5a, 0xe1, 0x05, 0x33, 0xbd, 0xa2, 0xcf, 0xeb, 0xa5, 0x97, 
  0x69, 0xc2, 0xf0, 0x8e, 0x82, 0x06, 0x89, 0xf4, 0x5d, 0xd1, 0x81, 0x02, 0xb5, 0x71, 0x83, 0xc1, 
  0x0c, 0x78, 0x7c, 0xf1, 0x0b, 0x1a, 0xa5, 0xac, 0x3c, 0x48, 0xde, 0x43, 0x8a, 0x4d, 0xb0, 0xa5, 
  0x5a, 0xb3, 0x79, 0x31, 0x8e, 0xe6, 0x31, 0x4d, 0xad, 0xf3, 0x53, 0xe6, 0xc0, 0x2e, 0xab, 0xc5, 
  0xf7, 0x26, 0xc1, 0xb1, 0x15, 0x38, 0x0d, 0x67, 0x96, 0x67, 0x76, 0x81, 0xa7, 0xdb, 0xfd, 0xfc, 
  0xe8, 0xd3, 0x89, 0x15, 0x47, 0xc6, 0x64, 0x17, 0xad, 0xbc, 0x70, 0x6f, 0x3a, 0xb7, 0xc2, 0x8b, 
  0x35, 0x60, 0x20, 0xe4, 0xe4, 0x48, 0x1a, 0x7a, 0xeb, 0xcf, 0x91, 0x10, 0xe2, 0x4c, 0xe7, 0xc3, 
  0xad, 0x40, 0x1a, 0xfc, 0x79, 0xcd, 0xa1, 0x2d, 0xac, 0xc9, 0xd5, 0x28, 0x38, 0xb2, 0xdf, 0x41, 
  0x58, 0x71, 0x6d, 0xdb, 0x6d, 0x70, 0x79, 0xc9, 0x93, 0xd7, 0x0a, 0xd5, 0xe6, 0x03, 0xab, 0xcd, 
  0xbe, 0x15, 0xe5, 0x39, 0x71, 0x06, 0xd5, 0xab, 0x93, 0x2f, 0x72, 0x60, 0xab, 0x39, 0x05, 0xf6, 
  0xc1, 0xbb, 0x6b, 0xba, 0xd7, 0xae, 0x42, 0xfa, 0xdb, 0x6f, 0xdb, 0xdb, 0x5e, 0x26, 0x3c, 0xb0, 
  0x65, 0x23, 0xec, 0xd5, 0xfd, 0x65, 0xb4, 0xd5, 0x4c, 0x8d, 0xc3, 0xf5, 0x3e, 0x57, 0xf6, 0x8e, 
  0x9b, 0x39, 0x34, 0xad, 0x48, 0x8f, 0x8f, 0x67, 0x5c, 0x78, 0x7c, 0x9c, 0x06, 0x3e, 0x8e, 0x75, 
  0x7b, 0xf6, 0x7b, 0x15, 0x37, 0xe0, 0xc1, 0x9f, 0x70, 0xc7, 0x95, 0xe1, 0x00, 0x91, 0x8d, 0xb3, 
  0x1a, 0xad, 0xec, 0xfb, 0xb8, 0x24, 0x31, 0x90, 0x0f, 0x78, 0x82, 0x50, 0x79, 0x2e, 0x47, 0x95, 
  0xcd, 0xb2, 0xda, 0x25, 0x30, 0xf0, 0x61, 0x56, 0x57, 0x78, 0x67, 0x5c, 0x2b, 0x58, 0xd5, 0x82, 
  0x7b, 0xc5, 0x9b, 0x1d, 0x7b, 0x67, 0x86, 0x33, 0x87, 0x0a, 0x44, 0x9a, 0x64, 0x54, 0x22, 0xd0, 
  0x05, 0x1e, 0x60, 0x59, 0xa6, 0x06, 0x98, 0x37, 0xa6, 0x18, 0x07, 0x34, 0xb5, 0x5d, 0xef, 0x07, 
  0xaa, 0xb0, 0x01, 0x56, 0x5d, 0xa2, 0xda, 0x96, 0x8c, 0xe1, 0x5f, 0x7f, 0x84, 0x82, 0xdb, 0xe8, 
  0x6d, 0xd5, 0x5d, 0x6d, 0xff, 0x06, 0xee, 0x55, 0xb0, 0x8a, 0xf0, 0x5a, 0x5d, 0x70, 0xaa, 0xa8, 
  0xdb, 0xc5, 0xe1, 0xdd, 0x57, 0x07, 0xb6, 0x9a, 0x8a, 0xaa, 0x36, 0xbc, 0x11, 0xec, 0xb0, 0xd5, 
  0x64, 0x96, 0xbb, 0x37, 0xb1, 0xf5, 0xdd, 0x7f, 0xb7, 0xce, 0x64, 0x8b, 0x0f, 0x5f, 0x79, 0x80, 
  0x30, 0x14, 0xc3, 0x88, 0x38, 0xe1, 0x4f, 0x51, 0x7f, 0x56, 0xcb, 0xef, 0x17, 0xf4, 0x11, 0xcc, 
  0x9d, 0xaf, 0x50, 0x57, 0x74, 0x64, 0xc5, 0xee, 0x6a, 0xad, 0xbe, 0xd4, 0xca, 0x26, 0xe0, 0x2f, 
  0xe5, 0xde, 0xf1, 0x33, 0xab, 0xb1, 0xd5, 0x3e, 0x8c, 0x76, 0x6e, 0x24, 0xaf, 0x97, 0xbe, 0x9b, 
  0xf9, 0x5a, 0xb9, 0xd0, 0x20, 0xce, 0xef, 0xb2, 0xfa, 0x97, 0x70, 0xf3, 0xfc, 0x46, 0xdc, 0x8f, 
  0x01, 0x37, 0x9b, 0x7d, 0xff, 0x51, 0xd2, 0x35, 0x40, 0x77, 0xa0, 0x36, 0xc9, 0x32, 0x91, 0x37, 
  0x1a, 0x9e, 0x70, 0x19, 0x04, 0x9f, 0x5e, 0xd8, 0x3a, 0x8a, 0xf5, 0x70, 0xb5, 0x7d, 0xac, 0x90, 
  0x10, 0xfd, 0xf5, 0xb2, 0xad, 0xf3, 0x52, 0x86, 0xbc, 0xb4, 0xfe, 0xa4, 0xc3, 0xfb, 0x97, 0x3d, 
  0x55, 0xd5, 0xe8, 0xae, 0xcc, 0x96, 0x27, 0x36, 0xb2, 0x68, 0x0a, 0x7b, 0x2e, 0xb2, 0xe2, 0x2f, 
  0xeb, 0xac, 0x46, 0xbb, 0xf4, 0x8d, 0xb1, 0xb0, 0x7c, 0x2b, 0xed, 0x6a, 0x0d, 0xb0, 0xeb, 0xec, 
  0xaa, 0x79, 0xbb, 0x5a, 0x2a, 0x66, 0x3a, 0x5a, 0xa1, 0x5c, 0x98, 0xb2, 0xb4, 0xae, 0x24, 0x51, 
  0x49, 0x1e, 0xe4, 0xfb, 0x12, 0xd4, 0x3e, 0xb8, 0x66, 0x7a, 0xb2, 0x1f, 0x2f, 0x7d, 0xc5, 0x9e, 
  0x97, 0x23, 0xa7, 0x46, 0x4f, 0x23, 0x05, 0xc9, 0xab, 0xa1, 0x99, 0x2b, 0xad, 0xda, 0xb4, 0xb1, 
  0x6b, 0x71, 0xa5, 0xe4, 0x28, 0xab, 0x05, 0xf8, 0x55, 0xcd, 0x67, 0x4e, 0x94, 0x31, 0x3d, 0x7a, 
  0x20, 0x19, 0xf2, 0xa5, 0xb3, 0xc9, 0x17, 0xbf, 0x8e, 0xde, 0x71, 0x2d, 0x84, 0x46, 0x9d, 0xa0, 
  0xc9, 0x2e, 0x9a, 0xd4, 0x15, 0xb5, 0x5c, 0x89, 0x60, 0xcd, 0xed, 0x4e, 0xca, 0x53, 0x99, 0xc7, 
  0x38, 0xc1, 0x93, 0x49, 0xe4, 0xa5, 0x1b, 0x0b, 0x59, 0x7b, 0xc8, 0x5b, 0x16, 0x34, 0xc9, 0x57, 
  0x4b, 0x43, 0xc8, 0xcd, 0x8d, 0x51, 0x0e, 0x2e, 0x35, 0x69, 0xc5, 0x80, 0x9b, 0x54, 0x22, 0x73, 
  0x81, 0xa3, 0x82, 0x39, 0x03, 0x31, 0xe6, 0x77, 0xc5, 0x21, 0x4c, 0xed, 0x47, 0xec, 0x42, 0xa2, 
  0x51, 0x61, 0xd1, 0xbe, 0x38, 0x82, 0x6b, 0x3b, 0xf4, 0x0b, 0xaa, 0xb0, 0xd5, 0x7d, 0xc1, 0x12, 
  0xdb, 0x17, 0x71, 0x5e, 0x0e, 0x34, 0x19, 0x5f, 0x16, 0x88, 0x72, 0xe3, 0xf6, 0xfd, 0x4b, 0x5b, 
  0x05, 0x8b, 0xbf, 0xcd, 0xe5, 0x5c, 0xbe, 0xc8, 0x07, 0x46, 0xdb, 0xac, 0xf8, 0x7a, 0x17, 0x41, 
  0xe3, 0x43, 0x48, 0x20, 0xc8, 0xb6, 0x69, 0x5e, 0xc8, 0x96, 0x8b, 0xc5, 0x22, 0x7e, 0x19, 0xb7, 
  0xec, 0x58, 0x2a, 0xec, 0xb6, 0x64, 0x9d, 0x7e, 0x75, 0x64, 0xb0, 0x53, 0x64, 0xb8, 0x15, 0x49, 
  0xd5, 0x91, 0x1b, 0x32, 0x25, 0x83, 0x54, 0xbc, 0x31, 0x7f, 0x13, 0xce, 0x9f, 0x77, 0x01, 0x8b, 
  0x8b, 0x7a, 0xcd, 0x15, 0x5b, 0x5a, 0x40, 0xba, 0x40, 0x4d, 0xbc, 0x5f, 0x69, 0xd5, 0xff, 0x76, 
  0xf7, 0x65, 0x3e, 0x32, 0xa1, 0xaf, 0xeb, 0x55, 0xb9, 0xee, 0x34, 0x77, 0x97, 0xf5, 0xb8, 0xd7, 
  0x7e, 0xa5, 0xfe, 0x74, 0x2d, 0x1e, 0x82, 0x68, 0xe9, 0xc3, 0x8d, 0x99, 0xad, 0x4f, 0x2e, 0x90, 
  0xc0, 0xdd, 0x4d, 0x09, 0x5c, 0x1a, 0x02, 0x10, 0x89, 0xa8, 0xe4, 0xa4, 0x43, 0x5e, 0x16, 0x43, 
  0xc0, 0xc7, 0x95, 0x2b, 0xe9, 0xf0, 0xdb, 0x02, 0x47, 0xfa, 0xaa, 0x61, 0x72, 0x21, 0x86, 0x88, 
  0x72, 0x3c, 0xeb, 0x3a, 0xcb, 0x65, 0x09, 0x75, 0x56, 0xe3, 0x7c, 0xe2, 0x15, 0x0c, 0xfc, 0x8c, 
  0x4a, 0x19, 0xd6, 0x83, 0x41, 0x23, 0xea, 0x40, 0x74, 0x57, 0xae, 0x6c, 0x2d, 0xd2, 0x84, 0x2a, 
  0x43, 0x59, 0x18, 0xbb, 0xc8, 0x59, 0x04, 0x99, 0x5a, 0x04, 0x61, 0x0a, 0xbe, 0x08, 0x42, 0xcc, 
  0xac, 0x4b, 0x27, 0x88, 0x30, 0x37, 0x6c, 0xc4, 0xbd, 0xd6, 0x1b, 0xcd, 0xd8, 0x0f, 0xeb, 0x12, 
  0x87, 0xdf, 0xf2, 0xa6, 0x69, 0x74, 0x63, 0x36, 0xdd, 0x82, 0x15, 0x43, 0xfb, 0xcc, 0x3d, 0xd3, 
  0xc8, 0xf6, 0x15, 0x3a, 0xc4, 0xc9, 0x13, 0xd9, 0x4a, 0x66, 0x28, 0xc7, 0x24, 0x53, 0xa9, 0x74, 
  0xc0, 0x18, 0x95, 0x5d, 0x71, 0xca, 0x0a, 0x13, 0xcc, 0x9c, 0x37, 0xf2, 0x73, 0xd8, 0x21, 0xe9, 
  0xd3, 0x4c, 0xcd, 0x33, 0x73, 0x91, 0x52, 0xfa, 0x50, 0x9e, 0x98, 0x12, 0x7c, 0x91, 0x99, 0xc1, 
  0x18, 0xef, 0xa3, 0x99, 0xc9, 0x27, 0xee, 0x9b, 0xb1, 0x4f, 0xe7, 0x4a, 0xba, 0xd7, 0x84, 0xbf, 
  0x8e, 0xe6, 0xa3, 0x79, 0x61, 0x01, 0xbc, 0x95, 0x33, 0x2b, 0xd9, 0x5c, 0x01, 0xfc, 0x6a, 0x60, 
  0xb5, 0x87, 0x5e, 0xea, 0xb3, 0x0a, 0x79, 0x5f, 0x0e, 0x3c, 0xd8, 0xa7, 0x37, 0xdc, 0xe5, 0x5b, 
  0x38, 0x54, 0x99, 0xeb, 0x46, 0x97, 0xc0, 0xbb, 0xb9, 0x2c, 0x3c, 0xf4, 0x51, 0x0e, 0x55, 0x05, 
  0xbf, 0x1b, 0xcf, 0x4d, 0x09, 0x3e, 0x34, 0xb9, 0x07, 0xde, 0x66, 0x98, 0x00, 0x83, 0xfd, 0xd5, 
  0xf1, 0xf9, 0x11, 0x9a, 0x20, 0x95, 0xfa, 0xed, 0xd0, 0x9e, 0x0f, 0xdf, 0xde, 0xb3, 0xe2, 0x8d, 
  0x75, 0x96, 0xe4, 0x0f, 0x0b, 0x67, 0x10, 0x76, 0xd8, 0x0b, 0xfc, 0x25, 0xcf, 0x2d, 0xf9, 0x57, 
  0x5d, 0xf4, 0x11, 0x7f, 0xc9, 0x1b, 0x4b, 0xfc, 0xba, 0x67, 0x03, 0x6b, 0xfd, 0x71, 0x68, 0xd5, 
  0xca, 0x03, 0x98, 0x7e, 0x69, 0x27, 0x4d, 0x60, 0xc8, 0x36, 0x64, 0x60, 0x55, 0x5f, 0x41, 0x04, 
  0x2a, 0x86, 0x42, 0x7a, 0x1e, 0xd1, 0x47, 0x8c, 0xe1, 0x33, 0xfe, 0x12, 0x36, 0x57, 0x58, 0x54, 
  0x3d, 0xc4, 0x8a, 0x7d, 0x96, 0x99, 0x89, 0x62, 0xf2, 0xd8, 0x68, 0x03, 0xdd, 0x40, 0xe5, 0x72, 
  0x5e, 0xbb, 0x31, 0xb9, 0xf1, 0x57, 0xde, 0x54, 0x8b, 0xbf, 0x7a, 0x8e, 0x1e, 0xec, 0xb4, 0xe3, 
  0x08, 0x62, 0x7e, 0xa3, 0xfc, 0x72, 0x31, 0xf7, 0x81, 0x59, 0x85, 0x68, 0x6c, 0x37, 0x72, 0xf8, 
  0x75, 0x24, 0xdd, 0xbf, 0x1f, 0x12, 0xdf, 0xe7, 0xab, 0x8a, 0x38, 0x26, 0x87, 0x0c, 0x30, 0x9e, 
  0x79, 0x75, 0x9f, 0xfc, 0xd5, 0x2b, 0x8b, 0x2f, 0xb8, 0xcb, 0xf5, 0xd2, 0x8d, 0xc2, 0xc7, 0x8f, 
  0xc3, 0x2e, 0x1e, 0x6b, 0xac, 0x3a, 0xf7, 0xe1, 0xb0, 0x21, 0x8a, 0xc6, 0x8c, 0x29, 0xa5, 0x49, 
  0x50, 0x50, 0xab, 0x5f, 0x17, 0x9b, 0xe8, 0xee, 0x22, 0xfe, 0xd9, 0xdd, 0x3d, 0xb4, 0x4d, 0x86, 
  0x96, 0x74, 0x74, 0xb4, 0xd9, 0xce, 0x5d, 0x81, 0xe2, 0xf4, 0xaf, 0x17, 0x58, 0x93, 0xa3, 0x17, 
  0x29, 0x65, 0xd9, 0xd5, 0x04, 0xb3, 0x29, 0x08, 0xb2, 0x69, 0x4a, 0xd7, 0x95, 0x73, 0x71, 0x4a, 
  0xd3, 0xe9, 0x1a, 0x37, 0x73, 0x35, 0xb7, 0xd2, 0x8d, 0xdf, 0xe1, 0xd7, 0x91, 0x54, 0x14, 0x21, 
  0xf1, 0x5b, 0x39, 0xc0, 0x09, 0x70, 0xc4, 0x0e, 0xbf, 0x8e, 0xa4, 0xd3, 0xd3, 0x53, 0xc6, 0xbe, 
  0xaf, 0x9b, 0x9e, 0x4c, 0xf2, 0xa2, 0xae, 0x12, 0x6c, 0xd0, 0x47, 0xa5, 0x59, 0x63, 0x11, 0xf2, 
  0xff, 0x60, 0x4b, 0x2f, 0x0e, 0x8e, 0x86, 0x81, 0x17, 0xbd, 0x88, 0x7a, 0x59, 0xf3, 0x47, 0xbf, 
  0x11, 0xff, 0xb3, 0xfc, 0xd9, 0xfb, 0xd7, 0xa2, 0xdf, 0x68, 0x8f, 0x72, 0xca, 0x4b, 0xd9, 0x04, 
  0x03, 0x43, 0x9e, 0xcb, 0x01, 0xdf, 0x87, 0xc5, 0xca, 0x8b, 0xf1, 0xdc, 0x4b, 0x69, 0x58, 0xf0, 
  0x8b, 0xf4, 0xf0, 0xa3, 0xed, 0x71, 0x64, 0xb3, 0x9f, 0x30, 0xb6, 0x66, 0x73, 0xb5, 0x08, 0x46, 
  0xa4, 0xe9, 0xfe, 0x2a, 0x3e, 0xdf, 0x61, 0x43, 0xac, 0x96, 0x9a, 0xac, 0x94, 0x1a, 0x95, 0xa2, 
  0x54, 0x10, 0x7f, 0x2b, 0x97, 0xe4, 0x90, 0x3f, 0x13, 0x7e, 0xf0, 0xb0, 0xeb, 0x66, 0x8d, 0x0f, 
  0xda, 0x3f, 0xb3, 0xab, 0xe8, 0x0e, 0x6f, 0xae, 0x77, 0xf9, 0x54, 0x96, 0xf1, 0x9d, 0xb8, 0xd2, 
  0xa9, 0xc3, 0x57, 0x33, 0x9e, 0x78, 0x01, 0x8c, 0x45, 0xf1, 0xdf, 0x5a, 0x05, 0x57, 0xae, 0xdf, 
  0x6c, 0x70, 0xc3, 0x18, 0x6c, 0x8d, 0xf4, 0xfd, 0xbb, 0x3f, 0x53, 0x17, 0x9a, 0x4b, 0x1f, 0xd8, 
  0x41, 0x9b, 0xbf, 0x0e, 0xbd, 0x59, 0xe6, 0xf6, 0x70, 0x43, 0x36, 0x1c, 0x9b, 0xb9, 0xbf, 0x1f, 
  0x5a, 0xc1, 0x33, 0x39, 0x65, 0x03, 0x28, 0xde, 0xb9, 0x25, 0x7f, 0x8f, 0x13, 0xd4, 0x7a, 0x66, 
  0x41, 0x2e, 0x93, 0x28, 0xa8, 0x23, 0x5b, 0x56, 0x3f, 0xd7, 0x83, 0x6c, 0x22, 0xdf, 0xba, 0xa9, 
  0x45, 0x65, 0xd0, 0x89, 0x16, 0xd5, 0xb0, 0xb0, 0x03, 0xb1, 0xba, 0xaa, 0x55, 0xac, 0xaf, 0xdf, 
  0x95, 0x2b, 0x0a, 0x3a, 0xc7, 0x81, 0xa7, 0xde, 0xd7, 0xfb, 0xb5, 0x8b, 0xed, 0x4c, 0x9f, 0x21, 
  0x31, 0xbb, 0xb4, 0x4b, 0xbb, 0xad, 0x9b, 0x74, 0xb3, 0x4f, 0x9f, 0xac, 0x18, 0x59, 0x0e, 0x09, 
  0x36, 0xf7, 0x76, 0x89, 0x4b, 0x63, 0x7a, 0xe6, 0x31, 0xf8, 0x02, 0x8a, 0x11, 0x7f, 0x5b, 0xf1, 
  0x8c, 0xad, 0x29, 0x2b, 0x4d, 0xf4, 0x14, 0xdf, 0xaf, 0xad, 0xf8, 0x64, 0xd9, 0xb7, 0x1b, 0x80, 
  0x87, 0xcf, 0x62, 0xfa, 0x26, 0xd2, 0xff, 0x48, 0xe9, 0x86, 0x15, 0xa9, 0x13, 0x43, 0xcb, 0x94, 
  0xa4, 0x12, 0xdf, 0x1a, 0x37, 0x2c, 0x59, 0x05, 0xdc, 0x8b, 0x65, 0x7b, 0x71, 0x1f, 0x48, 0xc5, 
  0x48, 0xab, 0xc8, 0x60, 0xc2, 0x08, 0x6d, 0xb4, 0x17, 0x8e, 0x34, 0x63, 0x92, 0x2c, 0x03, 0xa4, 
  0x19, 0x1a, 0x2f, 0x93, 0xc5, 0x74, 0xba, 0x4c, 0x1b, 0x99, 0xa2, 0x82, 0x2b, 0x68, 0x45, 0x03, 
  0x14, 0x24, 0x8b, 0xa2, 0x00, 0xcd, 0x53, 0xaf, 0xf3, 0xea, 0xb5, 0x99, 0xa8, 0xc0, 0x1e, 0xd8, 
  0xe1, 0x10, 0xa7, 0x12, 0x76, 0xe7, 0x56, 0x87, 0x8c, 0x50, 0xfc, 0xc2, 0x8e, 0xdc, 0x41, 0xb8, 
  0x14, 0xe6, 0xfb, 0xce, 0x5e, 0x87, 0x34, 0xbf, 0x6e, 0xdd, 0xa4, 0x42, 0x44, 0x92, 0xef, 0x10, 
  0xea, 0x79, 0xf2, 0x34, 0x83, 0x19, 0x26, 0x15, 0x4b, 0x3c, 0x47, 0xe2, 0x6a, 0xae, 0x3d, 0x4b, 
  0x76, 0xe7, 0x26, 0x7e, 0x28, 0xc4, 0x83, 0x21, 0xb4, 0xaa, 0x48, 0x01, 0xa9, 0x18, 0x89, 0x07, 
  0x20, 0x46, 0x1a, 0x42, 0xc7, 0xf8, 0xed, 0xe1, 0xf7, 0x3b, 0x7e, 0xb7, 0xf0, 0xbb, 0x83, 0x5f, 
  0x77, 0x97, 0x70, 0x5c, 0x50, 0x84, 0x91, 0xe0, 0xf7, 0x3b, 0x7e, 0x37, 0xf1, 0xbb, 0x85, 0xdf, 
  0x6d, 0xfc, 0xee, 0xe0, 0xf7, 0x07, 0x7e, 0x68, 0x2b, 0xe7, 0xb6, 0x32, 0xca, 0x40, 0x9b, 0x81, 
  0x36, 0x03, 0x6d, 0x06, 0x3a, 0x4d, 0x1a, 0x18, 0x8d, 0x5a, 0x1a, 0x54, 0xfc, 0xc1, 0xd0, 0x4d, 
  0x40, 0xf8, 0xc4, 0xa1, 0xa2, 0x81, 0xe8, 0xf5, 0x34, 0x81, 0xf9, 0x4f, 0x83, 0xff, 0xba, 0x7d, 
  0xea, 0xa1, 0xd7, 0x3b, 0x94, 0xb2, 0xb6, 0x72, 0x2b, 0xb4, 0x59, 0x4a, 0x56, 0x5d, 0xc6, 0x1a, 
  0xc2, 0x92, 0xf8, 0xd5, 0x30, 0x5c, 0xa6, 0x54, 0x50, 0xa8, 0x48, 0x5f, 0x85, 0xb6, 0x34, 0x60, 
  0x74, 0x23, 0xdd, 0x4a, 0x1b, 0xda, 0x95, 0x06, 0x70, 0xa1, 0x4a, 0x2a, 0x49, 0x03, 0xa0, 0x5b, 
  0x0b, 0x08, 0xa5, 0x65, 0xfa, 0xdf, 0x91, 0xf7, 0x83, 0x15, 0x8f, 0x6c, 0xad, 0x16, 0x0b, 0x1a, 
  0xd0, 0x84, 0xe6, 0x34, 0xa4, 0xd3, 0xea, 0x4e, 0x70, 0xc6, 0x72, 0x6a, 0x2a, 0x86, 0x77, 0x85, 
  0xa6, 0x31, 0xbf, 0x32, 0x18, 0xe5, 0x07, 0x9a, 0x46, 0xc2, 0xc2, 0xf2, 0xa6, 0x63, 0xc4, 0x75, 
  0x46, 0x3b, 0x12, 0xba, 0x1c, 0xb1, 0xf0, 0x0b, 0x15, 0x8d, 0x36, 0xd4, 0xe5, 0x14, 0x51, 0x99, 
  0x51, 0xa0, 0xb0, 0x08, 0x81, 0xf3, 0xe9, 0x61, 0x17, 0xb8, 0x40, 0x59, 0x71, 0xc8, 0xfc, 0xcc, 
  0x35, 0xc2, 0x16, 0x12, 0x53, 0x54, 0x46, 0xde, 0xf8, 0x70, 0xd8, 0xce, 0x12, 0xde, 0x7d, 0x53, 
  0x40, 0x1a, 0x50, 0x2e, 0x8e, 0x85, 0xb8, 0x38, 0x3c, 0x46, 0x6c, 0x07, 0xdd, 0x9d, 0x6d, 0xa8, 
  0x61, 0x43, 0x67, 0xa1, 0x76, 0x54, 0xd4, 0x8d, 0xfd, 0xe0, 0x8a, 0x95, 0x4c, 0x40, 0xc0, 0x2c, 
  0x6f, 0xcb, 0x98, 0x17, 0xb6, 0xd8, 0x18, 0xed, 0x04, 0x98, 0x55, 0xf5, 0xe0, 0x16, 0x94, 0x45, 
  0xa7, 0x98, 0xef, 0x67, 0x2b, 0x57, 0x0a, 0x9d, 0x0f, 0x1a, 0x66, 0x27, 0xa3, 0x49, 0x43, 0xe1, 
  0xd9, 0xe5, 0x2e, 0x74, 0x93, 0xe3, 0x84, 0xda, 0xf5, 0x88, 0xa9, 0x60, 0x56, 0x51, 0x43, 0x37, 
  0x8a, 0x72, 0x08, 0xb9, 0x8b, 0xbf, 0xcf, 0x4a, 0x29, 0x1e, 0x2f, 0x5d, 0x10, 0xa1, 0xb4, 0xe9, 
  0xc1, 0xd7, 0xfc, 0x30, 0x4f, 0x86, 0x84, 0x86, 0x1b, 0x1c, 0x18, 0x9c, 0xc4, 0x4d, 0x3c, 0x71, 
  0xa1, 0xd0, 0x40, 0x84, 0xf1, 0xb8, 0x79, 0x41, 0x59, 0xbc, 0x5f, 0x56, 0xd5, 0xde, 0x5b, 0x98, 
  0x0a, 0x0b, 0x10, 0x6b, 0x32, 0x0d, 0x14, 0x5f, 0x63, 0xba, 0xa6, 0xce, 0xda, 0x0a, 0x88, 0x50, 
  0x65, 0xb5, 0x0d, 0x16, 0x6e, 0x88, 0xe7, 0x99, 0x38, 0x6d, 0x17, 0xad, 0xec, 0x5c, 0x16, 0xbd, 
  0x41, 0xbf, 0x75, 0x5c, 0xcc, 0xb2, 0x81, 0xf4, 0x3a, 0x47, 0x63, 0xd8, 0xba, 0x31, 0x24, 0x77, 
  0xa0, 0x3b, 0x09, 0x06, 0xbe, 0x0d, 0xbf, 0x1f, 0x57, 0x7d, 0x6c, 0xad, 0xe3, 0x26, 0xa5, 0xca, 
  0x96, 0x79, 0x24, 0x31, 0xd7, 0x71, 0x63, 0x44, 0xb7, 0xe2, 0xf8, 0x57, 0x88, 0x04, 0xe5, 0xc6, 
  0x13, 0x8c, 0xa5, 0x29, 0xf7, 0x71, 0x71, 0xcd, 0xd1, 0x13, 0x8e, 0xcb, 0x92, 0x6e, 0x42, 0x82, 
  0x18, 0x8c, 0x97, 0x2b, 0x71, 0x8d, 0xd2, 0xe7, 0x99, 0xf5, 0x66, 0x75, 0x50, 0xb7, 0xbf, 0x0f, 
  0x96, 0xe9, 0x66, 0x1e, 0xb7, 0x87, 0xe0, 0xd8, 0xce, 0xd9, 0x5d, 0xd1, 0xba, 0x5d, 0xb3, 0x4c, 
  0x97, 0x61, 0x97, 0xd9, 0xa6, 0x3b, 0x33, 0xab, 0xef, 0x50, 0xdd, 0xfe, 0x75, 0x57, 0x10, 0xbd, 
  0xb9, 0xa2, 0xa1, 0xa2, 0x53, 0xb8, 0x8c, 0x10, 0x69, 0xe8, 0xbe, 0x37, 0x53, 0x34, 0x55, 0x34, 
  0xf6, 0x08, 0x4e, 0xbb, 0x89, 0xf7, 0x21, 0x95, 0x76, 0xa9, 0x79, 0x73, 0x8f, 0xf0, 0x3f, 0xb4, 
  0x68, 0x70, 0xb7, 0x3c, 0x52, 0xeb, 0x37, 0x6e, 0xce, 0x06, 0x85, 0xcc, 0xf7, 0x40, 0xe4, 0xef, 
  0xcc, 0x8d, 0xbb, 0x49, 0xc2, 0xf3, 0x0e, 0x22, 0x70, 0xa5, 0x13, 0xab, 0x12, 0x1b, 0x19, 0x77, 
  0xc3, 0x22, 0x7b, 0x77, 0xfa, 0x20, 0x00, 0x46, 0xa2, 0xed, 0x86, 0x5a, 0xcb, 0xd6, 0x39, 0x5e, 
  0x6b, 0x9f, 0xdb, 0xe3, 0x00, 0x0c, 0xe9, 0xea, 0xd4, 0x15, 0xc2, 0xd6, 0x01, 0x33, 0x84, 0x37, 
  0xa5, 0x8f, 0x59, 0xd8, 0x9e, 0x5d, 0xb1, 0x6a, 0x75, 0x54, 0x69, 0x56, 0x6b, 0x68, 0x37, 0x3c, 
  0x5b, 0x36, 0xa2, 0x04, 0x5f, 0x8b, 0xb1, 0xe4, 0xde, 0xd8, 0xe6, 0xb9, 0x50, 0xe1, 0x91, 0xcc, 
  0x84, 0x0a, 0x0c, 0x45, 0x2d, 0x54, 0x68, 0xd2, 0x4d, 0xf9, 0x33, 0xb4, 0x90, 0xc6, 0x8c, 0x08, 
  0xad, 0xa0, 0x91, 0x80, 0x4f, 0x83, 0xfb, 0xec, 0xa2, 0xb7, 0x8b, 0xf0, 0x31, 0x9c, 0xbd, 0x09, 
  0xc3, 0x7b, 0x80, 0x91, 0x20, 0x33, 0x67, 0xf8, 0x77, 0xc0, 0x7a, 0x5b, 0x0c, 0x19, 0xbe, 0x09, 
  0x78, 0xba, 0x2d, 0x4e, 0x19, 0xbe, 0x05, 0x18, 0xde, 0xe2, 0x8c, 0xe1, 0xdb, 0x80, 0x0b, 0x30, 
  0xaa, 0x9a, 0xca, 0x40, 0x18, 0x1c, 0xc7, 0x9c, 0xe6, 0x22, 0xa3, 0xa1, 0xd0, 0x74, 0x2a, 0xa6, 
  0x34, 0x13, 0x63, 0x1a, 0x45, 0x2a, 0x5e, 0x86, 0xf9, 0x4a, 0x67, 0x2a, 0xcc, 0x57, 0x82, 0xa5, 
  0x55, 0x1b, 0x2c, 0x91, 0x0d, 0xd8, 0x5a, 0xb3, 0x06, 0xe4, 0x20, 0x09, 0x17, 0xe3, 0x42, 0x6d, 
  0xdc, 0xbe, 0xd4, 0xa2, 0xc2, 0xa1, 0x03, 0xca, 0x93, 0xf5, 0x6d, 0x61, 0x23, 0xe9, 0x5d, 0x98, 
  0x73, 0x55, 0xa9, 0xea, 0x26, 0xd4, 0x01, 0x1e, 0xf7, 0xef, 0x2f, 0xb7, 0x2a, 0xd5, 0xeb, 0x94, 
  0x71, 0x90, 0x50, 0x73, 0xe5, 0xd2, 0x63, 0x84, 0x59, 0xb9, 0x85, 0x26, 0x32, 0xb1, 0x18, 0xa3, 
  0x09, 0x87, 0xf8, 0xa7, 0x5a, 0x4f, 0xca, 0xf2, 0xd9, 0x81, 0x3d, 0x5b, 0xb3, 0x4b, 0xf9, 0xc4, 
  0x9a, 0x43, 0x18, 0x32, 0xd6, 0xe8, 0xaf, 0xd2, 0x91, 0x27, 0x30, 0x19, 0x75, 0xae, 0x6c, 0x51, 
  0x17, 0x96, 0x9f, 0x21, 0x0d, 0xf7, 0x19, 0xc4, 0xa0, 0xd7, 0x67, 0x18, 0xf4, 0xe4, 0xc3, 0x3f, 
  0x75, 0x16, 0xd5, 0x3b, 0x25, 0x16, 0xc5, 0x18, 0x69, 0x76, 0x7c, 0x37, 0xe4, 0x33, 0x6f, 0x28, 
  0x87, 0xed, 0x97, 0x59, 0x80, 0x5d, 0x9a, 0xea, 0xb9, 0xb2, 0x49, 0x6e, 0xc9, 0xa7, 0x2e, 0x16, 
  0x49, 0x4d, 0xec, 0x86, 0x92, 0xec, 0x92, 0x1f, 0x43, 0xf2, 0xa7, 0x22, 0x6e, 0x38, 0xf9, 0x8e, 
  0xf3, 0x9a, 0x15, 0xe3, 0x24, 0x45, 0x1b, 0xf9, 0x30, 0x5d, 0x52, 0x3e, 0x3c, 0x77, 0x63, 0x63, 
  0xa0, 0xf0, 0x90, 0xcb, 0x76, 0x2c, 0x92, 0x5e, 0x3f, 0x30, 0xad, 0x1f, 0x6c, 0x70, 0xc6, 0x27, 
  0x5b, 0x96, 0x13, 0x25, 0x23, 0x8e, 0x65, 0xb9, 0xe1, 0x39, 0xeb, 0xd0, 0x9b, 0xb3, 0x2f, 0x23, 
  0x43, 0xe7, 0x1c, 0x40, 0x62, 0xe0, 0x2d, 0x80, 0xd2, 0xb9, 0xcf, 0xdb, 0xcd, 0x5d, 0x57, 0x98, 
  0xae, 0xf2, 0x91, 0x52, 0xca, 0x3c, 0x5d, 0x5a, 0xa7, 0x20, 0x01, 0x55, 0xa7, 0x54, 0x78, 0xc6, 
  0xba, 0x7d, 0x92, 0xd7, 0x76, 0xb2, 0xfe, 0xed, 0x37, 0x57, 0xc3, 0x27, 0x59, 0x7d, 0xf4, 0x89, 
  0x99, 0x3a, 0xa6, 0x20, 0x07, 0xe7, 0xfe, 0x75, 0xeb, 0x59, 0x0e, 0x7c, 0xb5, 0xac, 0xc7, 0xe0, 
  0x0e, 0x22, 0xfc, 0x00, 0x3c, 0xc3, 0x82, 0x40, 0xf3, 0xff, 0xbc, 0x0d, 0x5f, 0x15, 0xad, 0xf8, 
  0xe6, 0x56, 0x6d, 0x7c, 0xbd, 0x7e, 0xb9, 0x7d, 0x23, 0x8e, 0x6d, 0x6e, 0xc1, 0x8f, 0x94, 0xe8, 
  0xc1, 0xb6, 0xeb, 0x07, 0x81, 0xe4, 0x8d, 0x73, 0x03, 0x12, 0x76, 0x4c, 0x2c, 0xe1, 0x8d, 0x6c, 
  0x0b, 0x85, 0x77, 0x10, 0xd9, 0x55, 0x75, 0xb6, 0xce, 0x36, 0x62, 0x38, 0x81, 0xa7, 0x82, 0x6c, 
  0xb4, 0xb9, 0xb5, 0x5a, 0xf9, 0xbb, 0xe4, 0x6d, 0x03, 0xd1, 0xd9, 0xb2, 0x60, 0xb6, 0xb4, 0x42, 
  0xb8, 0x3c, 0x43, 0x3e, 0x65, 0x41, 0x4a, 0xcc, 0xb5, 0x0d, 0x5d, 0x5b, 0xd7, 0xa5, 0xb7, 0x05, 
  0xfb, 0xf5, 0x9c, 0x1f, 0x17, 0x6e, 0xe7, 0xea, 0xc1, 0x57, 0xbf, 0x5d, 0xb1, 0x83, 0xbf, 0x28, 
  0xf2, 0x93, 0x4e, 0x16, 0x5a, 0x49, 0x46, 0xbb, 0x0a, 0x0f, 0x14, 0x31, 0x13, 0x92, 0xaf, 0xaa, 
  0xdc, 0xbb, 0x9d, 0x6a, 0xef, 0xbe, 0x2a, 0xf7, 0xee, 0x7d, 0xb5, 0xa4, 0x13, 0x48, 0xeb, 0x64, 
  0x51, 0xa7, 0xc9, 0x26, 0x2f, 0x14, 0x95, 0x49, 0xb2, 0x0c, 0xba, 0xfc, 0x57, 0x06, 0xaa, 0x5c, 
  0xd8, 0xba, 0xdc, 0xf5, 0xfc, 0x52, 0x51, 0x9d, 0x34, 0x5b, 0x7f, 0xf9, 0x94, 0x5a, 0x7c, 0x2d, 
  0x69, 0x68, 0xb2, 0x11, 0x4e, 0x10, 0xa4, 0x2e, 0xbb, 0x32, 0xe1, 0x14, 0xba, 0x34, 0xcc, 0x0b, 
  0x8b, 0x21, 0xcd, 0x55, 0xee, 0x0f, 0x89, 0x6f, 0xbe, 0xf4, 0xe5, 0x17, 0x16, 0x67, 0x5d, 0xcf, 
  0x10, 0xf1, 0x9c, 0x65, 0xa3, 0x8c, 0xf9, 0x87, 0xd3, 0xe0, 0x71, 0x4f, 0xa6, 0x53, 0xce, 0x5d, 
  0xb5, 0x72, 0xad, 0x70, 0x49, 0xc7, 0xe7, 0xdc, 0xea, 0x31, 0xb7, 0xbd, 0xa4, 0x53, 0x3d, 0x98, 
  0x83, 0x1d, 0xae, 0x8f, 0x20, 0x3b, 0x12, 0xe2, 0xb4, 0x99, 0xd3, 0xcc, 0xe8, 0xf3, 0xa4, 0xd9, 
  0xc5, 0xd4, 0xb3, 0x82, 0x13, 0x64, 0xc6, 0x98, 0x8a, 0xc1, 0x30, 0xbf, 0xe6, 0xb3, 0xa4, 0xe7, 
  0xe3, 0xc4, 0x7d, 0x4f, 0xc4, 0x03, 0xab, 0xc9, 0x38, 0x03, 0x19, 0xd5, 0x3a, 0x84, 0x41, 0xb8, 
  0x77, 0x7d, 0xd2, 0x87, 0x99, 0xcd, 0x9e, 0x5c, 0x3e, 0xf6, 0xf2, 0xac, 0xca, 0xef, 0x5d, 0xd2, 
  0xc3, 0x7a, 0x19, 0xeb, 0x55, 0x48, 0xcd, 0xe8, 0x24, 0x43, 0x38, 0xc9, 0xfd, 0xd7, 0xea, 0xdc, 
  0x8e, 0xd3, 0x4a, 0xc6, 0x20, 0x67, 0x47, 0x09, 0xdc, 0x99, 0x2c, 0xb8, 0x1e, 0x2d, 0xbc, 0x3f, 
  0x92, 0x68, 0x78, 0x7c, 0xf4, 0xbc, 0x2a, 0x78, 0x82, 0x02, 0xb7, 0xbc, 0xdd, 0x0e, 0xd0, 0x6f, 
  0x42, 0x7a, 0xdf, 0x4f, 0x17, 0xe8, 0x1f, 0x90, 0xef, 0xdd, 0xdd, 0xd9, 0xf9, 0x56, 0x71, 0x51, 
  0x58, 0x39, 0x6d, 0xce, 0x73, 0xda, 0x6a, 0x66, 0xb3, 0xd9, 0x44, 0x36, 0x3d, 0x86, 0xb6, 0x7e, 
  0x79, 0x2b, 0x47, 0x5a, 0x6e, 0xbd, 0x7f, 0xf2, 0x0b, 0x6d, 0xbd, 0xd1, 0x27, 0xda, 0x6a, 0xe0, 
  0x1e, 0x4b, 0xf8, 0xc2, 0x36, 0x1f, 0x64, 0x48, 0xe4, 0x9a, 0x4b, 0x94, 0x1c, 0x99, 0x3c, 0x9b, 
  0xa0, 0xe0, 0x25, 0xca, 0xb7, 0xde, 0x66, 0xaa, 0x00, 0xae, 0xc0, 0xcb, 0xa5, 0x7b, 0x9f, 0xa2, 
  0xe0, 0x88, 0x1b, 0xdd, 0x72, 0x89, 0x99, 0x5b, 0x0f, 0xa6, 0xfa, 0x4b, 0xfe, 0x4b, 0xd0, 0xf4, 
  0x15, 0x98, 0xb7, 0x17, 0xd3, 0x13, 0x3d, 0x01, 0xca, 0x37, 0x19, 0x56, 0x4c, 0xe9, 0x1e, 0x86, 
  0x8d, 0xd2, 0x21, 0x8c, 0xff, 0x1f, 0x8a, 0x3e, 0x28, 0xd1, 0x85, 0x8f, 0xfa, 0x38, 0xe4, 0xa0, 
  0xdb, 0x4e, 0xe9, 0x79, 0x5a, 0xf1, 0xf2, 0x3e, 0x39, 0x4b, 0x30, 0x81, 0xfb, 0x33, 0xca, 0x66, 
  0x09, 0xfc, 0xa5, 0x49, 0x3e, 0x82, 0xd0, 0x4b, 0xba, 0xfe, 0x0c, 0x00, 0xef, 0xd2, 0xcf, 0x1f, 
  0xa1, 0xb0, 0x04, 0xdf, 0x32, 0x7e, 0xaf, 0xfc, 0x78, 0xa8, 0xb1, 0x52, 0xf7, 0x14, 0x88, 0x87, 
  0x12, 0x32, 0x7e, 0x84, 0xa8, 0x60, 0x02, 0x0e, 0x5b, 0x6c, 0xc9, 0x22, 0x79, 0xae, 0xc8, 0x8b, 
  0xc4, 0xe4, 0x0d, 0x0e, 0x0e, 0x53, 0x62, 0x54, 0x9c, 0xf2, 0xce, 0xad, 0x7d, 0x50, 0xc4, 0x51, 
  0x77, 0xeb, 0x52, 0xad, 0xde, 0x63, 0xe0, 0x1f, 0x7c, 0x6a, 0xfb, 0x47, 0x80, 0xf0, 0xf8, 0x01, 
  0x3d, 0xba, 0x72, 0xe0, 0xd9, 0xdc, 0x6a, 0x77, 0x54, 0xb5, 0xb1, 0x72, 0x88, 0x71, 0x72, 0x8e, 
  0xd6, 0x3d, 0xa8, 0x1d, 0xde, 0x9a, 0x6d, 0xb7, 0xb9, 0x36, 0x34, 0xc6, 0x33, 0x15, 0xec, 0xe4, 
  0x5a, 0x95, 0xd7, 0x16, 0x5e, 0xa9, 0x85, 0xd3, 0x34, 0xf9, 0x00, 0x7d, 0x11, 0x2a, 0xe1, 0x6f, 
  0x41, 0x45, 0x67, 0x55, 0x94, 0xa6, 0x5a, 0x8f, 0x93, 0x01, 0xa7, 0xd6, 0xdd, 0x69, 0xe4, 0x30, 
  0xd3, 0x70, 0xfb, 0x22, 0x34, 0xec, 0x3e, 0x97, 0x98, 0xa3, 0xd0, 0x09, 0x0d, 0xc2, 0x28, 0xbd, 
  0xda, 0x97, 0x9c, 0x51, 0x29, 0x61, 0x67, 0xcb, 0x46, 0x8e, 0xb2, 0xb8, 0xf0, 0x16, 0x6d, 0x79, 
  0xfb, 0x9a, 0x17, 0xe8, 0xa6, 0xd9, 0x89, 0x61, 0x7c, 0xaf, 0xd2, 0xa0, 0x8b, 0xd5, 0x30, 0x9e, 
  0xfe, 0x57, 0xc3, 0x90, 0x2d, 0xc7, 0x9a, 0xa2, 0x27, 0xbd, 0x71, 0x6f, 0xfb, 0x1e, 0xd1, 0xe7, 
  0xdc, 0x96, 0xfd, 0x9c, 0xd3, 0x95, 0x06, 0x2e, 0x80, 0x3d, 0xa8, 0xb3, 0x01, 0xe3, 0x88, 0x6d, 
  0x53, 0x72, 0x08, 0x97, 0x4b, 0xf8, 0xda, 0xf6, 0xee, 0x73, 0x5e, 0xf5, 0x6b, 0x1b, 0x97, 0x37, 
  0x13, 0x13, 0xa1, 0x68, 0x0e, 0x5f, 0x7f, 0xb0, 0x5f, 0x51, 0xcd, 0x4b, 0xaa, 0x79, 0x49, 0x35, 
  0xd4, 0x5b, 0x45, 0x75, 0x1d, 0x03, 0x97, 0x48, 0xe4, 0x55, 0x7b, 0xdb, 0x3e, 0xf9, 0x03, 0x68, 
  0xd4, 0x9a, 0x60, 0xce, 0x13, 0xaa, 0x59, 0x15, 0x83, 0x14, 0x19, 0x48, 0xae, 0xd3, 0x89, 0xef, 
  0x80, 0xae, 0xe9, 0x20, 0xde, 0xff, 0x3e, 0xce, 0x27, 0xf0, 0x8b, 0xc0, 0xba, 0xab, 0x98, 0xf2, 
  0xf9, 0x6a, 0xa6, 0x5c, 0xcf, 0x0f, 0x9f, 0xbe, 0x83, 0xee, 0xcc, 0xdd, 0xe2, 0xb0, 0x64, 0xa9, 
  0xcb, 0xb2, 0x52, 0xb1, 0xdb, 0x18, 0x09, 0x52, 0x09, 0x68, 0x82, 0x52, 0xd6, 0x4a, 0xea, 0x00, 
  0x86, 0x3c, 0x74, 0x1b, 0x36, 0x52, 0x65, 0x5b, 0xaa, 0x83, 0xe6, 0x7a, 0xbd, 0xa6, 0x89, 0xa9, 
  0xa9, 0xca, 0x9a, 0x1c, 0x08, 0x83, 0x30, 0x2c, 0x60, 0x7c, 0x54, 0x1b, 0xab, 0x29, 0xeb, 0xb0, 
  0x07, 0x84, 0xb4, 0x37, 0xa2, 0x3e, 0x29, 0xd1, 0x6e, 0xb5, 0xe9, 0x6f, 0xbc, 0x7a, 0xdd, 0xdd, 
  0xbd, 0x9b, 0xb7, 0xfb, 0x6d, 0x7a, 0xed, 0x3f, 0x6e, 0x02, 0xbc, 0x01, 0xb0, 0xdb, 0x26, 0x69, 
  0x44, 0x9d, 0x7e, 0x51, 0xbb, 0x20, 0xd2, 0x89, 0x61, 0x2b, 0xc4, 0xef, 0xb8, 0xbc, 0x70, 0x8e, 
  0x48, 0xfe, 0xab, 0x11, 0x6e, 0xb0, 0x2d, 0x2b, 0x0b, 0xeb, 0x42, 0x5f, 0x0f, 0xce, 0x67, 0x5a, 
  0x49, 0x65, 0x21, 0x74, 0xa2, 0xb8, 0xd7, 0x40, 0xd8, 0xbb, 0x03, 0x5e, 0x1e, 0x4a, 0x27, 0x4c, 
  0x03, 0x77, 0xc7, 0x9a, 0xcb, 0xa9, 0xef, 0x25, 0xc3, 0x14, 0xdf, 0x35, 0x65, 0x9e, 0x69, 0x14, 
  0xf0, 0x53, 0xfb, 0xdd, 0x06, 0x93, 0xec, 0x9d, 0xfe, 0x4b, 0x17, 0x60, 0x55, 0x56, 0xba, 0x91, 
  0x2e, 0x6b, 0x94, 0x23, 0x29, 0x31, 0x0d, 0x01, 0xfd, 0x01, 0xa0, 0x39, 0x47, 0x2e, 0xdb, 0xe1, 
  0x27, 0x95, 0x0c, 0xa2, 0xdb, 0xf5, 0xe7, 0xdf, 0xfc, 0x79, 0xb3, 0xfe, 0x7c, 0xad, 0x92, 0x1b, 
  0x2e, 0x6f, 0x60, 0x28, 0xc4, 0x0d, 0x55, 0x79, 0x99, 0xc8, 0x1e, 0x41, 0x63, 0x8e, 0x28, 0x46, 
  0x21, 0x66, 0xb0, 0x4a, 0x0b, 0x32, 0x91, 0x2d, 0x63, 0xee, 0x01, 0xbb, 0xa9, 0x68, 0xb1, 0xb6, 
  0x32, 0xc4, 0x29, 0x61, 0xd1, 0x04, 0x8e, 0x7e, 0x50, 0xb8, 0x0c, 0xaa, 0x06, 0x84, 0xdd, 0xe0, 
  0x90, 0xab, 0xff, 0x31, 0x2b, 0xea, 0xf9, 0xae, 0xf3, 0x21, 0x18, 0xf2, 0x20, 0xda, 0xc5, 0xab, 
  0xde, 0xae, 0x13, 0x64, 0xff, 0x5e, 0x33, 0xe8, 0x3d, 0xfa, 0xa4, 0x78, 0xbc, 0x45, 0x7b, 0x12, 
  0x8e, 0x37, 0xb1, 0x41, 0xee, 0x97, 0xb9, 0x94, 0x63, 0x6a, 0x02, 0x8f, 0x61, 0x4d, 0x6c, 0x95, 
  0x36, 0x7a, 0x6e, 0x2e, 0x49, 0xcc, 0x8b, 0x4b, 0xa2, 0x7e, 0xef, 0xdf, 0x21, 0xea, 0xf7, 0xfe, 
  0x8f, 0xa2, 0x3e, 0x10, 0xcb, 0x99, 0x59, 0x33, 0x45, 0x11, 0x08, 0xd8, 0x6b, 0x44, 0xb0, 0x59, 
  0x11, 0xc1, 0xd9, 0xe5, 0xec, 0xbb, 0xbd, 0x60, 0x91, 0xb4, 0xa9, 0x4d, 0xdf, 0x85, 0x9f, 0x98, 
  0xf2, 0x82, 0xde, 0x2c, 0x6b, 0x43, 0xd8, 0x5d, 0xd0, 0xe3, 0xeb, 0x98, 0xad, 0x0a, 0xfe, 0xc8, 
  0x82, 0x65, 0x42, 0x14, 0xdd, 0x00, 0xd7, 0x27, 0x45, 0x30, 0x22, 0x49, 0xf3, 0xa2, 0x6d, 0x94, 
  0x76, 0xab, 0xd2, 0x66, 0x16, 0xb7, 0xa3, 0xab, 0x2c, 0x63, 0x66, 0xdf, 0xce, 0x8b, 0x7a, 0x79, 
  0xb9, 0x4a, 0x93, 0x5b, 0x3d, 0x10, 0xda, 0xb1, 0xbf, 0x30, 0xa2, 0x1a, 0x1d, 0x96, 0xa6, 0xd4, 
  0x54, 0x9d, 0x4a, 0x53, 0x75, 0x36, 0x34, 0xd5, 0x92, 0x06, 0x46, 0xac, 0xd9, 0x58, 0x39, 0x4d, 
  0x82, 0x05, 0xbc, 0x54, 0x1d, 0xab, 0x56, 0x24, 0x03, 0x83, 0x75, 0x9b, 0x8d, 0x33, 0xac, 0xda, 
  0x29, 0x86, 0x63, 0xa1, 0xeb, 0xbc, 0x01, 0x53, 0x18, 0x5a, 0xd4, 0x5a, 0x12, 0x26, 0xcc, 0x25, 
  0xec, 0x05, 0xb0, 0xfd, 0x25, 0xcd, 0x8d, 0x58, 0x61, 0x2e, 0x77, 0x52, 0xf5, 0x8e, 0xc9, 0x2a, 
  0xac, 0x5d, 0x01, 0x55, 0xbb, 0xd9, 0x71, 0x6d, 0x34, 0x3b, 0x5a, 0x6d, 0xc8, 0xdb, 0x59, 0xde, 
  0x60, 0xab, 0x7c, 0x36, 0xfe, 0xb8, 0x46, 0x35, 0xd3, 0x2c, 0xb3, 0xe3, 0xda, 0x76, 0x9d, 0x39, 
  0x28, 0x4c, 0xc5, 0x33, 0x57, 0xa8, 0x6b, 0x85, 0xbc, 0x56, 0xc7, 0xe3, 0x53, 0x23, 0x5c, 0x28, 
  0x3f, 0x91, 0xf5, 0xd8, 0xdd, 0xa9, 0xc6, 0xb0, 0xa0, 0xf0, 0x60, 0xd4, 0x91, 0x93, 0xf3, 0xde, 
  0x2e, 0x28, 0x47, 0x91, 0x55, 0xe6, 0x66, 0xce, 0x64, 0xda, 0xe4, 0x6c, 0x72, 0xcc, 0x4c, 0x69, 
  0xf9, 0x9d, 0x1a, 0xf2, 0x2d, 0x6e, 0xfb, 0x32, 0xb6, 0xff, 0xa6, 0xe8, 0x25, 0x18, 0xd2, 0xd8, 
  0x84, 0x9e, 0xd7, 0xd4, 0xf4, 0xe4, 0xca, 0x0f, 0x47, 0x66, 0x09, 0xec, 0x94, 0xaf, 0xf2, 0x02, 
  0x23, 0x9a, 0x4d, 0xb4, 0x75, 0x33, 0x2c, 0xe6, 0x27, 0x1c, 0x56, 0x57, 0x2d, 0xc6, 0x78, 0x3d, 
  0x89, 0x6f, 0x30, 0x5f, 0xad, 0x97, 0x88, 0x8a, 0xc2, 0xb3, 0x90, 0xc3, 0x15, 0x76, 0x5b, 0x30, 
  0xe5, 0x8c, 0xe9, 0xa8, 0x0e, 0x68, 0x50, 0xb1, 0xba, 0x50, 0x1f, 0x20, 0x3a, 0x39, 0x38, 0x28, 
  0x6b, 0x56, 0xd7, 0x3b, 0x03, 0x44, 0x2a, 0x4b, 0x54, 0x6f, 0xc0, 0x17, 0xec, 0xd0, 0x0b, 0xf5, 
  0x67, 0xeb, 0x72, 0x6b, 0xcb, 0x25, 0xd5, 0xff, 0xf0, 0x22, 0x72, 0x33, 0x12, 0xaa, 0xbe, 0xef, 
  0x18, 0x19, 0x01, 0x8f, 0xc0, 0x84, 0x49, 0x44, 0x67, 0x66, 0x3d, 0x31, 0xdc, 0xa7, 0xb0, 0x53, 
  0x1e, 0xfa, 0xa1, 0x9c, 0x21, 0xc8, 0x99, 0xfe, 0xe5, 0x19, 0x04, 0x26, 0x29, 0x41, 0xd2, 0xb5, 
  0x22, 0x71, 0x3a, 0xe5, 0xe4, 0x44, 0x9f, 0x43, 0x8c, 0xba, 0x63, 0x3a, 0xf1, 0x95, 0x32, 0x9c, 
  0xa6, 0x84, 0xeb, 0xd0, 0xdc, 0x23, 0x74, 0x2f, 0x6f, 0xf9, 0x2d, 0x0e, 0xaa, 0x52, 0x89, 0x27, 
  0xba, 0x57, 0xf7, 0x57, 0x23, 0x69, 0x78, 0xa9, 0x42, 0x37, 0xa8, 0x90, 0x57, 0x64, 0xa7, 0x82, 
  0xb9, 0x75, 0x6a, 0x69, 0x06, 0xc0, 0xea, 0x19, 0x4d, 0x45, 0x19, 0x28, 0xa1, 0x31, 0x20, 0xff, 
  0xcf, 0x97, 0x68, 0x14, 0x48, 0x8d, 0xc7, 0x74, 0x1c, 0x7c, 0x7d, 0xa8, 0xd6, 0x7c, 0xde, 0xc2, 
  0x3e, 0x71, 0xa1, 0xbe, 0x28, 0xaf, 0xa3, 0x72, 0x23, 0x3a, 0xa6, 0x53, 0x42, 0xa3, 0x34, 0xa6, 
  0x77, 0x86, 0xee, 0x1b, 0xfa, 0x6a, 0xe8, 0x8b, 0xa1, 0x97, 0x26, 0x4e, 0x42, 0xba, 0x63, 0x50, 
  0xce, 0x40, 0x39, 0xfe, 0xcf, 0xd6, 0xde, 0x84, 0xb9, 0x89, 0x5f, 0xd9, 0x1b, 0xfe, 0x2a, 0x27, 
  0xf7, 0xe5, 0x9e, 0x9a, 0xc1, 0x32, 0x38, 0x9c, 0xe5, 0xbd, 0xcf, 0x18, 0xc5, 0x95, 0x8d, 0x1d, 
  0x02, 0x24, 0x07, 0x02, 0xb9, 0x94, 0x99, 0xd8, 0x4a, 0xa2, 0xe0, 0xc8, 0x8e, 0x2c, 0x67, 0x21, 
  0xf8, 0xbb, 0x3f, 0xfd, 0x6b, 0x2d, 0x23, 0xdb, 0xe1, 0x7f, 0x96, 0x7a, 0xaa, 0x12, 0x8f, 0xd4, 
  0x5a, 0x47, 0x6a, 0xb5, 0x5a, 0xad, 0xee, 0x1e, 0xca, 0xb9, 0x6b, 0xc5, 0x9e, 0x15, 0x9b, 0x56, 
  0xbc, 0xb5, 0xe2, 0xbd, 0xcd, 0x25, 0x54, 0x0b, 0x08, 0xd7, 0x09, 0x16, 0x2f, 0x6f, 0x0a, 0x58, 
  0x77, 0x91, 0x10, 0x4e, 0x5c, 0xb9, 0x65, 0x35, 0x10, 0xbd, 0xa2, 0x7c, 0x53, 0x4b, 0x0d, 0x3c, 
  0xad, 0x9b, 0xf1, 0x92, 0xd2, 0xf5, 0xa0, 0x8b, 0x83, 0x75, 0x90, 0xc0, 0xeb, 0x00, 0x13, 0x0e, 
  0x30, 0x18, 0x22, 0x60, 0xfb, 0x4b, 0xae, 0x57, 0xf4, 0xf3, 0xa4, 0x8c, 0x52, 0x56, 0x23, 0x38, 
  0xa1, 0x4d, 0x60, 0x8c, 0x33, 0x3f, 0xfe, 0xd2, 0x7b, 0x52, 0x75, 0xbe, 0x65, 0x92, 0xb2, 0xd5, 
  0x6d, 0x34, 0xe2, 0xc8, 0x38, 0xc7, 0x11, 0xec, 0xa3, 0x3c, 0x59, 0xcb, 0x53, 0x55, 0x8d, 0xfd, 
  0x33, 0xe7, 0x69, 0xa7, 0x69, 0x99, 0x79, 0x83, 0x97, 0xc1, 0x23, 0x2c, 0x6a, 0x0a, 0x23, 0x88, 
  0x65, 0x3d, 0xf0, 0x5b, 0x3a, 0xba, 0x83, 0x20, 0x05, 0x62, 0x26, 0x9f, 0xde, 0xc9, 0x18, 0xc6, 
  0x9c, 0x5f, 0x8c, 0x74, 0x25, 0xa2, 0x35, 0x7e, 0xb0, 0x2c, 0x72, 0x19, 0xab, 0xb8, 0x88, 0xc2, 
  0xd9, 0x33, 0xea, 0xd1, 0xe4, 0xe6, 0x23, 0xab, 0x9d, 0x9f, 0xca, 0x29, 0x1a, 0x7a, 0x58, 0x4c, 
  0x23, 0x12, 0xac, 0x13, 0x71, 0xc3, 0xbd, 0x48, 0x02, 0xec, 0xd8, 0x8a, 0x66, 0xf5, 0x4a, 0xdc, 
  0x76, 0x4f, 0xd1, 0x9f, 0xe2, 0x4a, 0x1a, 0x71, 0x2b, 0x09, 0x0d, 0x28, 0x64, 0x29, 0x14, 0x2c, 
  0x92, 0x8e, 0x25, 0xf1, 0xce, 0x85, 0x3b, 0xba, 0xa2, 0x31, 0xa1, 0xd6, 0x86, 0x65, 0x29, 0x6e, 
  0x08, 0x34, 0x2b, 0xc6, 0x00, 0x0d, 0xc4, 0x05, 0x5b, 0xc4, 0xec, 0x87, 0x5c, 0xb7, 0x4d, 0xae, 
  0x6d, 0xce, 0x55, 0x67, 0xa3, 0x80, 0x37, 0x4e, 0x25, 0xae, 0xf9, 0xe6, 0xe3, 0x3d, 0xd1, 0xd8, 
  0x27, 0x3b, 0x45, 0x23, 0xa4, 0xea, 0x17, 0xd7, 0x62, 0x5f, 0x6c, 0x97, 0x02, 0x81, 0xe3, 0x26, 
  0x70, 0x43, 0x25, 0xe6, 0x19, 0xea, 0x1d, 0xe6, 0xe3, 0x14, 0x2f, 0x3f, 0x40, 0x27, 0x98, 0x1b, 
  0x0b, 0x58, 0xb6, 0x41, 0x82, 0x98, 0x71, 0xd6, 0x4e, 0x30, 0xb1, 0xe2, 0xeb, 0xfe, 0x1f, 0xb6, 
  0x22, 0x8c, 0x1e, 0x48, 0xf3, 0x4f, 0x55, 0x9b, 0x4c, 0x32, 0xc6, 0x82, 0xfc, 0x68, 0x03, 0xc2, 
  0xa4, 0xc8, 0x06, 0x22, 0xdc, 0x1e, 0x74, 0xd5, 0x06, 0xf1, 0xb7, 0xd3, 0x62, 0x4c, 0x2f, 0x67, 
  0x85, 0x12, 0xb6, 0x55, 0xe3, 0xdc, 0x82, 0xdc, 0xf3, 0x79, 0x38, 0xa7, 0xb4, 0x34, 0xe5, 0x1b, 
  0x65, 0xf9, 0xda, 0x7f, 0x13, 0x23, 0xe4, 0x6c, 0xad, 0x77, 0x12, 0xff, 0x37, 0x6e, 0xde, 0xef, 
  0x66, 0x99, 0x90, 0x1d, 0xa9, 0xec, 0x3a, 0x82, 0x34, 0x83, 0x6c, 0x58, 0x29, 0x96, 0x65, 0x5a, 
  0x95, 0xf2, 0xd4, 0x9b, 0x4d, 0xca, 0xb2, 0x61, 0xda, 0xb7, 0x7f, 0x74, 0x28, 0x5b, 0x56, 0xa7, 
  0x1a, 0x79, 0xfb, 0x2b, 0x53, 0x59, 0xea, 0xaa, 0x34, 0x64, 0x78, 0x82, 0x13, 0x21, 0x8e, 0x4d, 
  0xb8, 0x64, 0x71, 0x47, 0x23, 0x6a, 0x31, 0xd3, 0xfc, 0x9d, 0x49, 0xda, 0xac, 0x24, 0x8f, 0x38, 
  0xca, 0x95, 0x7c, 0x4f, 0xd3, 0x6a, 0x51, 0x21, 0xea, 0x5f, 0x96, 0xbb, 0x5b, 0x22, 0x57, 0xb2, 
  0x48, 0xeb, 0xb6, 0xdb, 0x5c, 0xfb, 0x6a, 0x16, 0x54, 0x7a, 0x02, 0x83, 0xb8, 0xa3, 0xd9, 0x37, 
  0x98, 0xd5, 0x0c, 0xa5, 0x9c, 0xf5, 0x4e, 0x2a, 0x00, 0x86, 0x04, 0xb8, 0x90, 0xb3, 0x36, 0x69, 
  0x20, 0xc8, 0xf1, 0x53, 0x9c, 0x27, 0x2e, 0x36, 0xf8, 0xf7, 0xe9, 0xa0, 0x87, 0xf4, 0x8b, 0x6f, 
  0x65, 0x75, 0xd2, 0xf5, 0xcb, 0x60, 0xd8, 0xd2, 0xdd, 0x89, 0x1c, 0x73, 0xfa, 0x99, 0xff, 0x0d, 
  0xb9, 0xce, 0x28, 0xd7, 0x44, 0x4c, 0x36, 0x58, 0xce, 0x1f, 0x46, 0x8c, 0xd6, 0x10, 0x8d, 0xd8, 
  0xea, 0xd1, 0x6d, 0xdb, 0xe6, 0xda, 0x41, 0x40, 0x99, 0xda, 0x55, 0x7c, 0xfb, 0xf4, 0x1a, 0x7c, 
  0xed, 0xc6, 0x10, 0xd6, 0x60, 0xb9, 0x2d, 0xe6, 0xb5, 0xcd, 0xee, 0xa8, 0x91, 0xff, 0xc0, 0x56, 
  0x44, 0x3a, 0x8d, 0x8f, 0x2c, 0xe0, 0x2b, 0x8b, 0x17, 0x6b, 0x3b, 0x38, 0x18, 0x17, 0x0d, 0x70, 
  0x5e, 0xfd, 0x2e, 0x8f, 0x11, 0x8e, 0x40, 0x16, 0x79, 0x84, 0x5d, 0xae, 0xce, 0x67, 0xb4, 0x6a, 
  0xe0, 0x62, 0x5d, 0x79, 0x4d, 0x79, 0x72, 0xa8, 0xa6, 0x9c, 0xc7, 0xc3, 0xa2, 0x8a, 0xfb, 0xac, 
  0xa0, 0xcd, 0x5a, 0x8c, 0x64, 0x07, 0x99, 0x07, 0x7c, 0x5a, 0x1b, 0xa1, 0x11, 0xdb, 0xe4, 0x20, 
  0xb2, 0x30, 0xf0, 0xe6, 0x37, 0xe3, 0xc7, 0x24, 0x24, 0x87, 0x89, 0xe7, 0x08, 0xf1, 0x51, 0x13, 
  0x77, 0xc8, 0xdd, 0x1a, 0x40, 0x32, 0x6d, 0x38, 0x38, 0x16, 0xb5, 0xff, 0x6d, 0x51, 0x03, 0x09, 
  0xc8, 0x51, 0xcd, 0xbf, 0xa3, 0x00, 0x8c, 0xa0, 0x0c, 0xe0, 0x73, 0xa2, 0x18, 0x4c, 0xbd, 0xc7, 
  0x53, 0x85, 0x15, 0x0c, 0xed, 0x15, 0x2f, 0xe5, 0x8f, 0x2c, 0xa9, 0x7f, 0x3b, 0x08, 0x2b, 0xfd, 
  0x50, 0xd2, 0x00, 0xed, 0xae, 0xa6, 0xf9, 0x21, 0xa4, 0xb4, 0x9d, 0xc5, 0x34, 0x70, 0xfe, 0xa9, 
  0xdc, 0xde, 0x6a, 0x5a, 0x2a, 0xf7, 0xc3, 0x4a, 0x9a, 0xdd, 0x4e, 0x29, 0x36, 0x39, 0xb0, 0x5e, 
  0xd2, 0x96, 0x29, 0xef, 0x9d, 0xad, 0x7c, 0x3e, 0xc5, 0xdb, 0xdf, 0x64, 0x42, 0xad, 0x29, 0xd3, 
  0xbb, 0xc5, 0x4c, 0x62, 0xec, 0xb3, 0x1d, 0xab, 0x9f, 0x5a, 0xd9, 0xed, 0x99, 0xe5, 0xee, 0xe7, 
  0xc9, 0x73, 0xf1, 0xfe, 0x5f, 0x29, 0x12, 0x91, 0x86, 0x86, 0x31, 0xd7, 0xf9, 0x79, 0x96, 0xa1, 
  0xf5, 0x02, 0x96, 0xc4, 0x3d, 0xc6, 0x89, 0xfa, 0xb7, 0x7b, 0xcc, 0x5d, 0xd8, 0x5f, 0xaa, 0xb3, 
  0xc8, 0x5d, 0x9f, 0xce, 0xa5, 0x13, 0x7d, 0x71, 0xd5, 0x4d, 0xfb, 0x4a, 0xd1, 0x97, 0x07, 0xb8, 
  0xc8, 0x3d, 0xb7, 0x65, 0x45, 0xe1, 0x5d, 0x84, 0xdf, 0x5a, 0xbf, 0x99, 0xdc, 0xe2, 0x5a, 0xde, 
  0x33, 0x33, 0x0f, 0xdf, 0xe2, 0xf2, 0xf9, 0x58, 0x52, 0x1c, 0xe7, 0xba, 0x76, 0x00, 0x93, 0xf1, 
  0x30, 0xa5, 0xdc, 0x50, 0xbe, 0xe3, 0x87, 0x4f, 0x90, 0x63, 0x3f, 0xa3, 0xdf, 0x62, 0x3b, 0x8f, 
  0xdc, 0xb1, 0xc4, 0xf6, 0x9a, 0xe5, 0xb5, 0x07, 0x41, 0xb6, 0xba, 0x2b, 0x3c, 0x7f, 0x54, 0xed, 
  0xcc, 0x03, 0xff, 0xd6, 0xfd, 0x61, 0x8b, 0x6d, 0x71, 0xdd, 0xbe, 0x11, 0x07, 0xf4, 0xbf, 0xdb, 
  0xba, 0xa1, 0x6a, 0x77, 0xf0, 0xeb, 0x7b, 0xa4, 0x54, 0x34, 0x0a, 0x82, 0x6e, 0x6a, 0x6e, 0xd7, 
  0xe0, 0x78, 0x4b, 0xab, 0x09, 0x9a, 0xb6, 0x34, 0x13, 0x36, 0x3e, 0x95, 0x36, 0xbe, 0x6e, 0xbf, 
  0xd8, 0x17, 0xae, 0x75, 0x0c, 0xf1, 0xcc, 0x15, 0x82, 0xc2, 0x88, 0x63, 0xd1, 0x21, 0x0b, 0x31, 
  0x6a, 0x60, 0x3e, 0x67, 0xd2, 0x58, 0x6a, 0x98, 0x90, 0xed, 0xd6, 0x03, 0x62, 0xae, 0x55, 0xd0, 
  0xee, 0x5f, 0x11, 0xbb, 0x81, 0x1f, 0x52, 0xaa, 0x71, 0x30, 0x70, 0x17, 0x8e, 0xc3, 0xb7, 0x1b, 
  0x9d, 0xde, 0x3e, 0x9f, 0x0b, 0xbc, 0x4c, 0x7f, 0xdf, 0x1f, 0x46, 0xb6, 0xc5, 0xc9, 0xa8, 0x3e, 
  0x9d, 0x56, 0x7f, 0x99, 0xe7, 0x9b, 0xe2, 0xcb, 0x7c, 0x6e, 0x97, 0xd0, 0xc3, 0xae, 0x49, 0x0d, 
  0xfe, 0x69, 0x0d, 0xc4, 0x79, 0xcc, 0xbf, 0xca, 0xe7, 0x29, 0x45, 0x8d, 0x34, 0x00, 0x75, 0x04, 
  0xea, 0x52, 0xf8, 0xc0, 0x38, 0x2e, 0xb9, 0x37, 0x56, 0x52, 0xf5, 0x3b, 0x94, 0xfb, 0x23, 0x87, 
  0xf6, 0x6c, 0x99, 0x69, 0x52, 0x36, 0xa4, 0x0f, 0xec, 0x5f, 0xef, 0x11, 0x1f, 0xda, 0x71, 0x30, 
  0x13, 0x9d, 0x32, 0x51, 0x9b, 0x1c, 0xd5, 0x10, 0x29, 0xee, 0x41, 0x34, 0x71, 0x86, 0xce, 0x1e, 
  0x51, 0xbe, 0x6f, 0xf2, 0x1c, 0xf2, 0x2b, 0x1b, 0x2f, 0xc2, 0x4e, 0x65, 0x9d, 0xd8, 0x9b, 0x3e, 
  0x26, 0xed, 0x94, 0xe6, 0x42, 0x25, 0x7e, 0xe2, 0xca, 0x83, 0x86, 0x04, 0x1a, 0x09, 0x42, 0x4f, 
  0x02, 0xdd, 0x8a, 0xe3, 0xee, 0x20, 0xa1, 0xe5, 0xad, 0xdc, 0xb1, 0x84, 0x6f, 0x6f, 0x08, 0x2d, 
  0x29, 0xbc, 0x87, 0xf0, 0xc7, 0x80, 0x96, 0x37, 0x72, 0xe0, 0xb9, 0xa5, 0xc1, 0x22, 0xb7, 0xb4, 
  0x2f, 0xe3, 0x34, 0x64, 0x68, 0x87, 0x69, 0x58, 0x3a, 0x16, 0x0a, 0xb0, 0xbb, 0x3e, 0xc4, 0x87, 
  0x50, 0x84, 0xc2, 0x04, 0x9d, 0xda, 0x39, 0x61, 0xed, 0x7e, 0xb8, 0xda, 0x14, 0xd7, 0x32, 0xe8, 
  0x1e, 0xb7, 0xed, 0x86, 0xbc, 0x78, 0xf8, 0xd7, 0x38, 0x68, 0xb4, 0x9f, 0xc0, 0x0c, 0x70, 0x7a, 
  0x30, 0x26, 0xf9, 0x32, 0x0d, 0xfc, 0xe0, 0x11, 0x1d, 0xd5, 0x58, 0x06, 0x60, 0xa4, 0x3f, 0xa5, 
  0xf3, 0x23, 0x8e, 0x94, 0xec, 0x13, 0x16, 0xde, 0x30, 0x1b, 0x5c, 0x69, 0xde, 0x2a, 0x01, 0xb0, 
  0xbc, 0x47, 0x22, 0x04, 0xd8, 0x99, 0x74, 0x05, 0x67, 0x99, 0xb4, 0xd6, 0xab, 0x8b, 0xf6, 0x7a, 
  0xce, 0x8a, 0xc7, 0xa2, 0x5d, 0xe5, 0xb5, 0x8c, 0x9f, 0x4a, 0x0a, 0xb6, 0xe4, 0x4d, 0xe4, 0x36, 
  0x18, 0xc5, 0xb5, 0xf4, 0xe5, 0xed, 0xd3, 0xb3, 0xca, 0x6e, 0x9c, 0x95, 0xb4, 0x13, 0xf7, 0x0b, 
  0xcb, 0xfa, 0x29, 0xe0, 0xd8, 0xb5, 0x94, 0x27, 0xbd, 0x81, 0xdf, 0xbe, 0xf1, 0xe4, 0x00, 0x5b, 
  0x5d, 0x52, 0xb7, 0xab, 0x82, 0xa4, 0x6d, 0xc2, 0x84, 0xd4, 0xe2, 0x96, 0x96, 0xa0, 0xa6, 0x05, 
  0x32, 0x2b, 0xb1, 0x6d, 0x18, 0x59, 0xcb, 0x59, 0x59, 0xcd, 0x9e, 0x9a, 0x9e, 0x91, 0xb3, 0x6a, 
  0xb6, 0x51, 0x53, 0x31, 0x80, 0xa8, 0x98, 0x89, 0xa7, 0xbd, 0x63, 0x2a, 0x72, 0x42, 0x45, 0x78, 
  0x61, 0xd5, 0xf8, 0x19, 0x95, 0xa1, 0x86, 0xd8, 0x68, 0x61, 0x64, 0x18, 0x96, 0xe5, 0xe6, 0x43, 
  0xfb, 0x79, 0xb3, 0xc8, 0x3b, 0xa2, 0x36, 0x68, 0xf0, 0x34, 0x8f, 0xcd, 0x49, 0xeb, 0x86, 0x70, 
  0x3b, 0xb5, 0x47, 0x01, 0xa8, 0x10, 0x41, 0x05, 0xe0, 0xf7, 0x6d, 0x07, 0x55, 0x8f, 0x7f, 0x75, 
  0x20, 0x9d, 0x1f, 0xa9, 0x64, 0x4a, 0x80, 0xbe, 0x55, 0x2e, 0xb6, 0x88, 0xde, 0xf5, 0x99, 0x9a, 
  0xa0, 0x72, 0x47, 0x95, 0xc3, 0x46, 0xf0, 0x40, 0xec, 0x7e, 0x93, 0x7c, 0xb0, 0x32, 0x2c, 0x59, 
  0xac, 0xf9, 0x82, 0x7b, 0x2d, 0x58, 0x54, 0x1d, 0xac, 0xc9, 0x4e, 0xac, 0x7b, 0x9f, 0x53, 0x72, 
  0x36, 0x7a, 0x1b, 0xda, 0x3e, 0x57, 0xa1, 0xc8, 0xc1, 0x98, 0x17, 0x59, 0x0d, 0xae, 0x1b, 0xbf, 
  0x35, 0x51, 0x40, 0x0c, 0x5e, 0x42, 0x95, 0x51, 0x44, 0x95, 0xee, 0x0d, 0x8e, 0x2d, 0x34, 0x76, 
  0x47, 0x34, 0x92, 0xdf, 0xe4, 0x11, 0x94, 0x55, 0x4a, 0x1a, 0x3c, 0x47, 0xe8, 0x36, 0xf5, 0x81, 
  0x01, 0x05, 0xe6, 0xd4, 0x9b, 0xb5, 0xfa, 0x51, 0x14, 0xb9, 0xf8, 0x6e, 0x8c, 0x60, 0x1c, 0x70, 
  0x4d, 0xfc, 0x42, 0xb2, 0x70, 0x21, 0x96, 0x13, 0xab, 0x1a, 0xa4, 0xe7, 0x46, 0xf4, 0x85, 0xc3, 
  0xe9, 0xe0, 0x11, 0x96, 0x05, 0x0d, 0x7f, 0xcd, 0x81, 0x48, 0x09, 0xc4, 0x08, 0x49, 0x58, 0x45, 
  0xf2, 0x10, 0xc2, 0x67, 0x2c, 0xbe, 0x44, 0x05, 0x22, 0x47, 0xb6, 0xbb, 0xc6, 0xf7, 0xaf, 0xfb, 
  0x7c, 0xa4, 0x94, 0xbb, 0x38, 0x94, 0x1d, 0x7d, 0x49, 0x35, 0x6c, 0x0b, 0xac, 0xd3, 0x3c, 0xbe, 
  0x5e, 0x7e, 0xab, 0xf2, 0xf8, 0x2e, 0xda, 0xcf, 0x89, 0xe4, 0xd6, 0x22, 0xad, 0xf2, 0xa4, 0x8a, 
  0x8a, 0x09, 0xe3, 0xa3, 0xd3, 0xc1, 0x8e, 0x9a, 0x0e, 0xc4, 0x1a, 0x41, 0x2c, 0x43, 0x72, 0x5a, 
  0x16, 0x8e, 0xb7, 0xea, 0xc6, 0x29, 0x33, 0x44, 0x9e, 0x86, 0xb8, 0x31, 0x31, 0xf3, 0xc4, 0x0d, 
  0x91, 0x62, 0x89, 0xac, 0xf1, 0xc9, 0xfb, 0x8a, 0x89, 0x1b, 0xe5, 0x63, 0xe2, 0x36, 0x43, 0x89, 
  0xb8, 0x31, 0x0e, 0x22, 0x71, 0x0b, 0xfb, 0xda, 0x71, 0xd8, 0xd1, 0x6e, 0xe2, 0x46, 0x26, 0xf6, 
  0x41, 0xe1, 0x6e, 0x0b, 0x92, 0xda, 0xf3, 0xf9, 0xfc, 0x0c, 0x67, 0x2c, 0x0f, 0xba, 0x28, 0x14, 
  0xf0, 0x55, 0x9c, 0xf2, 0xb9, 0x6a, 0xb8, 0x78, 0xc2, 0x3b, 0xf8, 0x7f, 0x43, 0xc4, 0x76, 0xe5, 
  0x41, 0x24, 0x62, 0x3b, 0x72, 0xe8, 0xc9, 0xe5, 0x70, 0x91, 0x5c, 0x2a, 0x25, 0xb7, 0x8b, 0xd9, 
  0xd1, 0x0e, 0xd6, 0xc4, 0xb8, 0x82, 0xc9, 0xa3, 0x53, 0x72, 0xbf, 0x18, 0xe5, 0x10, 0xa3, 0xa4, 
  0x53, 0xc2, 0xe2, 0xb7, 0x4b, 0xbb, 0x8d, 0x0b, 0x98, 0x47, 0x00, 0x7a, 0xe1, 0x62, 0x97, 0x52, 
  0xa8, 0x9a, 0xb2, 0xe4, 0xb0, 0x43, 0x38, 0x27, 0x5b, 0xb1, 0x1e, 0xac, 0xb6, 0x31, 0xaf, 0xb6, 
  0x29, 0x56, 0xdb, 0x4e, 0x3c, 0xa7, 0xcd, 0xb0, 0xda, 0x32, 0x43, 0x5d, 0xf8, 0x05, 0xd2, 0x66, 
  0x16, 0x0d, 0x75, 0xd1, 0x15, 0x2c, 0x36, 0x4d, 0xdd, 0xa4, 0xc5, 0xe5, 0x50, 0x1b, 0xb7, 0x89, 
  0x66, 0x2a, 0x84, 0x0c, 0x7b, 0x8a, 0xf1, 0x30, 0xcd, 0x2f, 0xa4, 0xd1, 0x63, 0xcb, 0xa7, 0x38, 
  0xad, 0xa4, 0x89, 0x9d, 0x46, 0x9f, 0x29, 0x7e, 0xdc, 0xba, 0xe1, 0xdc, 0xda, 0xf7, 0x1a, 0xed, 
  0x1c, 0xd5, 0x4a, 0x8c, 0x55, 0x58, 0xc2, 0x35, 0x2f, 0xe1, 0xc1, 0xc2, 0x12, 0xae, 0x55, 0xb6, 
  0x86, 0x0f, 0x56, 0xd6, 0xf0, 0x2e, 0x10, 0x71, 0x1b, 0x65, 0xe2, 0x1a, 0xae, 0x45, 0x38, 0x39, 
  0x7b, 0xe7, 0x06, 0x68, 0xe7, 0xba, 0x70, 0x68, 0xd3, 0x94, 0x02, 0x21, 0x8b, 0x10, 0xaf, 0xce, 
  0x41, 0xbe, 0x3a, 0xa3, 0xe9, 0x8e, 0xce, 0x97, 0x26, 0x70, 0x12, 0xcb, 0x73, 0x47, 0xec, 0x0b, 
  0x5b, 0x96, 0xe1, 0xc8, 0x35, 0x88, 0x3c, 0x19, 0xf1, 0xf2, 0x13, 0x49, 0xc2, 0x42, 0x1e, 0x9b, 
  0x93, 0xaa, 0x7d, 0x22, 0x2e, 0x7c, 0x14, 0x72, 0x8d, 0xf6, 0x09, 0x1d, 0xb1, 0x32, 0x66, 0x86, 
  0x70, 0x19, 0x1a, 0x60, 0x2d, 0x39, 0x11, 0xac, 0x4b, 0x26, 0x2f, 0xe6, 0xa5, 0x38, 0xf0, 0x6b, 
  0x5d, 0xcb, 0x01, 0x07, 0xe2, 0xc2, 0x10, 0x1a, 0x49, 0x61, 0xad, 0x6b, 0xc1, 0x98, 0x93, 0x16, 
  0x45, 0x3a, 0xff, 0x2a, 0xbf, 0xd8, 0x0f, 0xfc, 0x62, 0x1f, 0xab, 0xb8, 0xda, 0x43, 0x1d, 0xbb, 
  0xbc, 0xda, 0xf3, 0x38, 0x56, 0x7b, 0x1e, 0x1f, 0x03, 0x77, 0x0e, 0xf2, 0xe5, 0xfe, 0x69, 0xe9, 
  0x04, 0x2c, 0xb7, 0xca, 0xbb, 0x5c, 0x44, 0xb0, 0x1e, 0x8f, 0xc4, 0xc9, 0x38, 0x10, 0x51, 0x7f, 
  0x1e, 0x5a, 0x7f, 0x0c, 0x11, 0xa6, 0xca, 0x85, 0x97, 0x38, 0x07, 0x43, 0x72, 0x19, 0xed, 0x69, 
  0xb9, 0xb2, 0xe9, 0x22, 0xdf, 0x08, 0xa1, 0x3d, 0xe5, 0x69, 0x2b, 0xdc, 0xb8, 0x91, 0x48, 0x61, 
  0xc4, 0x57, 0x8c, 0xce, 0x8b, 0xf3, 0x0d, 0xa7, 0x05, 0xee, 0xbf, 0x8d, 0xd8, 0x34, 0xc6, 0x68, 
  0x07, 0x98, 0xca, 0xc1, 0xfc, 0x1e, 0x69, 0xc0, 0x0b, 0xa6, 0x59, 0x74, 0xeb, 0x20, 0xfb, 0xae, 
  0x9b, 0x48, 0x17, 0x33, 0xce, 0xe2, 0xe8, 0xd1, 0xdf, 0xc5, 0x96, 0x58, 0xc7, 0xda, 0x92, 0x81, 
  0x58, 0xd1, 0x5d, 0x2f, 0xce, 0x89, 0x98, 0x00, 0x04, 0x35, 0x05, 0x6d, 0x3d, 0xd4, 0xb3, 0x69, 
  0x57, 0x4b, 0x1d, 0xf6, 0x22, 0x56, 0x9a, 0xa9, 0x82, 0x9e, 0x3d, 0x01, 0xbf, 0x9b, 0x19, 0xdb, 
  0xda, 0xf4, 0x8e, 0x34, 0x12, 0x74, 0x50, 0x3e, 0xfa, 0x54, 0x68, 0xdc, 0x43, 0xac, 0xb7, 0x61, 
  0x9f, 0xc8, 0xfe, 0x33, 0x1c, 0x4d, 0xb5, 0x08, 0xce, 0x33, 0x1c, 0xe9, 0xd6, 0x89, 0x75, 0xef, 
  0x3a, 0xc3, 0x3b, 0x06, 0x13, 0x7d, 0x57, 0x8a, 0x19, 0x47, 0x15, 0x21, 0x89, 0x00, 0x92, 0x10, 
  0x56, 0xdc, 0x31, 0xc1, 0x19, 0xc6, 0x4b, 0x9e, 0x93, 0x39, 0x9d, 0xf6, 0xb3, 0x33, 0x88, 0x16, 
  0x93, 0xec, 0x04, 0x92, 0xa8, 0x25, 0x38, 0x38, 0x71, 0x03, 0x79, 0x90, 0xb8, 0x8e, 0x52, 0xae, 
  0x03, 0x79, 0x91, 0x28, 0xe5, 0xae, 0x34, 0x44, 0x8c, 0x2c, 0x1d, 0x18, 0x94, 0x92, 0x53, 0x7a, 
  0x38, 0x25, 0x07, 0xf4, 0x30, 0xa0, 0x30, 0xdd, 0x7e, 0xa4, 0x4e, 0x47, 0x1c, 0x0f, 0x9e, 0x76, 
  0xe8, 0x1e, 0x14, 0xeb, 0x25, 0x45, 0xbb, 0x61, 0x69, 0xf7, 0x3d, 0x49, 0xeb, 0x2f, 0x92, 0xb4, 
  0x1a, 0x09, 0x80, 0x24, 0x89, 0xd1, 0x38, 0x83, 0xcc, 0xaa, 0xd5, 0x63, 0xd8, 0x2c, 0x80, 0xd2, 
  0xd1, 0x4b, 0x4c, 0xd5, 0xa2, 0x48, 0xb4, 0x31, 0x39, 0x5e, 0x90, 0x79, 0x96, 0x62, 0x4f, 0x4e, 
  0xe3, 0x35, 0x7f, 0xa7, 0x9a, 0x2a, 0x74, 0x48, 0xfc, 0x90, 0x17, 0x0d, 0x25, 0x70, 0xe2, 0x82, 
  0x29, 0xc1, 0x05, 0x53, 0x82, 0xbd, 0x12, 0x6e, 0xe9, 0x0e, 0x8a, 0xe3, 0xe2, 0x07, 0x0d, 0x15, 
  0x89, 0xcd, 0xc0, 0x5c, 0x29, 0xb1, 0x29, 0x66, 0x0a, 0x0e, 0xe7, 0xb6, 0xc5, 0x39, 0x25, 0x5e, 
  0xc4, 0x95, 0xcd, 0xbe, 0xe1, 0xe8, 0xee, 0x60, 0xa2, 0xa4, 0xbf, 0x6e, 0x08, 0xcf, 0xb3, 0xf0, 
  0x7c, 0xe7, 0x17, 0xc0, 0x30, 0x49, 0xdb, 0xcf, 0xf9, 0xf6, 0xf6, 0xc4, 0xc7, 0x4b, 0x02, 0xa0, 
  0x7c, 0x07, 0xe5, 0x87, 0x8f, 0xfc, 0xed, 0x49, 0x9a, 0x3a, 0x54, 0x16, 0x4c, 0x42, 0x45, 0x30, 
  0x57, 0x2d, 0x26, 0xaa, 0x5c, 0xa4, 0x14, 0xc9, 0x61, 0x5a, 0x74, 0x06, 0xd6, 0x10, 0xbd, 0x92, 
  0x30, 0xe4, 0x7c, 0x03, 0x2b, 0x9f, 0x7a, 0x73, 0xb2, 0x52, 0xfb, 0xbb, 0x95, 0xca, 0xcf, 0x7e, 
  0x57, 0xf9, 0xbb, 0xfb, 0xea, 0xf6, 0x64, 0xee, 0xee, 0x86, 0x54, 0xbe, 0x95, 0xbf, 0x44, 0xec, 
  0xab, 0xb9, 0x97, 0x5b, 0x9d, 0xa6, 0x92, 0xfd, 0x64, 0xd4, 0xbe, 0x2b, 0xd7, 0xc5, 0x99, 0x3c, 
  0x55, 0x2b, 0xfd, 0x20, 0xd0, 0xcc, 0x68, 0x47, 0x44, 0x09, 0x3d, 0x95, 0x67, 0x41, 0x75, 0x33, 
  0xe7, 0xdc, 0x6f, 0x5a, 0xee, 0x21, 0x71, 0x75, 0x91, 0x7b, 0x0f, 0x04, 0xd6, 0xc8, 0xfe, 0x4a, 
  0x6d, 0xdd, 0x4d, 0x00, 0x43, 0x7d, 0x3d, 0x08, 0x12, 0x1f, 0x6e, 0x57, 0xb7, 0x05, 0x02, 0xa2, 
  0x4f, 0x08, 0x7f, 0x53, 0xb6, 0x6f, 0x8b, 0x4e, 0x08, 0x62, 0x3e, 0x89, 0x90, 0x61, 0x59, 0xdc, 
  0x7a, 0x10, 0x41, 0x68, 0x9d, 0xc1, 0x39, 0x60, 0x7b, 0xb3, 0xb5, 0xe3, 0xd9, 0xd2, 0x3f, 0xc8, 
  0xf4, 0x70, 0xdc, 0xda, 0x11, 0x9b, 0xc8, 0x4d, 0xbb, 0xe1, 0x4c, 0x3d, 0xc5, 0xfe, 0x45, 0x09, 
  0x1d, 0x8c, 0xbb, 0xdc, 0x7c, 0x8c, 0x17, 0x3a, 0x47, 0x8c, 0x92, 0xfe, 0x06, 0x02, 0x2c, 0xeb, 
  0xb0, 0x32, 0xae, 0x94, 0x9c, 0xc1, 0xe3, 0xd5, 0xad, 0xf2, 0x85, 0xdb, 0xc5, 0x95, 0xea, 0x9d, 
  0x57, 0x1d, 0xf4, 0xff, 0xa0, 0x30, 0xae, 0xb8, 0x55, 0x61, 0x9f, 0x06, 0xf2, 0xc9, 0x62, 0x17, 
  0xeb, 0x82, 0x2a, 0xac, 0x28, 0xa0, 0x15, 0xe1, 0xf1, 0x66, 0xd9, 0xde, 0x7d, 0xa8, 0xd5, 0xc3, 
  0xc2, 0x27, 0xed, 0x50, 0x52, 0xa7, 0x6c, 0x71, 0x2d, 0x1c, 0x0c, 0x52, 0x66, 0x95, 0xb8, 0x14, 
  0x4c, 0xc2, 0xbf, 0xc7, 0x9f, 0xe0, 0x9e, 0xec, 0x86, 0x10, 0x47, 0xf5, 0x00, 0xcb, 0xd9, 0x9c, 
  0xf7, 0x49, 0x24, 0x3c, 0x8d, 0xd3, 0xfb, 0x9e, 0x88, 0x21, 0x5f, 0xfb, 0x4c, 0xd3, 0xf2, 0x83, 
  0xdd, 0x41, 0x54, 0x7a, 0xbf, 0xbb, 0xed, 0x54, 0x46, 0xdc, 0xae, 0x57, 0x16, 0x18, 0x92, 0x4e, 
  0x07, 0x36, 0x06, 0x8a, 0x53, 0x69, 0x97, 0xa7, 0x12, 0xcd, 0x2c, 0xc3, 0xbc, 0x69, 0xf5, 0x3e, 
  0xd6, 0xc5, 0xc3, 0x4d, 0xb1, 0xad, 0xa4, 0xa5, 0x67, 0x66, 0x0a, 0xad, 0x59, 0x92, 0xa8, 0xab, 
  0x09, 0x29, 0xa3, 0x4b, 0xcd, 0xaa, 0x1c, 0x14, 0x6c, 0x11, 0x3c, 0x9e, 0xc1, 0x4e, 0xa3, 0x65, 
  0xe6, 0x12, 0x33, 0x03, 0xd8, 0xfb, 0x7c, 0xc3, 0x51, 0xf2, 0x3d, 0x65, 0xed, 0xf5, 0x3a, 0x9c, 
  0xbb, 0x0d, 0xf1, 0x60, 0x93, 0x79, 0xa0, 0x24, 0xee, 0xd4, 0x3c, 0x7d, 0xf0, 0x6c, 0x8c, 0xbc, 
  0x2d, 0xfa, 0xfe, 0x42, 0x62, 0x4d, 0x3e, 0xf9, 0xf5, 0x2b, 0x30, 0x26, 0xbd, 0x33, 0xaa, 0xa4, 
  0x32, 0x11, 0xe1, 0x6a, 0x2a, 0xf6, 0xa6, 0x20, 0xfa, 0x53, 0x86, 0xb2, 0x62, 0x4c, 0xf3, 0xad, 
  0xdb, 0x23, 0x85, 0x33, 0xc6, 0x01, 0xdc, 0xc0, 0xd4, 0x62, 0xc0, 0xe6, 0x0a, 0x14, 0x7b, 0x95, 
  0x62, 0x33, 0x39, 0x6d, 0x0f, 0x16, 0x0c, 0x4a, 0x7d, 0x9b, 0xf6, 0x69, 0xa7, 0xb7, 0xad, 0xaa, 
  0x7d, 0x25, 0x6a, 0x0e, 0xef, 0xc3, 0x91, 0x5d, 0x97, 0xa6, 0xac, 0xe0, 0x85, 0x7f, 0xa6, 0xa8, 
  0xf5, 0x38, 0xc6, 0xb5, 0x2a, 0xde, 0xb1, 0x2a, 0x0e, 0x43, 0xa9, 0x65, 0x31, 0x68, 0x91, 0x6e, 
  0x10, 0xe1, 0x4b, 0x49, 0xd4, 0x8d, 0x5a, 0xee, 0x88, 0x59, 0xfb, 0xbc, 0xe4, 0x3d, 0x53, 0x4c, 
  0x96, 0x4a, 0x5e, 0x28, 0x2e, 0x3a, 0xf9, 0xe7, 0x45, 0xcb, 0x8a, 0xb2, 0xdf, 0xa8, 0x3f, 0xae, 
  0x7e, 0x1c, 0x5d, 0x68, 0x8d, 0xdb, 0x94, 0x41, 0x0c, 0xc4, 0x66, 0xeb, 0x5c, 0xcc, 0x1a, 0xd3, 
  0x6e, 0xea, 0x7d, 0xef, 0x58, 0x05, 0xce, 0x18, 0x28, 0xf8, 0xae, 0xba, 0xa1, 0xfd, 0x8d, 0xb6, 
  0xea, 0x82, 0xc0, 0xac, 0xd6, 0x2a, 0x03, 0x0d, 0x06, 0xfa, 0x5f, 0x78, 0x50, 0x45, 0x4f, 0x5f, 
  0xa4, 0x17, 0x41, 0x82, 0xb2, 0xfb, 0x6c, 0x9d, 0x12, 0x61, 0xc0, 0x50, 0xdf, 0x85, 0xa2, 0x0a, 
  0x09, 0x30, 0xcf, 0x3d, 0xb1, 0xe4, 0xf7, 0x6e, 0xd8, 0x86, 0xef, 0x17, 0xb8, 0x44, 0x19, 0x23, 
  0x76, 0x56, 0x8e, 0xf0, 0xc1, 0x6c, 0xe5, 0x5c, 0xc2, 0x67, 0x12, 0xca, 0xc7, 0x67, 0x92, 0x01, 
  0x4a, 0x44, 0x87, 0x52, 0xe3, 0xb4, 0xd3, 0xb2, 0x74, 0xa5, 0xbf, 0x28, 0x5d, 0xf1, 0xa0, 0x13, 
  0x02, 0xcd, 0xc4, 0xa9, 0xb8, 0x20, 0x10, 0x6f, 0xd6, 0xdd, 0x51, 0x12, 0xb9, 0x1c, 0x43, 0x12, 
  0xb8, 0x0f, 0xb9, 0xcb, 0x8d, 0xc4, 0x05, 0x23, 0x01, 0x76, 0x01, 0xd8, 0x03, 0xe0, 0x7d, 0x10, 
  0xbe, 0x6c, 0xcb, 0x91, 0xdf, 0x7a, 0x47, 0x8b, 0x5b, 0xef, 0x35, 0x9d, 0x64, 0xa7, 0x47, 0xdb, 
  0x7e, 0x99, 0xd4, 0x34, 0x97, 0x07, 0xf2, 0x5a, 0xec, 0xe2, 0xe6, 0x62, 0x67, 0xd1, 0xa8, 0x3f, 
  0x66, 0xc1, 0xa9, 0x40, 0xf3, 0xa9, 0x80, 0x82, 0x2d, 0xb9, 0x5d, 0x82, 0xf5, 0x5e, 0x11, 0xea, 
  0x4d, 0xbd, 0xa9, 0x3f, 0x0e, 0xdc, 0xdd, 0x5d, 0xcf, 0x19, 0x1f, 0x48, 0x53, 0x8a, 0x1d, 0x1f, 
  0xbe, 0xe5, 0x22, 0x61, 0xf9, 0xaa, 0x86, 0x2a, 0x29, 0xe2, 0xf2, 0x77, 0xe8, 0x05, 0xf7, 0x71, 
  0xa8, 0x2d, 0xff, 0x83, 0xf3, 0x93, 0x53, 0x52, 0x45, 0x3c, 0x11, 0x91, 0x23, 0xb9, 0xe5, 0x79, 
  0xe1, 0x43, 0xc2, 0x78, 0xe1, 0x90, 0x60, 0x9a, 0x43, 0x02, 0xca, 0xad, 0x9c, 0x12, 0x9c, 0x02, 
  0xbb, 0x77, 0x1b, 0x4a, 0x41, 0x40, 0x0c, 0x76, 0x83, 0x99, 0x83, 0x31, 0x33, 0x07, 0x06, 0xc7, 
  0x84, 0xfd, 0x42, 0x89, 0x03, 0x9c, 0x12, 0x10, 0xb8, 0x8e, 0x87, 0x84, 0xf1, 0xd2, 0x21, 0x41, 
  0x61, 0x38, 0x55, 0x7e, 0x48, 0x98, 0x0a, 0x46, 0x03, 0xa2, 0x04, 0x57, 0x54, 0x08, 0xe7, 0x20, 
  0xcf, 0xd4, 0x2b, 0x39, 0xe6, 0x40, 0xb2, 0x60, 0x50, 0x48, 0x8b, 0x5c, 0xbd, 0x12, 0x3c, 0x83, 
  0x09, 0xad, 0x92, 0xf7, 0x83, 0xc0, 0xd5, 0x2b, 0xcf, 0x03, 0x49, 0x1b, 0xd9, 0xfa, 0x58, 0x8b, 
  0x53, 0xcc, 0xd7, 0xe7, 0x00, 0xcf, 0xd8, 0xe7, 0x00, 0xab, 0xb8, 0x23, 0xf9, 0x32, 0xf8, 0x9c, 
  0x89, 0x3b, 0xb1, 0x26, 0x9e, 0xdb, 0x85, 0xfb, 0x98, 0xe7, 0xf6, 0xbe, 0x3b, 0xc2, 0xdc, 0x3e, 
  0x7f, 0xfc, 0xf4, 0x49, 0x19, 0x8a, 0x63, 0xd8, 0xfd, 0xf5, 0x60, 0x36, 0xcc, 0xc8, 0x03, 0xeb, 
  0x33, 0xf6, 0xad, 0xe0, 0xe8, 0x07, 0x54, 0x50, 0x52, 0x19, 0x86, 0xad, 0x03, 0x06, 0xf3, 0x9c, 
  0x64, 0x30, 0x15, 0x5d, 0xc5, 0x40, 0xa9, 0x3e, 0x06, 0x99, 0x8b, 0xcc, 0x23, 0x83, 0x2c, 0xb2, 
  0xe4, 0x1b, 0x83, 0x40, 0xec, 0x16, 0xa3, 0x66, 0x97, 0x12, 0x47, 0xa6, 0xb5, 0xee, 0xfd, 0x30, 
  0x88, 0x01, 0x00, 0xca, 0x03, 0x14, 0x00, 0x16, 0x00, 0x64, 0x7b, 0x8c, 0xa4, 0x2e, 0x2b, 0xb8, 
  0xdb, 0x55, 0xf7, 0x19, 0xa8, 0x30, 0xb9, 0x79, 0x60, 0x7e, 0x8e, 0x42, 0xed, 0xf5, 0x85, 0xf0, 
  0x46, 0x67, 0x4d, 0x22, 0x9d, 0x08, 0x99, 0x41, 0xb6, 0x4e, 0x55, 0xf0, 0xf3, 0x2f, 0x24, 0x0e, 
  0xe5, 0x0c, 0x2d, 0x5e, 0x11, 0x8f, 0x8b, 0xe2, 0xc9, 0x43, 0x84, 0x5a, 0x0c, 0x25, 0x80, 0xf5, 
  0xa9, 0x05, 0x03, 0x91, 0x96, 0xc0, 0x38, 0x63, 0x4f, 0x9f, 0x69, 0xa3, 0x9d, 0x42, 0x5d, 0xec, 
  0xd7, 0xc4, 0xd7, 0x5d, 0x96, 0xd4, 0xd7, 0x31, 0x7a, 0x60, 0xe9, 0xf1, 0xe4, 0xdb, 0x92, 0x2f, 
  0x1d, 0xf4, 0xd7, 0xe2, 0x94, 0xc5, 0x03, 0x6c, 0xa9, 0x2d, 0xfa, 0x79, 0xfc, 0x17, 0xe1, 0x10, 
  0x36, 0xf4, 0xf3, 0xd0, 0x03, 0x90, 0x88, 0xb1, 0x48, 0xc9, 0x1c, 0x33, 0x78, 0x2c, 0x65, 0xf1, 
  0x69, 0xf9, 0x05, 0x1f, 0xdb, 0x0a, 0xdb, 0xe8, 0x56, 0x25, 0x33, 0xff, 0xb5, 0x45, 0xe6, 0x0d, 
  0xe2, 0x4f, 0xe3, 0x13, 0xca, 0x55, 0xd2, 0x8a, 0xbd, 0x35, 0x83, 0x8f, 0xb8, 0x3d, 0x5b, 0xeb, 
  0xb0, 0x13, 0xd5, 0xe2, 0x40, 0x15, 0x53, 0x30, 0xd8, 0xe2, 0xd2, 0xb2, 0x6b, 0xe4, 0x3d, 0x1f, 
  0x16, 0x94, 0x8e, 0xe8, 0x80, 0xd3, 0x0a, 0x3e, 0xae, 0x68, 0xd0, 0x4f, 0x68, 0xb0, 0xcb, 0xb7, 
  0x73, 0x7a, 0x73, 0xb6, 0xd1, 0xb5, 0xf2, 0x27, 0xdb, 0xeb, 0x5b, 0xf9, 0x8c, 0x9e, 0x4d, 0xf3, 
  0x87, 0x2b, 0x7a, 0x74, 0x85, 0xed, 0x1d, 0x31, 0xe6, 0x29, 0x70, 0x28, 0x51, 0x49, 0x53, 0x25, 
  0x7b, 0xfe, 0xb2, 0x42, 0xf2, 0x6a, 0xca, 0x7a, 0x59, 0x96, 0x51, 0x19, 0x13, 0x9a, 0x99, 0x1f, 
  0x2c, 0x02, 0xa8, 0x3b, 0xd7, 0x1a, 0xfe, 0x6a, 0x57, 0x4d, 0xc9, 0xa2, 0x03, 0x10, 0x03, 0x2a, 
  0x7c, 0x37, 0xaf, 0xbc, 0xe6, 0x91, 0x13, 0x2a, 0x2f, 0xf8, 0x61, 0x55, 0xe1, 0x2f, 0xe4, 0xf3, 
  0x66, 0x65, 0x8b, 0x8b, 0xf0, 0x41, 0xc8, 0x9d, 0xf2, 0x46, 0x8d, 0xc0, 0x5b, 0x57, 0xf1, 0x65, 
  0x35, 0xcf, 0x87, 0xd2, 0xf2, 0x81, 0xcd, 0xf4, 0x3e, 0xf5, 0xef, 0x0b, 0x7d, 0xf4, 0xf7, 0x12, 
  0xcf, 0x14, 0x06, 0xbc, 0x69, 0xc7, 0xe8, 0xbc, 0x57, 0xcb, 0x85, 0xde, 0xf9, 0x42, 0x49, 0x63, 
  0xc3, 0xb2, 0xde, 0x31, 0xe4, 0x77, 0xdc, 0xbc, 0xd5, 0xd2, 0xe8, 0xa6, 0x79, 0xfd, 0x87, 0x75, 
  0xbd, 0xff, 0xe3, 0xba, 0x6a, 0x2d, 0x75, 0x56, 0xd7, 0x58, 0xaf, 0x2a, 0x9c, 0x7c, 0xa1, 0x1a, 
  0xd8, 0x9f, 0xa0, 0xf3, 0x9e, 0x7e, 0xc6, 0xec, 0x3f, 0x72, 0x2a, 0x77, 0x60, 0x01, 0x6a, 0x1f, 
  0x8e, 0x85, 0x81, 0xe2, 0x72, 0x52, 0x31, 0x98, 0x12, 0x12, 0xd3, 0x21, 0x57, 0x3d, 0x1e, 0x7b, 
  0x87, 0xb0, 0xd8, 0xe4, 0x6a, 0x28, 0xcd, 0xfe, 0xad, 0x17, 0x54, 0x96, 0x55, 0x49, 0x8c, 0x34, 
  0xf9, 0x1a, 0xf9, 0xff, 0x03, 0x35, 0xf3, 0xfe, 0x49, 0xbd, 0x66, 0x72, 0xab, 0x35, 0x4d, 0xd6, 
  0xf5, 0x91, 0x33, 0xe0, 0xb3, 0x7f, 0x33, 0x76, 0x53, 0x9d, 0x24, 0xa2, 0xc2, 0x34, 0xc6, 0xfa, 
  0xb8, 0x35, 0x9e, 0x8c, 0x6a, 0xc2, 0xa8, 0xc7, 0xc5, 0xff, 0x0e, 0x5b, 0xe5, 0xe4, 0xe6, 0xb1, 
  0x08, 0x28, 0x55, 0x38, 0xf9, 0x1a, 0xce, 0x7e, 0x65, 0xcb, 0x96, 0x74, 0xb4, 0x2c, 0xd9, 0xef, 
  0xb1, 0xf7, 0x8b, 0x2a, 0x4c, 0x56, 0xf3, 0x80, 0x6b, 0xa6, 0xa1, 0x3a, 0x1b, 0x93, 0x8c, 0x98, 
  0x54, 0x18, 0xa0, 0x73, 0x49, 0x43, 0x97, 0x34, 0x35, 0xbf, 0xe5, 0xc7, 0x38, 0xdf, 0x05, 0xe8, 
  0x9f, 0x93, 0x58, 0x81, 0x8e, 0xf1, 0x44, 0x1f, 0x81, 0xe0, 0x12, 0x3f, 0x4d, 0x5f, 0x8e, 0x3a, 
  0xed, 0xff, 0xf3, 0xe8, 0x5b, 0x0b, 0xbd, 0x71, 0xa1, 0x5d, 0x2c, 0x10, 0xe9, 0xf2, 0xad, 0x61, 
  0x84, 0x61, 0xdf, 0x11, 0xd3, 0xf0, 0x5e, 0x7b, 0xc1, 0xa3, 0x2a, 0xce, 0xe1, 0x08, 0x88, 0x75, 
  0x5c, 0xea, 0xca, 0x3d, 0x8e, 0x34, 0x93, 0xb5, 0xb9, 0xe2, 0x53, 0x3a, 0x68, 0x55, 0x0d, 0x72, 
  0xd7, 0xdf, 0x96, 0x2c, 0x6b, 0x0b, 0x07, 0x9e, 0x85, 0xa5, 0x62, 0xeb, 0x6d, 0x5d, 0xe9, 0xac, 
  0xe9, 0xf3, 0xff, 0xa4, 0x12, 0x5d, 0x51, 0x35, 0xb9, 0xff, 0x3e, 0xb5, 0x8a, 0x82, 0x91, 0x3d, 
  0x6a, 0x7a, 0x59, 0x35, 0x6d, 0xcd, 0xf7, 0x1a, 0x75, 0x30, 0xb9, 0x29, 0x9a, 0xd8, 0x27, 0x79, 
  0xce, 0xfb, 0xda, 0x44, 0xe1, 0xea, 0x69, 0x8f, 0x38, 0x90, 0xda, 0xcd, 0xa6, 0xb2, 0x13, 0x4e, 
  0x77, 0x34, 0x06, 0x76, 0x3c, 0x76, 0xb0, 0x47, 0x73, 0xa5, 0xd7, 0x9d, 0xd1, 0x8d, 0x0c, 0xe0, 
  0x0a, 0x31, 0x89, 0x1f, 0x9c, 0xf1, 0x29, 0x2a, 0x82, 0xe3, 0xf5, 0x92, 0x02, 0xf8, 0x5a, 0x41, 
  0xc4, 0x1b, 0x94, 0xd7, 0xe2, 0x8a, 0xde, 0xcf, 0x3d, 0x72, 0xea, 0xc6, 0x6d, 0xd3, 0xdc, 0x2a, 
  0xe3, 0x64, 0xc8, 0x35, 0x0f, 0x67, 0x3c, 0x78, 0x3d, 0x1f, 0xd4, 0xe6, 0xaa, 0x9e, 0xd2, 0xac, 
  0xbd, 0xa7, 0xb6, 0x07, 0xee, 0xc6, 0x7b, 0x0a, 0x47, 0x09, 0x14, 0x2c, 0xbe, 0x3f, 0x19, 0x52, 
  0xda, 0xb6, 0x42, 0x8d, 0x35, 0xd7, 0x78, 0x80, 0x42, 0xec, 0xa8, 0x9f, 0xc0, 0x2c, 0x50, 0x6a, 
  0x8c, 0xa9, 0xe4, 0x9e, 0xa2, 0x6e, 0x7e, 0x5d, 0x93, 0x6f, 0xf5, 0xaf, 0x5f, 0x1f, 0xd6, 0xe4, 
  0x3b, 0x4d, 0x92, 0x8a, 0x37, 0xfa, 0x11, 0xe7, 0x2f, 0xf6, 0x40, 0x8a, 0x40, 0x27, 0xf8, 0x65, 
  0xaf, 0xf1, 0xb2, 0xfc, 0x2d, 0x05, 0xd4, 0x3d, 0xa6, 0xca, 0xca, 0xee, 0xb6, 0x7a, 0x44, 0xf6, 
  0x32, 0xca, 0x0c, 0xb7, 0x69, 0xb1, 0x0c, 0x89, 0x65, 0xf7, 0x59, 0xf7, 0x90, 0x75, 0x7c, 0xe5, 
  0x73, 0x4e, 0x39, 0xa7, 0x82, 0x3b, 0xb3, 0x90, 0x4c, 0x9c, 0x7e, 0x0b, 0xa8, 0x34, 0xb9, 0xd9, 
  0x8c, 0x97, 0x07, 0x9b, 0x4a, 0x6e, 0x5b, 0x78, 0x84, 0xee, 0x02, 0x3e, 0x9a, 0x9d, 0x6a, 0x33, 
  0xfd, 0xf5, 0xeb, 0xe8, 0x5b, 0x23, 0xa7, 0x70, 0x6c, 0xf6, 0x34, 0x9e, 0xb8, 0x29, 0x78, 0x21, 
  0xe9, 0x83, 0xe8, 0x22, 0xed, 0x8e, 0xd4, 0x4d, 0x5f, 0xf3, 0x39, 0x96, 0xdd, 0x05, 0x95, 0x84, 
  0x25, 0x30, 0x9c, 0x4b, 0x87, 0x33, 0xaa, 0xfc, 0x01, 0x26, 0x17, 0x7b, 0x44, 0x00, 0xa0, 0x6e, 
  0xf1, 0xdc, 0x88, 0x99, 0x05, 0xe5, 0xa9, 0xbe, 0x2e, 0xa4, 0x78, 0xff, 0x80, 0x23, 0x5b, 0x8a, 
  0x37, 0x78, 0x11, 0x68, 0x89, 0x4b, 0x94, 0x45, 0xc8, 0x97, 0x7c, 0x61, 0x84, 0xf6, 0x5b, 0xd6, 
  0x4b, 0xca, 0xe0, 0x29, 0x19, 0x1c, 0x0d, 0x6e, 0x21, 0x3f, 0x4b, 0xaa, 0xa4, 0xf2, 0x4f, 0x64, 
  0xef, 0x6e, 0xa9, 0x85, 0x75, 0x1a, 0xf8, 0xd1, 0x4f, 0x05, 0x02, 0xcc, 0xae, 0x82, 0xc1, 0x16, 
  0x2c, 0xb1, 0x0a, 0x92, 0x40, 0x0b, 0x96, 0x2e, 0xbc, 0xd4, 0x47, 0xf4, 0xfe, 0x49, 0xef, 0x19, 
  0xad, 0xd2, 0x65, 0x55, 0xc9, 0xea, 0x59, 0x0a, 0xc2, 0xdf, 0xea, 0x1d, 0x3a, 0x58, 0x9d, 0x6a, 
  0xe1, 0x5f, 0xa5, 0xfa, 0x87, 0x9d, 0xc3, 0xe9, 0x2a, 0x6a, 0xb4, 0xf5, 0xf5, 0x1e, 0x34, 0xb7, 
  0xa9, 0x3f, 0xdf, 0x91, 0x8b, 0x7c, 0xfa, 0xf8, 0x4c, 0xdf, 0xbf, 0x25, 0x5b, 0x86, 0x4f, 0x0a, 
  0xcc, 0x46, 0xe6, 0xdf, 0x44, 0x65, 0x1a, 0x39, 0x8d, 0x0e, 0x9e, 0xa3, 0x3d, 0x91, 0xd0, 0x9d, 
  0x18, 0x1e, 0x57, 0x31, 0x3e, 0x5f, 0x4c, 0x68, 0x1e, 0x9c, 0xf0, 0xce, 0x59, 0xbd, 0x63, 0x56, 
  0x05, 0x11, 0x4e, 0x59, 0x56, 0xa9, 0xd8, 0x5f, 0x51, 0x4c, 0x41, 0xc7, 0x26, 0xb8, 0x58, 0xcd, 
  0xd2, 0xe0, 0xaa, 0x87, 0xe5, 0x40, 0x27, 0xd7, 0xc3, 0xc2, 0x51, 0x02, 0x85, 0x93, 0xe6, 0x6d, 
  0x72, 0x7a, 0xe2, 0x70, 0x9f, 0x78, 0xd7, 0x67, 0xdd, 0x40, 0xd1, 0x87, 0x46, 0x5c, 0x3d, 0x97, 
  0x0a, 0xba, 0xfb, 0x6d, 0x1d, 0x8f, 0x6c, 0x16, 0x46, 0xe6, 0xe3, 0x79, 0xb6, 0x4d, 0xab, 0x22, 
  0x1d, 0xf4, 0x5e, 0x1e, 0xb9, 0x85, 0xeb, 0x8d, 0x50, 0x6f, 0xe1, 0xb7, 0x22, 0xcc, 0x6c, 0xdf, 
  0x95, 0x94, 0x07, 0x4f, 0xe4, 0xb3, 0xec, 0xd1, 0x2d, 0x1e, 0x7f, 0xa8, 0x26, 0x0f, 0x08, 0x8a, 
  0x0f, 0xd1, 0xd0, 0xec, 0xc8, 0x43, 0x21, 0x84, 0x66, 0xfd, 0x60, 0x47, 0xb3, 0xa6, 0x12, 0xc9, 
  0x92, 0x3c, 0x86, 0x02, 0x4d, 0x4b, 0xe5, 0x5d, 0x03, 0xf8, 0x8e, 0xc8, 0xb4, 0xe9, 0x7f, 0xec, 
  0x9d, 0xd8, 0x6a, 0x62, 0xa1, 0x48, 0x60, 0x30, 0x6a, 0xd2, 0x85, 0x06, 0x0c, 0x3b, 0x59, 0x61, 
  0x2b, 0x57, 0x8b, 0xcf, 0x66, 0x40, 0xa8, 0x00, 0xfb, 0x1a, 0xf4, 0x0d, 0x5f, 0x83, 0xf8, 0xf8, 
  0xeb, 0x17, 0x10, 0x83, 0x8c, 0x71, 0xd8, 0x57, 0x7f, 0x1d, 0xdd, 0x63, 0x87, 0x33, 0x10, 0xfb, 
  0xc6, 0x4e, 0xd2, 0x47, 0xed, 0xdd, 0x5c, 0x37, 0x19, 0x7a, 0x2f, 0x55, 0xe5, 0xa9, 0xfa, 0xba, 
  0x80, 0x0b, 0x67, 0x4e, 0xf2, 0xfe, 0xb1, 0x11, 0x9a, 0x0b, 0x8c, 0x30, 0xea, 0xf8, 0x6d, 0xf6, 
  0xf5, 0x94, 0x1d, 0x8a, 0x7a, 0xd4, 0x3b, 0xdc, 0xf9, 0xad, 0x51, 0x37, 0xae, 0xd1, 0xcb, 0x32, 
  0x9e, 0x8e, 0x74, 0x57, 0xcb, 0xe4, 0x90, 0xde, 0x2c, 0x70, 0x22, 0x04, 0x03, 0x89, 0x09, 0xef, 
  0x07, 0x61, 0x39, 0x71, 0xba, 0xaa, 0xa7, 0x74, 0xc5, 0xe3, 0x62, 0x1a, 0x9c, 0xb3, 0xba, 0x32, 
  0x0d, 0x2a, 0xd5, 0xba, 0x7a, 0x60, 0xab, 0x2c, 0xd9, 0x2c, 0x24, 0x6b, 0x2a, 0xaf, 0x4b, 0x0c, 
  0x27, 0x94, 0xc7, 0xa9, 0x5a, 0x74, 0xca, 0x47, 0x00, 0x64, 0x8c, 0x25, 0x68, 0x08, 0x91, 0x63, 
  0x66, 0x0b, 0x30, 0x30, 0x4b, 0xe2, 0x51, 0xdf, 0x70, 0x1f, 0x09, 0x94, 0xcf, 0xa2, 0x21, 0xa1, 
  0xc5, 0x9c, 0x90, 0xe0, 0x3b, 0x76, 0x4c, 0x3c, 0x6f, 0xe9, 0xf9, 0x83, 0xaf, 0xb2, 0x9e, 0x2d, 
  0xac, 0x6e, 0x4a, 0x0b, 0x18, 0x55, 0xce, 0x41, 0x41, 0x7e, 0x9f, 0xb8, 0xe8, 0x17, 0x32, 0xa2, 
  0x61, 0xe9, 0x7d, 0xc0, 0x03, 0xfe, 0x93, 0x50, 0xe5, 0x23, 0xb1, 0x2f, 0x4e, 0xfe, 0xf4, 0x6f, 
  0x27, 0xb4, 0x13, 0xb5, 0xeb, 0xfe, 0x4c, 0x22, 0x02, 0xbf, 0xab, 0x98, 0x92, 0x12, 0xe4, 0x26, 
  0x25, 0xc9, 0xf3, 0xb2, 0x0a, 0x40, 0xcb, 0xc0, 0x73, 0x00, 0x37, 0x7d, 0x75, 0x2f, 0x72, 0x57, 
  0x98, 0x0a, 0x6d, 0xbe, 0x8c, 0xcb, 0xfb, 0x25, 0xae, 0xfe, 0x0a, 0x87, 0x15, 0x1c, 0xcf, 0xd0, 
  0x0e, 0x0b, 0xb9, 0x11, 0x5f, 0xbf, 0xa0, 0x1c, 0x1e, 0x87, 0x38, 0x17, 0xa3, 0x07, 0x67, 0x99, 
  0x0b, 0x06, 0x48, 0x8e, 0xf8, 0xec, 0xbc, 0x5f, 0xcd, 0x78, 0xfb, 0xfa, 0x09, 0x8b, 0x7b, 0xcc, 
  0xaa, 0xdc, 0xc8, 0x5d, 0x75, 0xa8, 0xc7, 0xe7, 0xec, 0x8a, 0xfe, 0x04, 0x99, 0x4e, 0x2e, 0x9c, 
  0xcf, 0xf5, 0xdc, 0x89, 0x09, 0x75, 0x59, 0xf1, 0xed, 0x99, 0x29, 0x66, 0xae, 0xac, 0xce, 0xf8, 
  0x21, 0x4e, 0x9d, 0xec, 0x23, 0x24, 0x4e, 0x4d, 0xe1, 0xd3, 0x87, 0xa6, 0xba, 0x30, 0x54, 0x1e, 
  0x0a, 0xb5, 0x4e, 0xee, 0x73, 0xe2, 0xb1, 0x29, 0x6e, 0x02, 0x6c, 0x97, 0x5d, 0xbe, 0x7e, 0x26, 
  0x72, 0xec, 0xbf, 0xcb, 0x13, 0xd6, 0xdb, 0x81, 0x11, 0x2a, 0x40, 0x4a, 0xf1, 0x9c, 0x52, 0xbd, 
  0x61, 0x79, 0x48, 0x7d, 0x6f, 0xc4, 0x9d, 0x37, 0xca, 0xbd, 0xad, 0xb0, 0xb4, 0xa0, 0x3e, 0x1f, 
  0x72, 0x94, 0xf0, 0xb9, 0xf9, 0x99, 0x39, 0x31, 0x38, 0xde, 0x7c, 0xee, 0x43, 0xe7, 0x80, 0x05, 
  0x5b, 0xf8, 0xee, 0xe7, 0x47, 0x30, 0x7d, 0x90, 0xbb, 0x8e, 0xc0, 0x41, 0x16, 0xf5, 0xa9, 0x88, 
  0xc1, 0x12, 0x40, 0x98, 0xc2, 0x03, 0xe6, 0x43, 0x00, 0x05, 0x89, 0x06, 0x80, 0x31, 0x0c, 0x70, 
  0xdc, 0x20, 0x42, 0xc8, 0x4f, 0xdf, 0x5b, 0x27, 0xde, 0x3b, 0xf1, 0xcc, 0x89, 0x97, 0xfc, 0x6e, 
  0x6f, 0xf8, 0xf7, 0xa3, 0x13, 0x3f, 0x1d, 0x2e, 0x26, 0xb6, 0xe0, 0xe9, 0x16, 0xa4, 0xe1, 0xf3, 
  0x23, 0x18, 0xee, 0xc7, 0xd5, 0x87, 0x5d, 0xc3, 0x6f, 0x1d, 0x99, 0xc9, 0x46, 0x97, 0x8a, 0x04, 
  0x81, 0x2e, 0x55, 0x20, 0x7f, 0xba, 0x1e, 0xce, 0x61, 0xeb, 0xa2, 0x53, 0x56, 0x77, 0xfd, 0xaa, 
  0xb3, 0x84, 0x24, 0x1f, 0x5d, 0xb9, 0xe5, 0x30, 0xfb, 0x23, 0x05, 0x01, 0xc8, 0x0f, 0xef, 0xc8, 
  0xf3, 0xad, 0x63, 0x76, 0xc4, 0xd5, 0xc7, 0xf8, 0xe6, 0xd2, 0x05, 0x58, 0x0d, 0xf1, 0x2c, 0xc0, 
  0x8e, 0xc7, 0x43, 0xb2, 0x3a, 0xe1, 0xea, 0xdf, 0xc2, 0xc3, 0xdb, 0x23, 0xf6, 0x1b, 0x40, 0x4d, 
  0x20, 0xf6, 0x93, 0xca, 0xbf, 0x0f, 0x19, 0xcf, 0x54, 0x3d, 0x4c, 0x19, 0xa9, 0x78, 0xa4, 0xad, 
  0x9c, 0x68, 0x43, 0xca, 0xfb, 0xa0, 0x06, 0x8f, 0xe3, 0xc1, 0x27, 0x5e, 0x2a, 0xbe, 0x6c, 0x48, 
  0xa6, 0x76, 0xa9, 0x87, 0x11, 0x74, 0x4b, 0xf1, 0x05, 0x16, 0xea, 0x93, 0xf3, 0xd2, 0x7d, 0x5a, 
  0x14, 0xd4, 0xc4, 0x69, 0x29, 0xfc, 0xf8, 0xe0, 0x22, 0x05, 0x80, 0x33, 0x8f, 0xac, 0x2f, 0x5c, 
  0x34, 0xc9, 0x81, 0x9d, 0x6a, 0x8a, 0xac, 0x67, 0x9a, 0x7f, 0x9f, 0x1b, 0x27, 0xa6, 0xe1, 0xeb, 
  0x03, 0x3f, 0xc9, 0xf1, 0xd7, 0x9a, 0xaf, 0xce, 0x93, 0xe2, 0xe4, 0xd2, 0xf9, 0x36, 0xf7, 0x06, 
  0x96, 0xde, 0xa6, 0x2f, 0x9e, 0xe1, 0x25, 0x1f, 0x0d, 0xc0, 0x2c, 0xbd, 0x1b, 0x0f, 0x59, 0x55, 
  0xbe, 0xec, 0x52, 0x47, 0x6c, 0xce, 0x18, 0xa2, 0xe9, 0x5f, 0xbf, 0x18, 0x1a, 0x66, 0x5e, 0xcb, 
  0xfc, 0x8d, 0x83, 0xc4, 0xeb, 0xdc, 0x71, 0xce, 0x38, 0xd1, 0x7d, 0x5a, 0xf4, 0x42, 0x97, 0xfe, 
  0x8c, 0x93, 0xdc, 0x29, 0x46, 0xf4, 0xc3, 0x06, 0x5d, 0x76, 0x0d, 0x75, 0x7a, 0xf1, 0x5b, 0x31, 
  0xfe, 0x3b, 0x2e, 0x64, 0x49, 0x1c, 0x70, 0x92, 0xf3, 0xb1, 0x5f, 0xa1, 0x84, 0x8f, 0x0c, 0xba, 
  0xf7, 0xc3, 0x33, 0x01, 0x3b, 0x39, 0x83, 0xd7, 0xd4, 0xae, 0xd1, 0x8d, 0x5b, 0xa1, 0x9b, 0x09, 
  0x1b, 0x63, 0xbe, 0xc2, 0x89, 0x25, 0xf7, 0xd9, 0xfb, 0xe2, 0xe0, 0xed, 0x9b, 0xf0, 0x59, 0xa0, 
  0x5e, 0xbd, 0xc0, 0x44, 0x86, 0xcc, 0x65, 0x55, 0x2f, 0xcc, 0x63, 0x00, 0x0b, 0x07, 0x79, 0x77, 
  0x7c, 0x79, 0x22, 0x2c, 0x75, 0xe8, 0xd7, 0x80, 0xbf, 0x7a, 0x13, 0x84, 0xc0, 0xc4, 0x9b, 0x2c, 
  0xf6, 0xbf, 0xca, 0xfb, 0x5a, 0x8a, 0x4b, 0x97, 0x78, 0x62, 0x2d, 0x9c, 0x57, 0x60, 0x7c, 0xfe, 
  0xa8, 0x0f, 0xbf, 0x01, 0x61, 0x0a, 0xbb, 0xcf, 0x4c, 0xa4, 0xc2, 0x46, 0x3e, 0x4b, 0x1e, 0xc9, 
  0x55, 0xd8, 0x7d, 0x89, 0xf3, 0xb6, 0xa3, 0xd7, 0xea, 0x96, 0xc9, 0xa4, 0x72, 0x35, 0x05, 0xcb, 
  0x35, 0xa2, 0x05, 0xc1, 0x57, 0x46, 0x5a, 0x7d, 0xe4, 0x18, 0xf4, 0x42, 0x45, 0x67, 0xb0, 0xdc, 
  0x75, 0xb7, 0x06, 0xdd, 0x6d, 0xe5, 0xe7, 0xae, 0xdb, 0x6c, 0x1d, 0x10, 0xd6, 0xb1, 0xa2, 0x21, 
  0x32, 0x7d, 0xd6, 0x40, 0x89, 0x1e, 0xee, 0x2e, 0x7a, 0x2f, 0x5c, 0xf5, 0x0f, 0x57, 0xbd, 0x70, 
  0xc4, 0x6e, 0x8a, 0x1f, 0xec, 0x1d, 0x76, 0x9f, 0x19, 0xb7, 0x72, 0x1e, 0xd4, 0xa9, 0x28, 0x73, 
  0x32, 0x6b, 0xf7, 0xf5, 0xce, 0x57, 0xf3, 0xb2, 0x42, 0xce, 0x47, 0x6a, 0x99, 0x5e, 0x5d, 0xab, 
  0xf0, 0xd6, 0xe1, 0x95, 0x69, 0x14, 0xf9, 0x6d, 0x05, 0xd5, 0x94, 0xbf, 0xaa, 0xf8, 0xa0, 0x57, 
  0x2a, 0xf2, 0x35, 0xf1, 0x92, 0xbb, 0xcb, 0xd6, 0x2a, 0xad, 0xe2, 0x63, 0xe0, 0xa5, 0xca, 0xe7, 
  0xcc, 0x7f, 0xe3, 0xcb, 0x24, 0xc3, 0xa8, 0x70, 0x7a, 0xb6, 0x38, 0xe3, 0xa2, 0xec, 0xeb, 0x7b, 
  0x5c, 0x99, 0x53, 0xf7, 0x72, 0x3f, 0x10, 0x1e, 0xfb, 0x5f, 0xfb, 0x73, 0xba, 0x23, 0x56, 0x1f, 
  0xbe, 0xed, 0x89, 0xfa, 0xc2, 0x2f, 0x03, 0x91, 0x24, 0xe6, 0x3b, 0x0d, 0x1a, 0xae, 0xbd, 0x68, 
  0x09, 0x65, 0x35, 0x7b, 0x49, 0x2d, 0xc5, 0x6b, 0xef, 0x15, 0x9c, 0x00, 0xb9, 0xfc, 0xe5, 0x95, 
  0x5b, 0xb0, 0x0c, 0x58, 0xac, 0xbb, 0x11, 0x28, 0x7a, 0x4f, 0xcd, 0x85, 0xca, 0x7c, 0x71, 0x33, 
  0x97, 0xb5, 0xab, 0xbc, 0xf6, 0x31, 0x5f, 0x8f, 0x0c, 0x15, 0xe5, 0x55, 0x7f, 0xe2, 0x48, 0x97, 
  0xee, 0x22, 0xa8, 0x2e, 0x0f, 0xa2, 0xea, 0xf8, 0x0d, 0xbf, 0x38, 0xd9, 0x11, 0x87, 0xf8, 0x79, 
  0x4d, 0xff, 0x97, 0xf4, 0xff, 0x00, 0x11, 0x65, 0xe8, 0xc7, 0x19, 0xf9, 0x80, 0xfa, 0x61, 0xa4, 
  0x62, 0x5f, 0x6f, 0xaf, 0xe1, 0xe2, 0xed, 0x52, 0x8c, 0x91, 0x34, 0xc5, 0xcf, 0x00, 0x3f, 0xaf, 
  0xe8, 0xa4, 0xb9, 0xc7, 0xfa, 0x4b, 0xa0, 0xee, 0xac, 0x31, 0x66, 0x40, 0xed, 0x6f, 0xf9, 0x77, 
  0x9b, 0x7f, 0xaf, 0xf9, 0x77, 0x97, 0x7f, 0x77, 0xf0, 0xdb, 0xcd, 0x9d, 0x89, 0x84, 0x97, 0x2d, 
  0x0c, 0x1d, 0x93, 0xd6, 0xe4, 0x9e, 0x5f, 0x1f, 0x84, 0xb6, 0x08, 0x7b, 0x65, 0x5f, 0x7a, 0xad, 
  0xe0, 0x30, 0x44, 0xf4, 0x75, 0x01, 0x3c, 0x41, 0xbd, 0x74, 0x67, 0xc9, 0xbf, 0xfb, 0xba, 0x28, 
  0x57, 0x3d, 0x8b, 0x84, 0x7a, 0x24, 0xbd, 0xe0, 0x6b, 0xa9, 0x44, 0xac, 0x4a, 0xd2, 0xbb, 0x5e, 
  0x4a, 0x87, 0xb7, 0xe4, 0x77, 0x7c, 0x0b, 0xc7, 0x14, 0xef, 0xe8, 0x27, 0x2c, 0x24, 0xff, 0x2a, 
  0x5d, 0x7a, 0x49, 0xc3, 0x46, 0x5a, 0x72, 0xe8, 0x8a, 0x07, 0x8e, 0x64, 0x15, 0x8f, 0xfe, 0x56, 
  0xe2, 0xad, 0x0d, 0x2c, 0xb6, 0x00, 0x54, 0x26, 0x00, 0x07, 0x00, 0x72, 0x5b, 0x00, 0xbf, 0xf6, 
  0x50, 0xf8, 0xb7, 0x0b, 0x2d, 0x02, 0x7a, 0xc9, 0xd0, 0xac, 0x97, 0x9b, 0x26, 0x7e, 0xfd, 0x0d, 
  0x63, 0x42, 0x23, 0xee, 0x7d, 0x60, 0xad, 0xa9, 0x6e, 0x79, 0xe7, 0x5a, 0xad, 0xd0, 0x99, 0x0b, 
  0xed, 0xfd, 0x28, 0x9d, 0xe1, 0xd9, 0x55, 0xd2, 0x11, 0x27, 0x49, 0x13, 0x4d, 0xb7, 0x95, 0x02, 
  0x1c, 0x0b, 0xbd, 0x6a, 0x78, 0x4b, 0x91, 0x46, 0xca, 0x8f, 0x09, 0x11, 0xbb, 0xdc, 0x5b, 0xca, 
  0x1d, 0x67, 0xaa, 0x94, 0xf0, 0x99, 0x70, 0x02, 0xb8, 0xf3, 0x03, 0x0f, 0xb1, 0x02, 0x96, 0x0e, 
  0xdd, 0x99, 0xcb, 0x73, 0x93, 0x7d, 0xe3, 0x68, 0xb1, 0x7f, 0xf8, 0x31, 0xf8, 0xb1, 0x98, 0xbc, 
  0x8c, 0x63, 0x2c, 0x82, 0xd6, 0x3b, 0x34, 0x5e, 0x83, 0x10, 0x48, 0x3f, 0xea, 0x27, 0xaa, 0x7f, 
  0xc7, 0x46, 0xba, 0xb5, 0xe8, 0xf3, 0xa5, 0xfc, 0x78, 0x2e, 0x35, 0xec, 0xae, 0xfe, 0x9b, 0xae, 
  0xd9, 0xe4, 0xb8, 0x55, 0x68, 0x4f, 0x30, 0x93, 0x46, 0x44, 0x88, 0xa3, 0x33, 0x65, 0x77, 0xc0, 
  0x54, 0x74, 0xda, 0x2b, 0x5e, 0xb7, 0xe5, 0x40, 0xd4, 0xe0, 0xa1, 0x69, 0x22, 0x5a, 0x14, 0xe6, 
  0x75, 0x57, 0x19, 0xfe, 0x2d, 0x2e, 0x43, 0x2a, 0x0c, 0x26, 0x0c, 0x52, 0x15, 0xc3, 0x1d, 0x7e, 
  0x69, 0x14, 0x4a, 0x31, 0xb6, 0x2c, 0x61, 0xc2, 0x13, 0x76, 0x34, 0x78, 0x3e, 0xf9, 0x26, 0x1d, 
  0x9e, 0x7f, 0x21, 0x21, 0xb5, 0xa0, 0xea, 0xaf, 0x90, 0xd4, 0xba, 0x02, 0x40, 0xa0, 0x09, 0x1f, 
  0xba, 0xe4, 0x84, 0x27, 0x48, 0xc0, 0xb9, 0x03, 0xb5, 0x73, 0x28, 0xf7, 0x08, 0x93, 0x06, 0x89, 
  0x8a, 0xbd, 0x16, 0x4e, 0x52, 0xa6, 0x4b, 0xc1, 0xab, 0xc6, 0x52, 0x38, 0x13, 0x38, 0xf2, 0x38, 
  0xdd, 0x4d, 0xaf, 0xb5, 0xa3, 0x41, 0x23, 0x39, 0xe1, 0xa0, 0x26, 0xb2, 0xb8, 0x5e, 0x45, 0x51, 
  0x5c, 0x4b, 0xd6, 0x42, 0xb5, 0xeb, 0x2e, 0x83, 0x9f, 0x44, 0xb0, 0x03, 0xd8, 0x45, 0xf0, 0x5f, 
  0x22, 0xd8, 0xb4, 0x09, 0x6c, 0x5a, 0x01, 0xdc, 0x89, 0x60, 0x0b, 0xb0, 0x6d, 0xd5, 0xf3, 0x79, 
  0x3e, 0x3f, 0x4a, 0xb8, 0x30, 0x3f, 0x51, 0x48, 0xa7, 0xe2, 0xfc, 0xc4, 0x63, 0x33, 0xe6, 0xa8, 
  0x4b, 0x50, 0xd2, 0x71, 0x90, 0x9a, 0x8f, 0xbf, 0x3c, 0x5d, 0x65, 0x14, 0xe3, 0x25, 0x61, 0x11, 
  0x25, 0x8c, 0x52, 0xa6, 0x6c, 0xae, 0x30, 0xce, 0x73, 0xde, 0x9f, 0x82, 0x23, 0x95, 0xfc, 0xf8, 
  0xaa, 0x88, 0x16, 0xb2, 0x83, 0x16, 0x81, 0xb6, 0xe0, 0xa3, 0x45, 0x46, 0x25, 0x0f, 0x1f, 0xed, 
  0xf5, 0x8e, 0xa0, 0x44, 0xc5, 0x3e, 0xcb, 0x83, 0xca, 0x55, 0x37, 0xba, 0x16, 0x82, 0x13, 0x17, 
  0x48, 0x21, 0x38, 0x50, 0xb2, 0xca, 0x13, 0xbc, 0xb9, 0xf4, 0x7a, 0xb4, 0x60, 0x9a, 0xd6, 0xa2, 
  0x11, 0x4b, 0x44, 0x44, 0xc2, 0x86, 0xc8, 0xe6, 0xd4, 0xe1, 0xca, 0xa7, 0x86, 0xb9, 0x56, 0xca, 
  0x87, 0x2f, 0x5e, 0x8d, 0xe4, 0x80, 0x2d, 0x87, 0x06, 0x4f, 0xb7, 0xc4, 0x4c, 0xa6, 0xf3, 0xca, 
  0xeb, 0xea, 0x52, 0x0c, 0xe5, 0x73, 0x6f, 0xa0, 0x79, 0x22, 0x77, 0x30, 0xf5, 0x13, 0x7a, 0x68, 
  0x3e, 0x98, 0x7b, 0x97, 0x12, 0x13, 0xff, 0x29, 0xb2, 0xa0, 0x51, 0xc6, 0x2f, 0x19, 0xce, 0x63, 
  0xfe, 0xa1, 0x91, 0x35, 0x39, 0x69, 0x6b, 0x7b, 0xbb, 0x29, 0x8d, 0x4b, 0xcb, 0xa8, 0xc4, 0xac, 
  0xdb, 0xed, 0x8d, 0x4e, 0xb7, 0x8c, 0xd5, 0x69, 0xbe, 0x40, 0x51, 0x52, 0x97, 0x0b, 0x25, 0x9b, 
  0x82, 0x26, 0x15, 0x6c, 0xb5, 0x9e, 0x46, 0xb7, 0x75, 0xcb, 0xe5, 0x4d, 0x28, 0xaf, 0xd2, 0x1d, 
  0x63, 0xe6, 0xf2, 0x39, 0x5d, 0x8f, 0x46, 0x05, 0x24, 0x58, 0x42, 0x57, 0xda, 0x15, 0x27, 0xb8, 
  0x2e, 0xfd, 0x29, 0x66, 0xa2, 0x83, 0xf1, 0x35, 0x21, 0x35, 0x25, 0x9a, 0x94, 0xa8, 0xe5, 0xb0, 
  0xed, 0x70, 0xb9, 0xdf, 0x1e, 0xc2, 0x29, 0x61, 0xdd, 0xa3, 0x9f, 0x01, 0x96, 0xa8, 0x54, 0x65, 
  0x55, 0xc7, 0xb0, 0x09, 0x5b, 0xfe, 0x34, 0x55, 0xa5, 0xaa, 0xd8, 0xa4, 0xa9, 0xea, 0xb6, 0x7a, 
  0x2a, 0x4d, 0xbb, 0x26, 0xa0, 0x99, 0xfb, 0x8c, 0xf4, 0x52, 0xa4, 0x34, 0x37, 0x6c, 0x73, 0x6b, 
  0x75, 0x6c, 0xad, 0xdc, 0xf0, 0xd5, 0xa1, 0x5c, 0xe6, 0x76, 0x83, 0xb7, 0xac, 0x67, 0x46, 0x2a, 
  0x66, 0x0d, 0xd8, 0x3f, 0x8f, 0x54, 0xf3, 0xee, 0xf3, 0x74, 0xae, 0x09, 0xfc, 0x02, 0xa8, 0x14, 
  0xb2, 0xbe, 0x34, 0xf2, 0x79, 0xf4, 0x4a, 0xf5, 0xd2, 0xf0, 0x02, 0x20, 0x74, 0x0a, 0xa1, 0x52, 
  0x20, 0x00, 0xca, 0xc7, 0x20, 0x84, 0x18, 0x94, 0x0e, 0x3c, 0x29, 0x0c, 0x70, 0x3a, 0x2f, 0xc5, 
  0x20, 0x80, 0xf1, 0x14, 0x14, 0x42, 0x1e, 0x71, 0xdf, 0x60, 0x17, 0x61, 0x07, 0x46, 0xe1, 0xd0, 
  0xa6, 0x7c, 0x8c, 0xb6, 0x6f, 0x6f, 0xb9, 0xfe, 0xe8, 0x2f, 0x73, 0xf1, 0xdc, 0xc3, 0xd8, 0xf3, 
  0xcf, 0x1b, 0xc3, 0xf8, 0x4d, 0xe8, 0x08, 0x87, 0x3f, 0x60, 0x81, 0xa8, 0xbe, 0xb1, 0x51, 0x62, 
  0x8b, 0xd9, 0xf3, 0x4f, 0xfc, 0x7b, 0x88, 0xdf, 0x6e, 0x23, 0x36, 0x5a, 0x70, 0xc2, 0x15, 0xde, 
  0xc8, 0xf3, 0xd0, 0x10, 0x20, 0xfd, 0x86, 0x91, 0x0d, 0xcb, 0x02, 0x47, 0x0d, 0xc3, 0x6a, 0x5d, 
  0x78, 0x26, 0xc6, 0xfe, 0x16, 0x31, 0x38, 0x46, 0xc2, 0xff, 0x6b, 0x71, 0x59, 0x8a, 0x3d, 0xb5, 
  0xf8, 0xcd, 0x4b, 0x43, 0x5d, 0xc2, 0x89, 0x40, 0x98, 0xec, 0xba, 0x28, 0xf4, 0x04, 0x07, 0x2f, 
  0x76, 0x40, 0x98, 0x98, 0x7b, 0x27, 0xbd, 0xf4, 0x81, 0x8e, 0xee, 0xd1, 0xf9, 0x09, 0xcb, 0x8b, 
  0x8c, 0x0c, 0xca, 0x52, 0xdd, 0xf0, 0x94, 0xae, 0xb7, 0xcd, 0x9f, 0x2d, 0x4b, 0x87, 0x64, 0x7f, 
  0x46, 0xae, 0x88, 0x25, 0xb8, 0x71, 0xf8, 0xb5, 0x36, 0x52, 0x1c, 0x19, 0x9e, 0x84, 0xf0, 0xae, 
  0xf7, 0x99, 0x9c, 0xdd, 0xf8, 0x4b, 0xef, 0x9f, 0x26, 0x34, 0x1c, 0x95, 0x2c, 0xe2, 0x33, 0xe0, 
  0x73, 0x15, 0xe2, 0x54, 0x0d, 0xcc, 0xfe, 0xa7, 0xd2, 0x3f, 0x69, 0x52, 0x5e, 0x91, 0xc4, 0x71, 
  0xea, 0x84, 0x0a, 0x17, 0xed, 0x34, 0x9b, 0x31, 0xf8, 0xeb, 0xd7, 0xb1, 0x2d, 0x45, 0x92, 0x02, 
  0x2f, 0x8a, 0x84, 0x81, 0x15, 0xc9, 0x1c, 0x17, 0xa2, 0xe1, 0x94, 0x04, 0x78, 0xc2, 0xa1, 0x18, 
  0x8c, 0x22, 0xd4, 0xdf, 0x4a, 0x56, 0xfb, 0xa1, 0x48, 0xd0, 0x29, 0xc1, 0x33, 0x76, 0xb4, 0x0f, 
  0x54, 0xc9, 0xa8, 0x8d, 0x93, 0xb5, 0x2d, 0xd8, 0x23, 0xbc, 0x8a, 0xa8, 0xc8, 0xda, 0xed, 0xca, 
  0xa3, 0x7a, 0x44, 0x3b, 0xef, 0x5e, 0xca, 0x05, 0x35, 0x73, 0xce, 0xef, 0x1e, 0x3e, 0x7a, 0x52, 
  0x46, 0x1d, 0xcd, 0xd8, 0xb5, 0xe0, 0x8f, 0xc3, 0x91, 0xdd, 0x14, 0xb7, 0x58, 0x7d, 0xb1, 0xa2, 
  0x9f, 0xeb, 0x6a, 0x71, 0x87, 0x82, 0x5b, 0x85, 0xd8, 0x46, 0xd9, 0x4d, 0xcb, 0x29, 0xae, 0x26, 
  0x13, 0xbc, 0x07, 0x00, 0x14, 0x82, 0x01, 0x38, 0x0a, 0x20, 0xbc, 0x69, 0xb6, 0xbe, 0x62, 0x10, 
  0x40, 0x6e, 0x19, 0x30, 0x1f, 0x02, 0x28, 0x0e, 0xbb, 0x8a, 0x21, 0x3e, 0xdb, 0x27, 0x9c, 0x0f, 
  0xa7, 0xdd, 0xee, 0x4b, 0xff, 0xbd, 0xa5, 0x01, 0x6e, 0xed, 0x3a, 0x82, 0x8d, 0x77, 0xc5, 0x9b, 
  0x25, 0xd8, 0x3a, 0xc1, 0x3e, 0x7b, 0x5c, 0x0b, 0x56, 0xa1, 0x3c, 0xec, 0xa8, 0x70, 0x93, 0x2a, 
  0xdc, 0x5d, 0xcc, 0x8e, 0xa4, 0xb0, 0x05, 0x79, 0x59, 0x84, 0xe9, 0x85, 0xf3, 0xb4, 0x91, 0x61, 
  0xdd, 0x95, 0x95, 0xdb, 0x58, 0x04, 0xd0, 0xca, 0x58, 0xa8, 0xa4, 0x14, 0x9f, 0x72, 0x00, 0x28, 
  0xe8, 0xe1, 0x12, 0x60, 0xbe, 0x53, 0x17, 0xdf, 0x69, 0xdb, 0xdb, 0x0f, 0x9f, 0x5c, 0x76, 0xf9, 
  0xb5, 0x6a, 0x58, 0x55, 0x8e, 0xf6, 0xba, 0x67, 0x81, 0xe0, 0x0b, 0xe5, 0x6f, 0x09, 0xc2, 0x05, 
  0x2d, 0x5f, 0x0e, 0x94, 0x55, 0x88, 0xdd, 0xcd, 0xf9, 0x3e, 0xe0, 0x59, 0xde, 0x04, 0x0e, 0x48, 
  0xa6, 0x78, 0x46, 0x2b, 0xd6, 0x73, 0x7a, 0xa9, 0x2d, 0xf9, 0x20, 0x63, 0x4e, 0x14, 0x55, 0xc0, 
  0xcb, 0x37, 0x95, 0x55, 0xc0, 0x27, 0x8c, 0x74, 0x1a, 0xb3, 0x3c, 0xe1, 0x8d, 0xcb, 0xa3, 0x01, 
  0x23, 0x5f, 0x2e, 0x00, 0xa1, 0xa8, 0x40, 0xc7, 0x18, 0xc6, 0x1e, 0x1c, 0x6b, 0xed, 0xd4, 0xf1, 
  0xd1, 0xb9, 0x14, 0x2e, 0x7e, 0xbc, 0x97, 0xee, 0xda, 0x1d, 0x4e, 0x2b, 0x79, 0xb9, 0x30, 0x88, 
  0x79, 0x35, 0x29, 0x3b, 0x86, 0x33, 0xcf, 0x79, 0xb8, 0x10, 0x2d, 0x05, 0xc6, 0x92, 0x8e, 0x36, 
  0x71, 0x2c, 0x15, 0xde, 0x37, 0xc5, 0xa5, 0xb2, 0xde, 0x73, 0xa2, 0x95, 0x47, 0xc4, 0xc5, 0xc6, 
  0xbf, 0x8c, 0x9e, 0x4e, 0x6d, 0xa2, 0x62, 0x81, 0x41, 0x92, 0x9e, 0x61, 0x12, 0xfe, 0x11, 0xb1, 
  0xce, 0xb3, 0x4b, 0xc4, 0xc1, 0x5a, 0xd9, 0x90, 0xb5, 0xae, 0xa5, 0x59, 0x2a, 0x42, 0x4c, 0x1a, 
  0x96, 0x66, 0xf9, 0x48, 0xf5, 0x51, 0x34, 0xd9, 0xa2, 0xa8, 0xc4, 0x32, 0x19, 0xec, 0xaa, 0xb8, 
  0xf9, 0xf8, 0x00, 0x88, 0x00, 0x56, 0x22, 0x20, 0x21, 0x04, 0x10, 0x7b, 0xac, 0x01, 0x2c, 0x06, 
  0x4b, 0x71, 0xec, 0x28, 0xa2, 0xcd, 0xc0, 0x4e, 0xe9, 0x60, 0x14, 0x42, 0x0b, 0x32, 0xdc, 0xe8, 
  0xfb, 0x4a, 0x51, 0x3a, 0x05, 0xbd, 0xc6, 0x2c, 0x7f, 0x82, 0x0b, 0x02, 0xdf, 0x50, 0x02, 0x55, 
  0xfa, 0x10, 0x91, 0x52, 0x1b, 0x65, 0xd3, 0x4f, 0x7a, 0x5f, 0x5d, 0xa5, 0x7b, 0x5e, 0x82, 0x39, 
  0x33, 0xd5, 0xc4, 0x54, 0x1f, 0xbc, 0x70, 0x05, 0xa3, 0xed, 0x50, 0x2a, 0x04, 0x51, 0x8c, 0x2e, 
  0xaa, 0x43, 0x49, 0x64, 0x9f, 0xb8, 0xca, 0x36, 0x12, 0xef, 0x57, 0x26, 0xc6, 0x20, 0xf1, 0xfe, 
  0x62, 0xaa, 0x4b, 0x53, 0xde, 0x4b, 0x1a, 0x01, 0x84, 0x17, 0x9f, 0x3c, 0x05, 0xf1, 0x2c, 0x99, 
  0x9d, 0xfb, 0xe4, 0xe9, 0x39, 0xa0, 0x14, 0x51, 0x56, 0x94, 0xe7, 0x58, 0x80, 0x44, 0x4f, 0x9b, 
  0x51, 0x49, 0xb7, 0x1b, 0x03, 0xb8, 0xaf, 0xa8, 0x69, 0x94, 0xd6, 0xf0, 0x04, 0xe9, 0xe8, 0x7d, 
  0xa2, 0x38, 0x0d, 0x00, 0xc3, 0x7b, 0x49, 0xa2, 0x5b, 0xfb, 0xfd, 0x68, 0x9b, 0xa1, 0x57, 0x0c, 
  0xa5, 0x6c, 0x35, 0x7d, 0xe2, 0xd1, 0xe1, 0xf7, 0xb5, 0x11, 0xaa, 0xa1, 0x7e, 0x31, 0xd8, 0x8c, 
  0xeb, 0x06, 0x3e, 0x7a, 0x68, 0xa1, 0x46, 0xc0, 0xde, 0xcf, 0x9c, 0xcd, 0x06, 0x2a, 0x26, 0x40, 
  0x49, 0xd8, 0x56, 0x63, 0x0c, 0xb6, 0xbf, 0x46, 0x97, 0xb8, 0xb6, 0xe7, 0x50, 0x99, 0xdf, 0xa8, 
  0x03, 0x9c, 0x45, 0xcb, 0xc8, 0xaf, 0x4b, 0x46, 0x23, 0x08, 0x93, 0xfc, 0xb2, 0x13, 0x1d, 0x4e, 
  0xf2, 0x28, 0x45, 0x01, 0x8f, 0x3d, 0x08, 0x61, 0xd2, 0xfd, 0xbe, 0x82, 0xbd, 0x0b, 0x01, 0x3f, 
  0xa1, 0x08, 0x85, 0x61, 0x41, 0x15, 0xb1, 0x62, 0x26, 0x74, 0x63, 0x8b, 0x2b, 0xa1, 0xb5, 0x0e, 
  0x80, 0x6a, 0x04, 0x21, 0xda, 0x00, 0xb7, 0xa6, 0xf9, 0x41, 0x73, 0x60, 0x17, 0x2e, 0xc6, 0x8f, 
  0x82, 0x61, 0x39, 0x0e, 0x5d, 0x03, 0xe9, 0x68, 0xc9, 0x8c, 0x64, 0x27, 0x79, 0xd9, 0xf5, 0xf4, 
  0x94, 0x70, 0xa8, 0x2e, 0xbd, 0xf1, 0x04, 0x03, 0xd6, 0x34, 0xed, 0xe2, 0xfe, 0xc6, 0x68, 0xdc, 
  0x23, 0x21, 0xfc, 0x0b, 0xcf, 0x96, 0x3d, 0xfe, 0x0b, 0xf4, 0x1f, 0xc4, 0xc0, 0x9b, 0xe5, 0x50, 
  0x9e, 0x71, 0x2c, 0x04, 0xc0, 0x5a, 0xcd, 0x85, 0xfe, 0x42, 0xa1, 0x29, 0x0a, 0x69, 0xeb, 0x0b, 
  0x3d, 0xe1, 0x42, 0x23, 0xe6, 0x19, 0x2f, 0xac, 0xdc, 0xc3, 0x37, 0x42, 0x87, 0xda, 0x9c, 0x62, 
  0xa5, 0x86, 0x20, 0xdd, 0x35, 0x0e, 0xac, 0x88, 0x7f, 0xd9, 0x3d, 0x63, 0x41, 0x5b, 0x3d, 0x41, 
  0x4a, 0xd8, 0x9d, 0xa2, 0x68, 0x3f, 0x96, 0xbd, 0xb0, 0xc8, 0x13, 0xcf, 0x55, 0x18, 0x6d, 0x1c, 
  0x25, 0xc1, 0xb1, 0x8a, 0x5b, 0x2b, 0xbe, 0xf8, 0x81, 0x3b, 0xf4, 0x8f, 0x1b, 0xeb, 0xe9, 0x35, 
  0x5f, 0x81, 0x36, 0x6e, 0x25, 0xf7, 0xad, 0x4f, 0xbe, 0xb6, 0x0b, 0x92, 0x90, 0x83, 0x86, 0x02, 
  0xed, 0x48, 0x85, 0x53, 0x91, 0xd8, 0xe3, 0x23, 0x0e, 0x9a, 0xe7, 0xe7, 0x8e, 0x60, 0x11, 0xee, 
  0xdd, 0xad, 0x95, 0x9d, 0x25, 0x3d, 0xb0, 0x67, 0xb9, 0xdb, 0x95, 0x5b, 0xdb, 0x92, 0x3b, 0xc4, 
  0xd6, 0x37, 0x5f, 0x74, 0xf2, 0xf7, 0x7a, 0x3b, 0x21, 0xe6, 0xc7, 0x7e, 0xb9, 0x72, 0xf2, 0x36, 
  0xff, 0xed, 0x5b, 0x89, 0xde, 0xf1, 0xa1, 0x87, 0x1a, 0xd9, 0xb7, 0xb1, 0xd6, 0x60, 0x9d, 0xc5, 
  0x47, 0x20, 0xc7, 0x7d, 0xa0, 0x58, 0xfa, 0x2e, 0x56, 0xf3, 0x15, 0x9f, 0xa0, 0xf9, 0x76, 0x6b, 
  0x97, 0xdd, 0xc2, 0xdc, 0x5a, 0xee, 0x19, 0x0b, 0xe9, 0xd5, 0xbc, 0x69, 0x93, 0xe5, 0xf5, 0x90, 
  0xe9, 0x74, 0x3c, 0x05, 0x9f, 0xb2, 0x3b, 0xe8, 0xfa, 0x7b, 0x29, 0x5c, 0x50, 0xc3, 0x67, 0x49, 
  0x0f, 0x45, 0xd7, 0x64, 0xfa, 0xd2, 0xb2, 0x92, 0x3f, 0xbb, 0x8a, 0x2f, 0xcb, 0x68, 0xf8, 0xaf, 
  0x6d, 0xd9, 0xdb, 0xb5, 0x45, 0x59, 0xfd, 0x43, 0x17, 0x1f, 0xf3, 0x1b, 0xde, 0x52, 0x5c, 0x13, 
  0x4f, 0x18, 0x8e, 0x72, 0xe0, 0xad, 0x77, 0x1a, 0x69, 0x11, 0xf5, 0x20, 0xb4, 0x24, 0x0f, 0x32, 
  0xb5, 0x24, 0xd4, 0x73, 0x87, 0x69, 0xe9, 0xf8, 0x37, 0x16, 0xae, 0xeb, 0x39, 0x58, 0x7a, 0x23, 
  0x12, 0xd8, 0x16, 0x5f, 0xe4, 0x0d, 0x24, 0x00, 0x90, 0x98, 0x21, 0xb4, 0x0e, 0xfd, 0xce, 0xf6, 
  0xba, 0x50, 0x3c, 0x62, 0x47, 0x5f, 0x68, 0x97, 0xf5, 0xa1, 0x43, 0x0a, 0xb9, 0xf0, 0xad, 0xe1, 
  0x2f, 0x04, 0x3c, 0x2c, 0xab, 0xf0, 0xc1, 0x64, 0xe7, 0x40, 0x1a, 0x59, 0x7d, 0xc7, 0x7f, 0x43, 
  0x58, 0x89, 0x9f, 0x51, 0xbb, 0xa8, 0x42, 0xe2, 0x5f, 0x43, 0xe2, 0xfb, 0xe5, 0xc4, 0x9f, 0xbc, 
  0x69, 0xf4, 0x9c, 0x54, 0x2d, 0xc2, 0xf1, 0xff, 0xf9, 0xfb, 0x5f, 0x3b, 0x1d, 0xdc, 0x50, 0x55, 
  0x3e, 0x7b, 0xf8, 0x10, 0xb0, 0x57, 0x9a, 0x2a, 0xcb, 0x2a, 0x75, 0x35, 0x9c, 0x4c, 0x63, 0x7f, 
  0x1d, 0x47, 0xcb, 0x52, 0xf8, 0xd1, 0x12, 0x41, 0x0a, 0xb8, 0xc3, 0x0e, 0x80, 0x7e, 0xb0, 0x0f, 
  0xa0, 0x73, 0x76, 0x03, 0xf4, 0x0e, 0x9e, 0x80, 0xc4, 0x33, 0x2b, 0x5e, 0x66, 0xe3, 0xf3, 0x66, 
  0x49, 0xe1, 0x92, 0xb0, 0x54, 0x2a, 0x25, 0x0c, 0x3d, 0xae, 0x9c, 0xb0, 0xf4, 0xf8, 0x0e, 0x97, 
  0xba, 0x24, 0xb2, 0xf6, 0x09, 0x35, 0x20, 0x2c, 0x89, 0xff, 0x0e, 0x2f, 0x4f, 0x3b, 0x16, 0x1f, 
  0x6c, 0x0f, 0x24, 0x79, 0x1f, 0x32, 0x71, 0x02, 0x49, 0x55, 0x0a, 0x4d, 0xa2, 0x3e, 0x9f, 0x06, 
  0x1e, 0x91, 0x53, 0x08, 0x20, 0x35, 0x4f, 0xfb, 0x0f, 0x9f, 0x02, 0x77, 0x0d, 0xec, 0xd2, 0x98, 
  0x00, 0xd2, 0xb1, 0x49, 0xfb, 0x79, 0x93, 0xf2, 0x6a, 0xac, 0x0d, 0xc5, 0x21, 0x54, 0xb5, 0xa4, 
  0x2b, 0xd2, 0x24, 0x6c, 0xd7, 0x13, 0x8a, 0x4a, 0x70, 0xa2, 0x6b, 0x72, 0x93, 0xe0, 0xfc, 0xc1, 
  0xf8, 0x37, 0x94, 0xb2, 0x83, 0xcb, 0x84, 0x4d, 0x2b, 0x73, 0x3f, 0xdb, 0x1f, 0x33, 0x12, 0xe6, 
  0xee, 0xef, 0x94, 0x2b, 0xf1, 0x2a, 0xef, 0x7c, 0x0a, 0x88, 0x33, 0x85, 0xa5, 0xe2, 0xea, 0xdf, 
  0x7b, 0x20, 0xe4, 0xcb, 0xcc, 0xaf, 0x12, 0x40, 0x1a, 0xee, 0xd0, 0xb3, 0x26, 0x65, 0xab, 0x9e, 
  0x2a, 0x74, 0x8c, 0x60, 0xd2, 0x66, 0x4d, 0xff, 0xcc, 0xc6, 0x36, 0x7c, 0x83, 0x33, 0x2e, 0x3f, 
  0x10, 0xe0, 0x1c, 0xdf, 0x81, 0x47, 0xb2, 0xb9, 0x03, 0xd5, 0x51, 0x5d, 0xa0, 0x31, 0x7a, 0xfd, 
  0x02, 0xe2, 0x5f, 0x53, 0xe0, 0x50, 0xc4, 0x4a, 0xd8, 0x15, 0xbe, 0x34, 0x4d, 0xf6, 0xde, 0x5b, 
  0xdc, 0xdf, 0x38, 0x78, 0xe2, 0x10, 0x8d, 0xee, 0x04, 0x21, 0x14, 0xe7, 0x11, 0x06, 0x6b, 0x08, 
  0x6a, 0xc3, 0x14, 0x81, 0x1f, 0x10, 0x15, 0xa0, 0x88, 0x8e, 0xb1, 0x53, 0xfa, 0x55, 0x06, 0x5d, 
  0x37, 0x0e, 0xf8, 0x02, 0x94, 0x04, 0x5d, 0x4c, 0x46, 0xaa, 0x2d, 0x2b, 0xef, 0x56, 0x9c, 0x9f, 
  0x65, 0xd7, 0x55, 0x9f, 0xb0, 0xda, 0xfe, 0xe0, 0xb2, 0x97, 0xef, 0x73, 0xa3, 0xec, 0x29, 0xbd, 
  0x27, 0x5e, 0xfa, 0xc5, 0xd1, 0xc7, 0x64, 0x11, 0xe0, 0xb2, 0x81, 0x49, 0xb7, 0xc0, 0x5b, 0x18, 
  0xd9, 0x7f, 0xad, 0x66, 0x97, 0x74, 0x28, 0x10, 0x7b, 0x71, 0xe4, 0xe3, 0xa1, 0xfa, 0xbc, 0xbe, 
  0xbc, 0x51, 0x4f, 0xb1, 0x02, 0x59, 0xbc, 0x9b, 0x2f, 0x5e, 0x93, 0xbf, 0x88, 0xbc, 0xe2, 0x8b, 
  0xa8, 0xce, 0xb1, 0xb6, 0xa0, 0xce, 0x11, 0x3f, 0x9d, 0x08, 0x25, 0x0b, 0x71, 0x10, 0x0e, 0xec, 
  0xcd, 0xbd, 0x76, 0x49, 0xa7, 0x37, 0x2b, 0x4c, 0xfa, 0x4a, 0x64, 0xa6, 0x48, 0xc1, 0x58, 0x71, 
  0xeb, 0xbd, 0x6d, 0x5a, 0xee, 0xe7, 0xa2, 0xa4, 0xcd, 0xb2, 0x9a, 0x42, 0x62, 0x01, 0xf8, 0x87, 
  0xea, 0xb7, 0xa8, 0x9c, 0xe9, 0xb3, 0xb0, 0x3c, 0x49, 0x0a, 0xfa, 0x10, 0x5c, 0xbd, 0x4f, 0xda, 
  0x0a, 0x70, 0x76, 0x07, 0x38, 0x9f, 0x73, 0x23, 0x38, 0x4b, 0xe7, 0x77, 0x3f, 0xac, 0x37, 0x1a, 
  0x0f, 0xf9, 0xf1, 0x55, 0x5c, 0xd0, 0xec, 0xd1, 0xf4, 0xae, 0x96, 0xdf, 0x55, 0x2f, 0x7c, 0x42, 
  0x37, 0xb2, 0x5d, 0x21, 0xd1, 0xc8, 0x46, 0xe7, 0xbd, 0x4e, 0x7d, 0xcd, 0x0d, 0xd8, 0x71, 0x4f, 
  0xd2, 0xf4, 0xb6, 0x4e, 0xbd, 0x15, 0x5f, 0xa0, 0x3c, 0xe9, 0x73, 0xee, 0x30, 0xf6, 0x1d, 0x02, 
  0xc0, 0x19, 0x22, 0xa0, 0xfd, 0x85, 0xbf, 0xfa, 0x10, 0x68, 0xf1, 0x53, 0x64, 0x26, 0x51, 0xca, 
  0x97, 0x56, 0x4b, 0x04, 0xa2, 0xbc, 0xc1, 0xd9, 0xff, 0xfc, 0xe7, 0xc3, 0x76, 0xbb, 0x0c, 0x2a, 
  0x01, 0xfb, 0x96, 0xc9, 0x36, 0xe0, 0x08, 0x1f, 0x86, 0x61, 0xf1, 0x77, 0x77, 0x01, 0xb9, 0xc8, 
  0x10, 0x99, 0x16, 0x27, 0x96, 0x89, 0xa3, 0x9a, 0x0c, 0xb2, 0x7b, 0x37, 0x85, 0x90, 0x5a, 0x62, 
  0x5b, 0xa7, 0xda, 0x41, 0xe6, 0x39, 0x0c, 0x22, 0x7b, 0xe8, 0x2b, 0xc1, 0x0b, 0x63, 0xe9, 0x2e, 
  0x56, 0xc6, 0xef, 0xef, 0xdd, 0x5f, 0xb8, 0xa0, 0x2c, 0x05, 0xa1, 0x5a, 0x18, 0xc8, 0xb1, 0xd4, 
  0x21, 0x74, 0x34, 0x85, 0xa9, 0x3e, 0xb7, 0x37, 0x92, 0x0a, 0x92, 0xb1, 0x19, 0x3d, 0xc6, 0xdf, 
  0xba, 0x51, 0x1e, 0x8b, 0x4e, 0x8d, 0xc4, 0x0b, 0xa4, 0x58, 0x98, 0xe3, 0xc7, 0x4e, 0x89, 0x59, 
  0x96, 0x61, 0x26, 0x5e, 0x50, 0x19, 0xa1, 0xa1, 0xef, 0x1f, 0x33, 0x84, 0x57, 0xd7, 0xf8, 0x0d, 
  0xaf, 0xae, 0xf1, 0x3b, 0x5f, 0xd1, 0xf7, 0xc8, 0xdd, 0x63, 0x09, 0xdb, 0xe0, 0x73, 0x86, 0x7a, 
  0x30, 0xed, 0x8e, 0xcb, 0xd2, 0xae, 0xd0, 0x22, 0x25, 0x4d, 0x83, 0x92, 0x3e, 0x75, 0xcb, 0xdb, 
  0x70, 0x65, 0x44, 0x46, 0x32, 0xde, 0x05, 0x30, 0x00, 0x7c, 0x11, 0xdc, 0x60, 0x81, 0x69, 0x70, 
  0x76, 0x3e, 0xff, 0x6d, 0x07, 0xb3, 0x9e, 0x2d, 0x2f, 0x37, 0x0f, 0xe5, 0x0c, 0x79, 0x17, 0x7d, 
  0x13, 0xbe, 0x76, 0x00, 0x78, 0xc1, 0xad, 0x74, 0x9b, 0x4b, 0xe0, 0xf7, 0x8f, 0xfb, 0x85, 0x62, 
  0xd0, 0x6f, 0xe0, 0x6b, 0x92, 0xa5, 0xaf, 0xb9, 0xe6, 0x9f, 0x2c, 0x14, 0xb5, 0x7c, 0x19, 0x56, 
  0x43, 0xed, 0xd7, 0xbc, 0xc6, 0x83, 0xf8, 0x60, 0xd4, 0x86, 0x18, 0x3d, 0xca, 0xbb, 0x3a, 0x9b, 
  0x22, 0x4e, 0xf1, 0x09, 0xdd, 0xb8, 0x76, 0x98, 0x5c, 0x77, 0x6b, 0xaf, 0x12, 0xa4, 0xc0, 0x53, 
  0x7c, 0x08, 0xcb, 0xa3, 0xac, 0x14, 0xb8, 0x08, 0xe5, 0x7c, 0x54, 0xd4, 0x49, 0x99, 0xcd, 0xab, 
  0xb1, 0xd5, 0xd0, 0x61, 0x8b, 0x59, 0x63, 0x16, 0xa8, 0x14, 0x65, 0xd5, 0x50, 0x2c, 0xab, 0x06, 
  0xd1, 0xdf, 0x57, 0x83, 0xac, 0xfc, 0x60, 0x1d, 0x7e, 0x09, 0x1e, 0x8b, 0x29, 0x88, 0x59, 0x20, 
  0x1f, 0xca, 0x93, 0x0f, 0x56, 0x13, 0x0c, 0x8b, 0xe2, 0x96, 0x50, 0x27, 0x09, 0xb9, 0x78, 0x42, 
  0x2a, 0x97, 0x8e, 0xca, 0x2b, 0x69, 0xc0, 0xcd, 0x9c, 0xa0, 0xbb, 0x92, 0x19, 0xc3, 0xc8, 0x34, 
  0xee, 0xa3, 0x14, 0x4e, 0xfd, 0x5d, 0x48, 0x15, 0x12, 0xcf, 0x07, 0x77, 0x21, 0x46, 0x32, 0xe3, 
  0xb7, 0xb4, 0x21, 0xbc, 0x28, 0x99, 0xb0, 0xa3, 0xee, 0x65, 0x2b, 0x6c, 0x3f, 0x95, 0xc6, 0x15, 
  0x5f, 0x88, 0xb7, 0xeb, 0x08, 0xb0, 0x78, 0xa5, 0x30, 0x00, 0x1c, 0xb6, 0x12, 0xc0, 0xdf, 0xd7, 
  0x01, 0xef, 0xd2, 0x46, 0xc2, 0x12, 0xfd, 0x76, 0x3b, 0xa6, 0x98, 0x94, 0x62, 0x9e, 0xa2, 0x48, 
  0xb7, 0x24, 0xcb, 0x8f, 0xa8, 0x9f, 0xbd, 0xa8, 0x45, 0xfd, 0x0f, 0xec, 0x84, 0x89, 0xea, 0xe6, 
  0x17, 0xf3, 0x38, 0x8c, 0x44, 0x01, 0x60, 0x49, 0x92, 0x54, 0xbb, 0x06, 0x69, 0x31, 0x8b, 0x91, 
  0xbb, 0x8a, 0x79, 0x8a, 0xd3, 0xd1, 0xf8, 0xb8, 0x1e, 0x6d, 0x02, 0x22, 0x5f, 0xda, 0x94, 0x0a, 
  0x49, 0xd0, 0x3d, 0x97, 0x40, 0x2c, 0xb5, 0x8a, 0x37, 0x41, 0x05, 0xd9, 0xd7, 0x38, 0xbe, 0x76, 
  0xe7, 0x00, 0xd8, 0xec, 0x34, 0xe8, 0xf9, 0x2a, 0x36, 0x54, 0x71, 0x17, 0x4d, 0x2b, 0x5f, 0xf7, 
  0x7d, 0xed, 0x86, 0xa4, 0x32, 0x78, 0x62, 0xe0, 0x89, 0x3e, 0xa2, 0xe9, 0xf1, 0x5f, 0xac, 0x6d, 
  0x3c, 0xdb, 0x55, 0x34, 0xc6, 0x00, 0x96, 0xdd, 0x4c, 0xc0, 0xc9, 0x4f, 0x3e, 0x4a, 0x59, 0xde, 
  0xa4, 0x58, 0x5e, 0x87, 0x06, 0xcd, 0x7d, 0x4d, 0x41, 0xcf, 0xed, 0x9f, 0xbf, 0xde, 0xbf, 0xdf, 
  0xf5, 0xf4, 0xf2, 0x91, 0x7e, 0x3e, 0x0f, 0xc3, 0xd3, 0x0d, 0x55, 0x2d, 0x0e, 0x8e, 0x27, 0x58, 
  0x11, 0xc6, 0x66, 0x53, 0xc2, 0x26, 0x19, 0x6c, 0x92, 0xc7, 0x8b, 0x2f, 0xe2, 0x90, 0xd5, 0xdf, 
  0x52, 0x52, 0x90, 0x0e, 0x70, 0x22, 0x6f, 0xf4, 0x05, 0x49, 0x0a, 0x34, 0x78, 0x97, 0x98, 0x23, 
  0xb6, 0x93, 0xe2, 0x1c, 0x4d, 0xb5, 0xe9, 0x52, 0xf8, 0xae, 0xe1, 0x8a, 0xf3, 0x0f, 0x86, 0x89, 
  0x17, 0x07, 0xf4, 0x6a, 0x33, 0x01, 0x23, 0xe4, 0x3f, 0xf7, 0xe5, 0x5e, 0xcf, 0x4f, 0xf2, 0x9f, 
  0x17, 0xcc, 0x0f, 0x1d, 0x1d, 0x60, 0x55, 0xf4, 0x3e, 0x5c, 0x21, 0xdc, 0x35, 0x49, 0x5c, 0x6d, 
  0x1a, 0x1d, 0x16, 0x30, 0xc1, 0x41, 0x78, 0x6d, 0xa2, 0x2a, 0xcb, 0xa2, 0xb9, 0xd6, 0x1f, 0xd7, 
  0x2a, 0xa2, 0x29, 0x9e, 0xf5, 0xd6, 0x77, 0xda, 0x9b, 0xde, 0xd5, 0xc1, 0xc6, 0x6e, 0x9c, 0x84, 
  0xd2, 0x53, 0x99, 0xda, 0x0f, 0xb2, 0xe9, 0x81, 0x0c, 0x2d, 0x8b, 0xbe, 0x97, 0x76, 0xa3, 0x0b, 
  0x1c, 0x9a, 0x23, 0x85, 0x87, 0xaf, 0xcb, 0x4e, 0xe0, 0xe1, 0x95, 0xcc, 0x23, 0xe9, 0x8c, 0x67, 
  0x11, 0xfe, 0x0d, 0xff, 0xfb, 0xc9, 0xe3, 0x27, 0x5d, 0x22, 0x1b, 0x83, 0xb4, 0xa5, 0x0d, 0xe4, 
  0x88, 0xce, 0x7b, 0xdf, 0xff, 0x3f, 0xfa, 0xa6, 0xd9, 0xf7, 0x6a, 0x1a, 0x9d, 0x68, 0x24, 0x91, 
  0x34, 0x9f, 0x09, 0x87, 0x1b, 0x6c, 0x8f, 0x7b, 0x82, 0x23, 0x85, 0xb3, 0xb5, 0x99, 0x42, 0xad, 
  0xa6, 0x18, 0x8a, 0x61, 0x29, 0xd6, 0x92, 0xea, 0xc9, 0xd8, 0xb4, 0x47, 0x64, 0x55, 0xea, 0xe4, 
  0xd4, 0x07, 0x8c, 0x1c, 0x98, 0xd6, 0x48, 0x58, 0xf9, 0xaa, 0x35, 0xea, 0xce, 0x72, 0x67, 0x67, 
  0x33, 0xef, 0xc2, 0x2f, 0xa9, 0xfb, 0xbb, 0xde, 0x08, 0x46, 0x52, 0x23, 0x61, 0x58, 0xed, 0x89, 
  0x1e, 0x83, 0x7a, 0xc2, 0xfe, 0x27, 0x35, 0xbb, 0x1d, 0xa8, 0x2e, 0x31, 0x9c, 0xbf, 0xcd, 0x30, 
  0xa3, 0x2c, 0x62, 0xa9, 0x6f, 0xed, 0xa1, 0x68, 0x0f, 0xf3, 0xef, 0x0a, 0x64, 0x47, 0x8e, 0xdc, 
  0x27, 0x9c, 0xef, 0xfc, 0x10, 0x1b, 0xd9, 0x80, 0x2d, 0xfb, 0x32, 0xed, 0xf0, 0x82, 0xac, 0x4a, 
  0xc3, 0x62, 0x3b, 0xc9, 0xbd, 0x1b, 0x64, 0xea, 0x7c, 0x09, 0x0e, 0x4f, 0xd6, 0x17, 0x72, 0x67, 
  0x11, 0x70, 0x26, 0x13, 0x65, 0x67, 0x75, 0x66, 0x56, 0x42, 0xef, 0x92, 0xb8, 0xed, 0xac, 0x64, 
  0xa3, 0xfb, 0x93, 0xe8, 0x3f, 0xf5, 0x8c, 0xea, 0xad, 0xce, 0xa8, 0x4c, 0xf0, 0x0e, 0x26, 0xfa, 
  0x7e, 0x97, 0x8e, 0xd4, 0xeb, 0x8c, 0x18, 0x1c, 0x55, 0x5c, 0x60, 0x45, 0x94, 0xf0, 0x49, 0x77, 
  0x12, 0x71, 0x6e, 0x52, 0xd2, 0x6e, 0x2a, 0x4e, 0xd3, 0x72, 0x65, 0xf3, 0xc5, 0xb2, 0x3a, 0x0b, 
  0x0e, 0xb6, 0x74, 0x72, 0x9c, 0xd6, 0x6f, 0x5e, 0x59, 0x9c, 0x8a, 0xb3, 0x52, 0x0c, 0x79, 0xf3, 
  0xa2, 0xe7, 0xaf, 0x5f, 0xc8, 0xb6, 0x3a, 0x32, 0xcb, 0x06, 0x28, 0xf7, 0x64, 0xa1, 0xf9, 0xbf, 
  0xcb, 0xcf, 0xc9, 0xa5, 0x28, 0x06, 0x54, 0x1d, 0xe9, 0xf0, 0x96, 0xfe, 0xf4, 0x5b, 0xb3, 0x34, 
  0x7b, 0x80, 0xa9, 0x41, 0xc7, 0x8a, 0x41, 0x29, 0x46, 0x29, 0x82, 0xa3, 0xf9, 0xb0, 0x57, 0x4c, 
  0xff, 0xfc, 0x97, 0x92, 0x35, 0x1e, 0x02, 0x18, 0x5c, 0x5d, 0xca, 0x33, 0xa3, 0x2c, 0x50, 0x28, 
  0x18, 0x13, 0x10, 0x9d, 0xa8, 0xf9, 0x3e, 0x62, 0xfa, 0xe7, 0xbe, 0xed, 0x15, 0x31, 0x21, 0x2b, 
  0x97, 0x67, 0x39, 0xb5, 0x79, 0x1f, 0xfe, 0xb0, 0x72, 0x24, 0x5b, 0x35, 0x75, 0xb8, 0xf6, 0x5b, 
  0xa8, 0xa5, 0x58, 0x6d, 0x3c, 0x7f, 0xc5, 0xa6, 0x54, 0x36, 0x58, 0xb3, 0x64, 0xef, 0xc5, 0x9b, 
  0x7f, 0xe1, 0xb2, 0xfb, 0x49, 0x68, 0x57, 0xf5, 0xdc, 0x0a, 0x35, 0x5f, 0x91, 0x13, 0x38, 0x11, 
  0x41, 0xd0, 0xd4, 0x2a, 0x1b, 0x37, 0x5b, 0x44, 0xcf, 0x52, 0x8a, 0x2b, 0xb3, 0x56, 0x87, 0xda, 
  0x13, 0x9c, 0x7f, 0xa9, 0xb5, 0xc5, 0x43, 0xbe, 0xf0, 0x80, 0xd5, 0x96, 0x02, 0xdc, 0xe5, 0xa6, 
  0x3c, 0x7a, 0xd9, 0x20, 0xe8, 0x8d, 0x02, 0x39, 0xab, 0xbb, 0xfe, 0x53, 0xcb, 0x9d, 0xb2, 0x0e, 
  0x5f, 0x30, 0x4a, 0x0c, 0xe6, 0x58, 0xea, 0x20, 0x99, 0xa5, 0x00, 0x9e, 0x4c, 0x3f, 0x93, 0xa6, 
  0x98, 0x1c, 0x7b, 0xec, 0xd3, 0x41, 0x56, 0x4b, 0x99, 0xf8, 0xd9, 0x64, 0xc2, 0xf8, 0xe3, 0x27, 
  0x7d, 0x59, 0x3b, 0x0a, 0x73, 0xeb, 0xa6, 0x5f, 0x93, 0x7b, 0x31, 0x34, 0x7a, 0x76, 0x1d, 0x33, 
  0xd5, 0xfb, 0x01, 0x76, 0x6e, 0x91, 0x4a, 0xcc, 0x08, 0xcd, 0x05, 0x61, 0xf0, 0x54, 0x8c, 0x91, 
  0x5f, 0x4c, 0x81, 0x09, 0xc7, 0xea, 0x54, 0x1b, 0x50, 0xaa, 0x20, 0xee, 0x4b, 0xd6, 0xe5, 0x52, 
  0xb7, 0xa2, 0xc2, 0x02, 0x10, 0xb6, 0x5d, 0x57, 0x75, 0xd9, 0x35, 0xac, 0x8f, 0x03, 0x3f, 0x6c, 
  0x17, 0xf2, 0x0c, 0x18, 0x43, 0xa1, 0x09, 0x85, 0x72, 0x63, 0xd0, 0xe5, 0xcf, 0x7a, 0x83, 0x7b, 
  0x4c, 0x87, 0x6e, 0xae, 0x60, 0x28, 0x27, 0xcc, 0x32, 0x57, 0x27, 0xf2, 0x82, 0x03, 0xe2, 0x7d, 
  0x74, 0xf6, 0x49, 0xcd, 0xa3, 0x57, 0xc1, 0x85, 0x27, 0xdc, 0x57, 0x96, 0xdd, 0x84, 0x03, 0xa5, 
  0xb8, 0xe7, 0xad, 0xda, 0x33, 0xd1, 0xce, 0x97, 0xef, 0x85, 0x6e, 0x58, 0xbd, 0xb5, 0x24, 0x96, 
  0xce, 0x35, 0x67, 0x30, 0x15, 0x9e, 0xd0, 0xad, 0xf9, 0x1b, 0xce, 0xfc, 0x4c, 0xab, 0x89, 0x8b, 
  0x37, 0x81, 0x57, 0xe5, 0x63, 0x6f, 0x76, 0xae, 0xb8, 0xc3, 0xee, 0xe4, 0x19, 0x2c, 0x56, 0x9c, 
  0x0a, 0x51, 0x04, 0xbd, 0xf6, 0x5a, 0x19, 0x9a, 0x9b, 0x87, 0x14, 0x5c, 0x65, 0x2f, 0x64, 0xec, 
  0xc4, 0x8c, 0xe1, 0xfc, 0x6c, 0xf8, 0xd2, 0x49, 0x8c, 0x59, 0x75, 0x8a, 0x65, 0x2a, 0x53, 0xc1, 
  0x0e, 0x97, 0xa1, 0x50, 0x75, 0x44, 0x44, 0xe7, 0x9b, 0x24, 0x24, 0xb4, 0x3c, 0xc1, 0xe3, 0xa0, 
  0xc5, 0xc2, 0x62, 0x85, 0x19, 0x45, 0xf2, 0x6e, 0xd3, 0x44, 0xa4, 0x8b, 0x1e, 0x81, 0x0d, 0x2d, 
  0x48, 0xfe, 0x29, 0xe4, 0x03, 0x38, 0xf0, 0x64, 0x94, 0x4c, 0x4c, 0xb2, 0x02, 0xbd, 0x93, 0x28, 
  0x1e, 0xdf, 0x67, 0x13, 0xe0, 0x0a, 0xbe, 0xa3, 0xb2, 0x64, 0x82, 0x9e, 0x80, 0xc4, 0xb7, 0x11, 
  0x80, 0xdd, 0x6a, 0x35, 0xe2, 0x8f, 0xf6, 0xa5, 0x3b, 0x85, 0x47, 0x3e, 0xc0, 0x67, 0xc1, 0xc4, 
  0x03, 0x4d, 0x84, 0xa5, 0xa6, 0x2e, 0xca, 0xf0, 0xe8, 0x9a, 0x74, 0x53, 0x51, 0xf3, 0x61, 0xe1, 
  0x91, 0x8f, 0x51, 0xce, 0x33, 0x64, 0x29, 0xab, 0x4e, 0x70, 0x16, 0x69, 0xfc, 0xed, 0x44, 0x37, 
  0x3c, 0xe5, 0xa5, 0x2a, 0xf8, 0xb6, 0x20, 0x66, 0x85, 0x39, 0xf9, 0x69, 0xc4, 0xa8, 0x90, 0x69, 
  0x4d, 0x9e, 0x86, 0x59, 0xc1, 0x45, 0x98, 0x6b, 0xd0, 0xe1, 0xec, 0x5e, 0x74, 0xb8, 0xb0, 0x2b, 
  0xe8, 0xe0, 0x27, 0xdf, 0xf0, 0x38, 0x8d, 0xd1, 0x48, 0x57, 0xaf, 0x41, 0x2f, 0xcc, 0x7e, 0x8b, 
  0x15, 0x0b, 0x8e, 0x49, 0xbd, 0xd8, 0xc0, 0xa9, 0x2e, 0x96, 0x3f, 0x45, 0xff, 0x46, 0xad, 0xf8, 
  0x4a, 0x77, 0x9e, 0x74, 0x74, 0x81, 0x74, 0x51, 0x7f, 0x98, 0x02, 0x8c, 0x16, 0x8b, 0xce, 0xce, 
  0x8c, 0x74, 0x1e, 0x29, 0xac, 0x34, 0x84, 0x14, 0xbc, 0xc0, 0x01, 0xca, 0x98, 0x31, 0x1a, 0x71, 
  0x5e, 0x98, 0x86, 0x17, 0xe6, 0x7a, 0xb5, 0x2e, 0xd8, 0xf1, 0x9f, 0x74, 0x81, 0x56, 0xa0, 0x15, 
  0x97, 0xab, 0x78, 0x45, 0xd2, 0x10, 0x80, 0xe4, 0x40, 0xe0, 0xe1, 0x54, 0x0c, 0xd9, 0x10, 0xd4, 
  0x79, 0xd5, 0xaf, 0xd6, 0x0c, 0xd6, 0xa0, 0xdd, 0x8f, 0x96, 0x00, 0xe9, 0x06, 0x0a, 0x2c, 0xfb, 
  0x58, 0x7c, 0x1f, 0x28, 0xe3, 0x14, 0x34, 0xe2, 0x31, 0x6d, 0xdb, 0xd5, 0x75, 0x29, 0xd2, 0x46, 
  0xc3, 0xfb, 0x39, 0x14, 0x99, 0x64, 0x47, 0x2c, 0x32, 0x4b, 0x54, 0xf7, 0xd4, 0xb4, 0x5e, 0xd1, 
  0x5d, 0x0d, 0xb2, 0x87, 0xa9, 0x2e, 0x7c, 0x8f, 0xff, 0xa1, 0xaa, 0x7f, 0xa8, 0x12, 0x49, 0x15, 
  0x95, 0xa5, 0x9c, 0x63, 0xd3, 0x1a, 0x18, 0x8a, 0x8b, 0x5a, 0x0e, 0x23, 0x4f, 0x66, 0x5d, 0xec, 
  0x4a, 0xd9, 0x0b, 0x01, 0xbc, 0x3d, 0x53, 0xba, 0x2a, 0x00, 0xba, 0x9e, 0x68, 0x1f, 0xc0, 0xfa, 
  0xf0, 0xc4, 0x7b, 0xfd, 0xc8, 0x77, 0x29, 0x68, 0x47, 0x2d, 0xb8, 0x54, 0xe1, 0x51, 0x80, 0x0d, 
  0x54, 0xe6, 0xd8, 0x1f, 0xab, 0x6a, 0x60, 0xaa, 0x57, 0xe2, 0xc4, 0x87, 0xc7, 0xb4, 0x06, 0x0d, 
  0x2d, 0x0f, 0x17, 0x97, 0x10, 0x9c, 0x57, 0x37, 0x6b, 0x61, 0xb2, 0xb4, 0x54, 0x26, 0xe2, 0x2c, 
  0x4f, 0x26, 0xe8, 0x24, 0x2e, 0x95, 0x09, 0x2f, 0x95, 0x01, 0x3e, 0x6c, 0xeb, 0xaf, 0x35, 0x45, 
  0x5f, 0xba, 0x70, 0x7d, 0x29, 0xae, 0xe4, 0x29, 0xa3, 0x41, 0xcf, 0x3b, 0xd1, 0xad, 0xe8, 0xf4, 
  0x89, 0x91, 0xb8, 0x82, 0xbb, 0xa7, 0xe3, 0x30, 0x33, 0xe1, 0xfb, 0x29, 0xa8, 0xd7, 0x79, 0x34, 
  0x6f, 0x5f, 0xb5, 0x1d, 0x0e, 0x24, 0x15, 0xff, 0x96, 0xc8, 0x7c, 0x23, 0x5d, 0x5c, 0x58, 0x0f, 
  0x69, 0x64, 0x1f, 0xaf, 0xff, 0x0f, 0x5d, 0x85, 0xc8, 0x4d, 0x55, 0x38, 0x56, 0xfc, 0x43, 0x96, 
  0x1d, 0xb9, 0xdf, 0x2a, 0x6e, 0x5b, 0xc7, 0xe5, 0xc3, 0x69, 0xb7, 0xf6, 0x6f, 0xb9, 0x43, 0x0d, 
  0x6a, 0x04, 0xd7, 0x11, 0x8c, 0xfe, 0x74, 0xb1, 0x7d, 0xf2, 0xb4, 0x03, 0x11, 0x14, 0xfc, 0xab, 
  0x84, 0x4e, 0x20, 0xdf, 0x41, 0x15, 0x22, 0xe8, 0xcf, 0x6e, 0x75, 0xb3, 0xd1, 0x21, 0xd0, 0xcd, 
  0xd3, 0x0e, 0x85, 0xb9, 0xca, 0x88, 0x27, 0x15, 0x26, 0x99, 0x80, 0x07, 0xe2, 0xc6, 0x2b, 0xbb, 
  0xf5, 0xbe, 0x5f, 0xe8, 0xe1, 0x70, 0xa4, 0x90, 0x12, 0x30, 0x88, 0x1b, 0x74, 0xa9, 0x41, 0x32, 
  0xfd, 0x77, 0x4c, 0xf3, 0x9f, 0xb3, 0xa7, 0x28, 0x99, 0x06, 0x99, 0x5e, 0x03, 0xf6, 0xb4, 0xe1, 
  0x03, 0xc2, 0x65, 0xc9, 0xee, 0x07, 0x23, 0xdd, 0x59, 0xba, 0x89, 0xb2, 0xf7, 0xad, 0x3a, 0x1b, 
  0x57, 0x9d, 0x8b, 0x2b, 0x81, 0xfb, 0xaa, 0xa5, 0x41, 0x42, 0x55, 0xfb, 0xa7, 0x70, 0xf4, 0x5d, 
  0xf3, 0x96, 0x8b, 0xeb, 0x2f, 0xe9, 0xa1, 0xd3, 0x47, 0xb3, 0x4b, 0x36, 0xf2, 0xc5, 0x97, 0x26, 
  0x9c, 0xa7, 0xa4, 0xc5, 0xe3, 0xff, 0x35, 0x8f, 0x4f, 0x2f, 0x96, 0xef, 0xc1, 0xcc, 0x3d, 0x8d, 
  0x1b, 0xb4, 0x7d, 0xd3, 0xcb, 0xf8, 0xb2, 0x6c, 0x89, 0xc0, 0x75, 0xb6, 0x7a, 0xe8, 0x54, 0xb6, 
  0x3c, 0x6e, 0x10, 0x8e, 0x08, 0x1d, 0x54, 0x49, 0x72, 0x84, 0x2e, 0xab, 0x85, 0xe4, 0x54, 0x03, 
  0x49, 0xa9, 0x4e, 0x03, 0xef, 0x4c, 0xac, 0x81, 0x51, 0xe2, 0xb4, 0xa1, 0xc2, 0x17, 0x82, 0xfd, 
  0xbe, 0x80, 0x0a, 0x1b, 0xb1, 0x2f, 0x6e, 0xc5, 0x92, 0x1b, 0xe7, 0xd3, 0x05, 0xca, 0x72, 0xea, 
  0x4f, 0x1c, 0xa7, 0x38, 0x71, 0x24, 0xff, 0x6a, 0x8e, 0x2f, 0xed, 0xbb, 0x5a, 0x2d, 0xb4, 0xa1, 
  0xd5, 0xbd, 0x8d, 0xf0, 0xf0, 0x3e, 0xa9, 0xd6, 0x7d, 0x60, 0x6a, 0xaa, 0xb1, 0xf1, 0xc1, 0x57, 
  0xd5, 0xc0, 0x50, 0xe3, 0x5a, 0xe5, 0xad, 0x6b, 0x95, 0x37, 0x8f, 0x28, 0xda, 0xc7, 0x13, 0x1d, 
  0x10, 0xfd, 0xa6, 0xc5, 0xa3, 0xfd, 0x6f, 0x02, 0xe2, 0x62, 0xcf, 0x94, 0x94, 0xbe, 0xce, 0xf5, 
  0xea, 0x89, 0x27, 0x41, 0xa9, 0x9d, 0xf5, 0xd8, 0x4e, 0x3f, 0x6f, 0xa6, 0xbf, 0xd0, 0x4a, 0xdf, 
  0x37, 0xd2, 0xe7, 0x36, 0xe6, 0xf1, 0x28, 0xbd, 0x09, 0xcb, 0xd4, 0xfc, 0x83, 0xba, 0xd8, 0x38, 
  0x56, 0x05, 0xe5, 0x91, 0xcf, 0xcd, 0x65, 0x58, 0x7c, 0xf0, 0xe6, 0x0b, 0xe1, 0x70, 0x9b, 0xc1, 
  0xc0, 0xcc, 0x28, 0xad, 0x8a, 0x02, 0xe1, 0x25, 0x5b, 0xdc, 0x94, 0x57, 0xa5, 0xbc, 0xf0, 0x79, 
  0x36, 0xf7, 0x77, 0x77, 0x57, 0x9a, 0xd5, 0xed, 0xf9, 0xf7, 0x58, 0x2f, 0x28, 0x09, 0xde, 0x60, 
  0xd3, 0xe1, 0x94, 0x25, 0x34, 0x3c, 0xd6, 0x39, 0x1e, 0xee, 0xd4, 0x70, 0x0b, 0x73, 0xac, 0xd9, 
  0xb6, 0x36, 0x25, 0xc9, 0x4e, 0xf6, 0x95, 0x01, 0x54, 0x74, 0x45, 0x17, 0xef, 0xb2, 0x78, 0xe7, 
  0x8a, 0x6b, 0x5d, 0x2e, 0xfa, 0x66, 0xd8, 0x66, 0x4e, 0x93, 0xef, 0x67, 0xd1, 0x9b, 0x0e, 0x7a, 
  0xe3, 0x04, 0x8d, 0x63, 0x29, 0xae, 0xa9, 0xa4, 0xa0, 0xb3, 0x75, 0xaa, 0x16, 0xe3, 0x72, 0x39, 
  0x53, 0x33, 0xf5, 0x56, 0x0f, 0x80, 0xd0, 0xd3, 0x1f, 0xc5, 0x8d, 0x2e, 0xe7, 0x30, 0x4a, 0x26, 
  0xdd, 0x68, 0xb9, 0x9d, 0xb9, 0x56, 0x40, 0x59, 0xd6, 0x5d, 0x25, 0xf9, 0x86, 0x2c, 0x70, 0x5d, 
  0x24, 0xbc, 0xee, 0x3f, 0xa2, 0x9b, 0x26, 0x44, 0x6f, 0x0d, 0x67, 0x7a, 0x57, 0x5c, 0xc3, 0x17, 
  0xce, 0x03, 0x57, 0x0a, 0x0e, 0x6e, 0x0b, 0x65, 0x42, 0xf0, 0x46, 0xbc, 0x0e, 0xa1, 0x7d, 0x71, 
  0x89, 0xd0, 0x5e, 0xca, 0x89, 0x60, 0xcc, 0xb9, 0x97, 0x72, 0xee, 0xa5, 0x9c, 0xdb, 0x80, 0x7d, 
  0x71, 0x1c, 0x04, 0xf0, 0x90, 0x82, 0xd1, 0x8f, 0x13, 0xc8, 0xef, 0x17, 0xc7, 0x94, 0x58, 0x05, 
  0xf5, 0x7b, 0x80, 0x0e, 0x19, 0x94, 0x73, 0x92, 0x77, 0xa4, 0x31, 0x51, 0x29, 0xc1, 0xbb, 0x78, 
  0xe5, 0x82, 0x32, 0xbc, 0x11, 0xa0, 0xbb, 0x95, 0xf5, 0xdf, 0xb1, 0xd2, 0xf3, 0xa8, 0xa5, 0x9d, 
  0xe9, 0xec, 0xba, 0x48, 0x21, 0xb4, 0x64, 0xc5, 0x7f, 0x3c, 0xe0, 0x80, 0xa3, 0x23, 0x6a, 0xa9, 
  0xff, 0xfb, 0x09, 0x61, 0x52, 0xf7, 0x1d, 0x8e, 0x60, 0xbd, 0xef, 0x10, 0x77, 0x7e, 0xaf, 0xbe, 
  0x3b, 0x7c, 0x24, 0xd6, 0xb6, 0xd1, 0x5d, 0x0f, 0xe7, 0x7e, 0x52, 0x82, 0xef, 0x1d, 0xed, 0xcd, 
  0x29, 0x05, 0x59, 0x2b, 0x5f, 0x8e, 0xa2, 0xca, 0x54, 0x0f, 0x52, 0xa9, 0x98, 0xbb, 0xf2, 0xc5, 
  0x91, 0x7e, 0x59, 0xd1, 0xb8, 0x9c, 0x81, 0xc4, 0x8e, 0xca, 0x64, 0xac, 0xc6, 0x91, 0x79, 0x09, 
  0x9f, 0xfb, 0x7b, 0x16, 0xb7, 0xb2, 0xe7, 0x16, 0x57, 0xad, 0xef, 0x2c, 0xee, 0x3d, 0x9f, 0xc1, 
  0x3f, 0x8e, 0xc7, 0x5a, 0x48, 0x97, 0xc4, 0xb0, 0xe6, 0x3b, 0xfe, 0x07, 0x44, 0x60, 0x1d, 0x0c, 
  0x3d, 0x70, 0xd9, 0x45, 0xcf, 0xd7, 0x6b, 0xd2, 0xd2, 0xe3, 0x72, 0x4d, 0xd6, 0x34, 0x8d, 0xcc, 
  0xf5, 0xc6, 0x6b, 0xb5, 0xd7, 0x8f, 0xad, 0x11, 0x4e, 0x5e, 0x3e, 0xae, 0x0d, 0x28, 0x33, 0xe4, 
  0xba, 0x6b, 0xd7, 0x26, 0x13, 0xee, 0x96, 0x77, 0x3e, 0xf8, 0x50, 0x2a, 0xf1, 0x1c, 0x66, 0x19, 
  0x0f, 0xa5, 0x13, 0x7b, 0x9a, 0xfc, 0x2e, 0x13, 0xe6, 0x69, 0xb0, 0x16, 0x3e, 0xbd, 0x14, 0x41, 
  0x9b, 0xf5, 0x87, 0x4f, 0xfb, 0xa1, 0x01, 0x40, 0x2a, 0x95, 0x29, 0x91, 0xb4, 0xec, 0xa6, 0x67, 
  0x2b, 0x91, 0x69, 0x13, 0xc9, 0xb4, 0x95, 0x5b, 0x06, 0x8e, 0x78, 0x1a, 0x3f, 0x71, 0x9f, 0x10, 
  0x47, 0xdb, 0x87, 0x3e, 0xe0, 0x04, 0xd5, 0x6d, 0xc5, 0xa5, 0xf2, 0x29, 0x25, 0x42, 0x9c, 0xe4, 
  0x9b, 0x28, 0x59, 0x2a, 0xfe, 0x20, 0x90, 0xaa, 0xb5, 0x5d, 0x7a, 0x93, 0x07, 0xf1, 0x4d, 0x10, 
  0xe4, 0xb1, 0x86, 0xf8, 0xd7, 0x43, 0x51, 0x71, 0x00, 0x72, 0x30, 0xbe, 0xdf, 0x83, 0x80, 0x69, 
  0x14, 0x5e, 0x14, 0x88, 0x5f, 0xd4, 0xe5, 0xbb, 0x62, 0x4b, 0x0b, 0xca, 0x8b, 0x75, 0x3c, 0xbf, 
  0xd7, 0x78, 0x87, 0xc9, 0x58, 0xb0, 0xf7, 0xf8, 0x5e, 0x7a, 0x1b, 0x9d, 0xf9, 0x17, 0x96, 0x9a, 
  0x1e, 0xf2, 0x2f, 0x0b, 0x1c, 0x54, 0x6d, 0xd9, 0x21, 0x0e, 0x6d, 0x2c, 0x09, 0xd9, 0x1b, 0x1c, 
  0x6f, 0xc4, 0x8a, 0xdb, 0xc8, 0x49, 0xd5, 0xbc, 0x58, 0xb0, 0x20, 0xc6, 0x0e, 0x94, 0xb2, 0x7c, 
  0xa7, 0x70, 0x7c, 0xe7, 0x5d, 0x83, 0x51, 0xd3, 0xc5, 0x83, 0xd2, 0x9b, 0x02, 0x95, 0x02, 0x73, 
  0x7a, 0x0d, 0xe8, 0xa8, 0xf6, 0xba, 0x82, 0x44, 0x3a, 0x00, 0xbf, 0xf6, 0xc9, 0x9f, 0x43, 0xc1, 
  0x68, 0x0f, 0xb9, 0x83, 0xac, 0xd3, 0xba, 0xa0, 0xea, 0x7d, 0x86, 0x09, 0xac, 0x60, 0x26, 0xec, 
  0xb5, 0x32, 0xf9, 0xbd, 0x58, 0xe7, 0xb6, 0xad, 0xaa, 0x87, 0xb7, 0x68, 0x9c, 0x95, 0x6c, 0x04, 
  0xd3, 0x48, 0xa2, 0x31, 0x56, 0xa1, 0x53, 0x32, 0x9e, 0xfa, 0xb7, 0x8d, 0x84, 0x81, 0x24, 0x34, 
  0x38, 0x24, 0x65, 0xe8, 0xed, 0xeb, 0xa8, 0x47, 0xf2, 0x13, 0x44, 0x17, 0xbf, 0xf5, 0x4d, 0xfe, 
  0x6d, 0x85, 0x03, 0xbd, 0xa0, 0x75, 0x7d, 0xa4, 0x56, 0xee, 0xc3, 0x9a, 0x2b, 0xda, 0x80, 0x37, 
  0xd9, 0x55, 0x92, 0x6b, 0x6e, 0xdc, 0x70, 0x70, 0xe0, 0x28, 0x3b, 0x75, 0xf2, 0x30, 0x09, 0xb9, 
  0x37, 0x90, 0x84, 0x13, 0x36, 0x18, 0x16, 0xa5, 0x6a, 0x0c, 0x0a, 0x25, 0x38, 0x21, 0x14, 0x51, 
  0xe1, 0xb2, 0x96, 0x4e, 0xbb, 0x9c, 0x18, 0xb1, 0x93, 0x53, 0x17, 0x22, 0x6d, 0x4e, 0x7f, 0xba, 
  0xae, 0xda, 0xeb, 0x7f, 0x8f, 0x47, 0x42, 0x25, 0xe5, 0x47, 0x9c, 0x8d, 0x22, 0x5f, 0x4a, 0xcb, 
  0xc3, 0x32, 0x16, 0x70, 0x5e, 0x5c, 0xb0, 0xba, 0xec, 0xc6, 0x95, 0xab, 0x01, 0x90, 0x03, 0x09, 
  0x88, 0x9c, 0xbe, 0x4f, 0xa1, 0x25, 0x5a, 0x32, 0x82, 0x2f, 0x57, 0x9c, 0x18, 0x2d, 0xab, 0xdc, 
  0xf0, 0x3d, 0x8d, 0x3c, 0xf0, 0xce, 0x67, 0x77, 0xb5, 0xd8, 0xd1, 0xb4, 0x62, 0x69, 0x61, 0x8a, 
  0x4d, 0x2d, 0xce, 0xb5, 0x78, 0xab, 0xc5, 0x3b, 0x2d, 0xde, 0x6b, 0xf1, 0x4c, 0x8b, 0xaf, 0xe2, 
  0x83, 0x78, 0xc9, 0xbb, 0xda, 0x1b, 0x4d, 0x5a, 0x3c, 0xb0, 0x7a, 0x16, 0x1f, 0xb5, 0x24, 0xdf, 
  0x1f, 0x37, 0xe2, 0x27, 0x3f, 0x6f, 0xf9, 0xb2, 0x87, 0xd6, 0xf1, 0x0d, 0x14, 0x49, 0xb5, 0xec, 
  0xe3, 0x44, 0xb1, 0x87, 0x73, 0xdf, 0x73, 0xbe, 0x5d, 0xda, 0x61, 0xd0, 0x89, 0x07, 0x35, 0x16, 
  0xe9, 0x7b, 0x5a, 0xee, 0xa2, 0x4d, 0xb9, 0xa3, 0xcb, 0x0a, 0xb1, 0x1d, 0x8a, 0x01, 0x56, 0x8a, 
  0xaf, 0xd1, 0xf2, 0xe3, 0x83, 0xf4, 0xd4, 0x81, 0xfb, 0xf9, 0x40, 0xa2, 0xef, 0x23, 0x5a, 0x12, 
  0xd0, 0xac, 0x4e, 0x1f, 0xc6, 0x83, 0x51, 0x0b, 0x9e, 0x28, 0x50, 0x75, 0xd2, 0x37, 0x9a, 0xa9, 
  0x18, 0xfd, 0xfa, 0xb5, 0x02, 0xc7, 0x95, 0x2a, 0x94, 0x2d, 0xc5, 0x96, 0x96, 0x7e, 0x2d, 0xf4, 
  0xa8, 0x5b, 0x33, 0x5a, 0x17, 0xa8, 0xa1, 0xb7, 0xa7, 0xaa, 0x6b, 0xe5, 0x3f, 0x87, 0x9e, 0xe9, 
  0x46, 0x04, 0x44, 0x4b, 0x24, 0xa3, 0xbc, 0x5b, 0xba, 0xf9, 0x7c, 0xc0, 0x0e, 0x1b, 0xe8, 0x47, 
  0x30, 0xe0, 0x82, 0xae, 0x36, 0x78, 0xfd, 0x3b, 0x01, 0x60, 0xd9, 0x65, 0x85, 0x29, 0x42, 0x8b, 
  0xb8, 0xe2, 0xb9, 0x0f, 0xdf, 0x79, 0x1e, 0x52, 0x54, 0x7e, 0xca, 0x76, 0xdb, 0x17, 0x3a, 0xaa, 
  0x01, 0xd3, 0xdc, 0xf9, 0x36, 0x7f, 0x38, 0x38, 0x6e, 0x2c, 0x5e, 0x3a, 0x82, 0x88, 0x51, 0xa3, 
  0x91, 0x00, 0xf8, 0x45, 0x03, 0x17, 0x9b, 0x69, 0xa7, 0x22, 0x55, 0xe9, 0x2d, 0x03, 0xc1, 0xed, 
  0x16, 0x73, 0xb5, 0x8d, 0x2b, 0x7c, 0xc2, 0x9a, 0x05, 0xd3, 0x82, 0x79, 0x76, 0xfb, 0x95, 0x84, 
  0x83, 0xbc, 0xbc, 0xbc, 0x05, 0xbf, 0x57, 0x18, 0x59, 0x70, 0x06, 0x97, 0x89, 0xd9, 0x9c, 0xb7, 
  0x9e, 0x88, 0xb5, 0x3f, 0x40, 0xd7, 0x85, 0x3f, 0x30, 0x47, 0xd8, 0xb3, 0x95, 0xa3, 0xbb, 0x47, 
  0x6d, 0x25, 0x25, 0xbe, 0xd6, 0xdd, 0xf8, 0x9d, 0x08, 0x7a, 0xec, 0xbe, 0xb4, 0xa0, 0x51, 0x80, 
  0x25, 0x3d, 0x2b, 0x6f, 0x51, 0xc7, 0xcc, 0xb2, 0x3f, 0x93, 0x46, 0xb3, 0xa2, 0x14, 0x79, 0xfa, 
  0xfa, 0x6a, 0x3a, 0x93, 0x12, 0xb3, 0x02, 0xe6, 0xe5, 0x00, 0xf1, 0x83, 0x59, 0x9c, 0xa1, 0x78, 
  0x49, 0x83, 0x79, 0x17, 0x24, 0xa7, 0x7d, 0xbb, 0x08, 0xde, 0x13, 0xd1, 0x5c, 0x2f, 0xc2, 0xe4, 
  0xe7, 0x6c, 0xf6, 0x9e, 0x07, 0x84, 0x21, 0x04, 0xdd, 0xf2, 0x67, 0x95, 0x6c, 0xe8, 0x5e, 0xfb, 
  0xc4, 0x7f, 0xd9, 0xad, 0x8b, 0x80, 0xd6, 0xf9, 0x56, 0x3c, 0x28, 0x09, 0x0a, 0xe5, 0x4a, 0xe5, 
  0xf9, 0x0d, 0x02, 0xe3, 0x4c, 0xb4, 0xef, 0x49, 0x25, 0x64, 0xa7, 0xa2, 0x70, 0xa6, 0x9e, 0xed, 
  0x75, 0xcf, 0xb7, 0xe0, 0x1c, 0xf0, 0xb5, 0x16, 0xfc, 0x0e, 0x1c, 0x79, 0x4e, 0x11, 0x68, 0x69, 
  0x73, 0xe4, 0x32, 0x7b, 0x9d, 0x57, 0xa1, 0xc7, 0xc0, 0x45, 0x7f, 0x3d, 0x27, 0x1d, 0x6f, 0x17, 
  0x8c, 0x57, 0x69, 0x0f, 0xe6, 0x58, 0x30, 0xaf, 0x1e, 0x93, 0x18, 0x55, 0xbb, 0x5b, 0x28, 0x68, 
  0x01, 0x3f, 0x19, 0x39, 0x29, 0x0b, 0x9e, 0xab, 0x59, 0xbc, 0xed, 0xab, 0x16, 0x87, 0x44, 0x67, 
  0xb4, 0xf8, 0xa0, 0xe5, 0x1d, 0x23, 0x14, 0x2d, 0xe7, 0x8c, 0xda, 0x33, 0x5a, 0x05, 0xa6, 0xec, 
  0xab, 0x5e, 0x32, 0xa0, 0x12, 0x26, 0xdd, 0xb5, 0xae, 0xc9, 0xf5, 0xdc, 0x4c, 0x3a, 0x7c, 0x93, 
  0x29, 0xd9, 0xc3, 0xe8, 0x78, 0xa9, 0x5b, 0x63, 0xb7, 0x01, 0x0d, 0xe2, 0x5f, 0xd5, 0xb5, 0xd1, 
  0xb2, 0xc3, 0xf9, 0xbb, 0xc4, 0x5a, 0xd0, 0x06, 0xf7, 0x8a, 0x6d, 0x05, 0xe9, 0xcc, 0x12, 0x6b, 
  0x07, 0x8f, 0x45, 0x9d, 0x94, 0x0a, 0xa9, 0x9e, 0x94, 0xe2, 0xfd, 0x82, 0xa5, 0x74, 0xad, 0xe0, 
  0x97, 0x40, 0x2d, 0x9b, 0x4a, 0x2b, 0x14, 0x89, 0xc3, 0x44, 0x2b, 0x07, 0x81, 0xfb, 0x8d, 0xa5, 
  0xcb, 0xcc, 0x10, 0xa0, 0x5e, 0x34, 0x3c, 0x66, 0x77, 0x34, 0x86, 0xd7, 0x8c, 0x7a, 0xfc, 0xb6, 
  0x5d, 0x58, 0x4f, 0x42, 0xd7, 0x03, 0xbb, 0x18, 0xd5, 0xd9, 0x5f, 0x77, 0x63, 0x02, 0x7b, 0x71, 
  0xb9, 0x14, 0x4a, 0xea, 0x36, 0x75, 0xc0, 0x06, 0xe7, 0x57, 0x00, 0x33, 0x28, 0x8a, 0x33, 0xe9, 
  0xbd, 0xd9, 0x8f, 0x25, 0x02, 0xd8, 0x49, 0xa6, 0x54, 0xbd, 0xc6, 0x67, 0x18, 0x5b, 0xc5, 0xb8, 
  0x5d, 0x93, 0xf8, 0x41, 0x8c, 0x64, 0xd0, 0x8f, 0x4e, 0x9f, 0xb0, 0x85, 0xb0, 0xe0, 0x50, 0xe1, 
  0xf3, 0xbe, 0x83, 0xb2, 0x1a, 0x41, 0x35, 0xe1, 0x01, 0x54, 0x90, 0x6d, 0x54, 0x4b, 0x18, 0x79, 
  0xb5, 0x04, 0xfb, 0xe8, 0x98, 0xd4, 0x12, 0x28, 0xcb, 0xa0, 0x41, 0x52, 0x57, 0x2f, 0x38, 0xc2, 
  0xa3, 0x0d, 0x4c, 0x01, 0xf2, 0x91, 0x60, 0xbc, 0x89, 0xe1, 0x06, 0x29, 0xb9, 0xd7, 0x82, 0x3d, 
  0x21, 0x8d, 0x26, 0x32, 0x85, 0x1d, 0x6e, 0x0f, 0xce, 0x9f, 0x7d, 0x82, 0xab, 0x43, 0x0c, 0xae, 
  0xa0, 0xa5, 0xaa, 0x33, 0x2f, 0x5c, 0xcd, 0xa7, 0xa5, 0x30, 0x6a, 0xb9, 0x27, 0x2f, 0xc4, 0x85, 
  0x81, 0xf0, 0xe8, 0x35, 0x3d, 0xc6, 0xc4, 0xbe, 0xc3, 0xad, 0x57, 0x82, 0xbf, 0xaa, 0x2e, 0xe9, 
  0x77, 0x0a, 0xb0, 0x5f, 0x18, 0xdb, 0xf0, 0xe6, 0x91, 0x7f, 0xaa, 0xea, 0xab, 0x54, 0x71, 0x53, 
  0x52, 0xd8, 0x94, 0x44, 0xe4, 0x96, 0x90, 0x9e, 0xa1, 0xab, 0x09, 0xef, 0x89, 0x6d, 0x00, 0xe7, 
  0x1b, 0x2e, 0x04, 0xd5, 0x44, 0x06, 0xdc, 0x44, 0x76, 0x52, 0xe6, 0x94, 0xc1, 0xe6, 0x65, 0xb6, 
  0x3d, 0x9b, 0x99, 0x8a, 0xec, 0x27, 0x6e, 0x33, 0xae, 0x18, 0x5d, 0x37, 0x96, 0x92, 0xa6, 0xae, 
  0x6c, 0x2d, 0xea, 0x04, 0x59, 0xf7, 0x90, 0xcc, 0x33, 0x5e, 0xed, 0x8f, 0x6f, 0xc0, 0xd6, 0xe0, 
  0xf2, 0xa3, 0x39, 0x85, 0xb6, 0x0a, 0x56, 0x68, 0x5b, 0x56, 0x5d, 0xe6, 0xd5, 0xc6, 0xfa, 0x6d, 
  0x3f, 0xdd, 0xa2, 0x40, 0xce, 0xc9, 0x68, 0x8c, 0xe2, 0xfd, 0xbb, 0x76, 0x16, 0x95, 0x6c, 0x5c, 
  0xf9, 0x06, 0x0b, 0xfd, 0x88, 0x18, 0xf6, 0x6f, 0x99, 0xc1, 0xc9, 0x23, 0x33, 0x1e, 0xaa, 0x4f, 
  0x28, 0x26, 0x71, 0xc1, 0x90, 0xed, 0x3a, 0xd3, 0xba, 0x31, 0xf8, 0xc8, 0x2c, 0x5c, 0xa1, 0xc3, 
  0xd5, 0xf3, 0x8f, 0x95, 0x4b, 0xa2, 0x5d, 0xe7, 0x9d, 0x24, 0x95, 0xd5, 0xbe, 0xf3, 0x59, 0xe9, 
  0xa6, 0x71, 0xd7, 0xbb, 0x6d, 0x08, 0x71, 0xf1, 0x19, 0x0f, 0x49, 0x39, 0x81, 0x3a, 0xd9, 0x9b, 
  0xe7, 0xb2, 0xdf, 0xe5, 0x97, 0x2e, 0x48, 0xc5, 0x1e, 0x0a, 0x7e, 0xac, 0xcc, 0x4e, 0xef, 0x4d, 
  0x37, 0xd1, 0xe8, 0x1c, 0x55, 0x82, 0x03, 0x39, 0x86, 0x71, 0xce, 0x0c, 0xaf, 0x58, 0xda, 0xd3, 
  0xdf, 0xb0, 0x97, 0x98, 0xef, 0xc0, 0xdd, 0x14, 0x93, 0xd3, 0x6c, 0x06, 0x06, 0x75, 0xce, 0xae, 
  0xf2, 0x1d, 0xbb, 0x95, 0x7e, 0x78, 0x9d, 0xf3, 0x72, 0xc8, 0x6a, 0x07, 0x50, 0xdd, 0x25, 0x0f, 
  0x2b, 0x3a, 0x97, 0xd0, 0xa3, 0x1c, 0x99, 0xc9, 0xba, 0xaa, 0x48, 0x60, 0x82, 0xba, 0x5c, 0xf5, 
  0x01, 0x16, 0x01, 0x9c, 0x4f, 0xa4, 0x8f, 0x0e, 0xa0, 0xc0, 0x5d, 0x1f, 0xa7, 0x59, 0x91, 0xcd, 
  0x96, 0xd4, 0xd9, 0xb5, 0x69, 0xa2, 0x31, 0xef, 0xb5, 0xfc, 0x4a, 0x7c, 0x9e, 0xfc, 0x20, 0x8e, 
  0x88, 0xd5, 0xfb, 0x26, 0x9f, 0xe3, 0x72, 0x07, 0x8d, 0x50, 0xac, 0x14, 0x9e, 0x0f, 0xa3, 0x1c, 
  0xcc, 0x87, 0x51, 0x26, 0x66, 0xf5, 0x16, 0x4e, 0x77, 0x5f, 0x7f, 0x77, 0xb0, 0xa3, 0xe2, 0x00, 
  0x07, 0x5d, 0x14, 0xea, 0xdd, 0x97, 0x8d, 0xc3, 0xee, 0x17, 0x2d, 0xb7, 0x88, 0xdc, 0x37, 0x56, 
  0x74, 0xf5, 0xa2, 0xd1, 0xef, 0x38, 0xe1, 0x31, 0xa2, 0x60, 0xeb, 0xbf, 0x3e, 0xa5, 0x59, 0xb9, 
  0xb5, 0x9e, 0x5e, 0x43, 0x22, 0xc8, 0x66, 0xa6, 0xbe, 0x82, 0xdf, 0xcf, 0x66, 0xdc, 0x26, 0xfe, 
  0x29, 0x03, 0xf4, 0xd1, 0x2c, 0x53, 0xe6, 0x64, 0x1e, 0x9c, 0x93, 0xe8, 0xc6, 0x1d, 0x4c, 0x11, 
  0x51, 0xcd, 0x96, 0x22, 0xa8, 0x34, 0xa5, 0x0b, 0x45, 0x1e, 0xd3, 0xa8, 0xac, 0xae, 0x9a, 0x37, 
  0xfb, 0x5a, 0x7d, 0x10, 0x4e, 0x7a, 0x7a, 0x57, 0x8a, 0xf8, 0x0a, 0xe0, 0xe1, 0x1b, 0xd2, 0x27, 
  0x8c, 0xd4, 0xce, 0xab, 0x4d, 0x5a, 0xd8, 0xdf, 0xd6, 0xa2, 0x93, 0x68, 0x3b, 0x7a, 0x3b, 0xc5, 
  0x6f, 0xfc, 0x80, 0xa0, 0x98, 0x81, 0xa3, 0x1f, 0x92, 0x20, 0x54, 0x9c, 0xd0, 0x4f, 0xf7, 0x9f, 
  0xaf, 0x68, 0xa4, 0x4e, 0x3c, 0xf2, 0x5d, 0x48, 0xc6, 0x69, 0x71, 0x26, 0x2f, 0x72, 0x44, 0x62, 
  0x99, 0x18, 0x1b, 0x2c, 0x5c, 0x7c, 0xab, 0xf8, 0xb9, 0x8e, 0xa0, 0x38, 0x95, 0xc9, 0xc6, 0x9b, 
  0x31, 0xd2, 0xb2, 0x03, 0x08, 0x79, 0x7a, 0x7f, 0xd9, 0xd3, 0x58, 0x16, 0x41, 0xcc, 0xdf, 0x0e, 
  0x34, 0xbf, 0x48, 0xc7, 0x60, 0x4d, 0x92, 0x37, 0x09, 0xba, 0x09, 0xba, 0xf0, 0x2b, 0x4a, 0x9e, 
  0x0a, 0x36, 0x69, 0x99, 0x64, 0x6a, 0x42, 0x2e, 0x55, 0x4a, 0xaf, 0x5a, 0x51, 0xd8, 0xf6, 0x0c, 
  0xec, 0x9f, 0x43, 0xed, 0x9d, 0x54, 0x3b, 0x07, 0xe3, 0x20, 0xe1, 0x5b, 0x5c, 0x59, 0xb1, 0xda, 
  0x15, 0x7d, 0xc1, 0x25, 0x5e, 0x1e, 0x4d, 0xe2, 0x77, 0x7f, 0x11, 0x5c, 0xfe, 0x18, 0xb0, 0x18, 
  0x53, 0x61, 0xf4, 0x10, 0x28, 0xd0, 0x5f, 0xf4, 0x5e, 0x9d, 0x90, 0x10, 0x33, 0x67, 0xf0, 0x3d, 
  0x91, 0x37, 0xfe, 0x7c, 0x86, 0x11, 0x80, 0x17, 0x6e, 0xe1, 0x4a, 0x2e, 0x6b, 0x9e, 0x7e, 0xd1, 
  0x71, 0xa3, 0xa6, 0x2c, 0x30, 0x8b, 0x0f, 0x5e, 0xd9, 0xa3, 0x53, 0x12, 0x4c, 0xbb, 0x13, 0xa1, 
  0x27, 0xb8, 0x34, 0xe9, 0x6f, 0x04, 0xdf, 0xdb, 0x50, 0x33, 0x8d, 0xe1, 0xee, 0x58, 0xca, 0x1a, 
  0x06, 0x3e, 0x68, 0xd4, 0xe2, 0x87, 0xb2, 0xe9, 0xaa, 0xff, 0x94, 0x7e, 0x7c, 0x14, 0x21, 0xc0, 
  0xc0, 0x2c, 0xd3, 0x2a, 0x32, 0x58, 0x45, 0x2a, 0x88, 0x81, 0x52, 0x9c, 0xa5, 0x1b, 0x18, 0xee, 
  0x9f, 0x26, 0xd0, 0x1b, 0x61, 0x33, 0x2f, 0x60, 0x46, 0xc2, 0x25, 0xc2, 0x45, 0x59, 0x51, 0xe8, 
  0x82, 0x42, 0x2e, 0xf0, 0x02, 0x34, 0x14, 0x93, 0xf8, 0x31, 0x10, 0x16, 0x1c, 0xc2, 0x94, 0x99, 
  0x3d, 0x70, 0xe0, 0x5c, 0x1b, 0x87, 0x86, 0x92, 0xd6, 0xc3, 0x26, 0x70, 0xcb, 0xc2, 0xd9, 0xee, 
  0x44, 0x3a, 0xbf, 0x27, 0x9e, 0x51, 0x00, 0x7b, 0x62, 0x2d, 0x83, 0x1f, 0x21, 0x5c, 0x83, 0x85, 
  0x5d, 0xcb, 0x77, 0x71, 0x22, 0x0d, 0xe5, 0xb2, 0x94, 0x63, 0x2c, 0x83, 0x99, 0xb7, 0xaf, 0x03, 
  0x96, 0x27, 0x80, 0x24, 0x55, 0x25, 0x71, 0x8a, 0x68, 0x2e, 0x03, 0xa6, 0x97, 0x51, 0x52, 0x1e, 
  0x6a, 0x52, 0x23, 0xd6, 0x4f, 0xa3, 0x9d, 0x36, 0x73, 0x39, 0x13, 0x31, 0x95, 0x67, 0xe0, 0x59, 
  0x68, 0x51, 0x8c, 0x69, 0x51, 0x5c, 0xd1, 0x9a, 0xe8, 0xd3, 0x92, 0x38, 0xf5, 0xa7, 0xa4, 0xfb, 
  0x89, 0x40, 0xf1, 0x09, 0x71, 0x2a, 0x7b, 0x88, 0x27, 0x95, 0xdf, 0x57, 0xe1, 0x6b, 0x8c, 0x57, 
  0xa5, 0xb8, 0x41, 0xb8, 0x0f, 0xff, 0x4f, 0xa0, 0x15, 0x90, 0x1e, 0x4d, 0x4a, 0xfc, 0x9e, 0x25, 
  0xf9, 0x11, 0x8f, 0x71, 0x1c, 0x5f, 0x15, 0xbb, 0xd3, 0x0d, 0x03, 0x5f, 0x7c, 0x8d, 0x44, 0x18, 
  0x7d, 0x55, 0xd5, 0x17, 0xbd, 0x41, 0xe2, 0x91, 0x43, 0xcd, 0xbc, 0x6b, 0x2c, 0xc3, 0x87, 0xb3, 
  0xae, 0x6a, 0x3a, 0x84, 0xb8, 0x24, 0x3e, 0x98, 0x9f, 0x53, 0x74, 0x48, 0x05, 0x55, 0x17, 0x74, 
  0x48, 0xe1, 0x42, 0x85, 0x3b, 0xa4, 0xd0, 0x15, 0xcd, 0x1d, 0x9a, 0xa6, 0x0e, 0xe5, 0x12, 0xad, 
  0x97, 0x3a, 0xdf, 0x4b, 0xb9, 0x3d, 0xd6, 0x72, 0x94, 0x3f, 0xea, 0xf8, 0xc5, 0x6d, 0xd6, 0x7a, 
  0x46, 0xfc, 0x02, 0xa2, 0xde, 0xa0, 0xe1, 0x1c, 0xdd, 0x97, 0xb1, 0x1f, 0xe6, 0x98, 0x73, 0x94, 
  0xc0, 0x7c, 0xee, 0xe7, 0xb5, 0xa2, 0xc9, 0x8d, 0x7c, 0x1f, 0x47, 0x7f, 0x3c, 0x6f, 0xc5, 0x47, 
  0x4d, 0xb8, 0xe6, 0x57, 0x80, 0xff, 0x9e, 0xd6, 0x88, 0x4f, 0xde, 0xb3, 0x70, 0x0e, 0x1f, 0xc6, 
  0x13, 0xf8, 0xc9, 0x5c, 0xc6, 0x13, 0xb8, 0x98, 0xe4, 0x9f, 0x74, 0x06, 0x6e, 0xd2, 0x0a, 0x56, 
  0x89, 0xa1, 0xcb, 0x3f, 0x4a, 0x23, 0xd3, 0x9c, 0x41, 0xd1, 0x6e, 0x8a, 0xfb, 0x33, 0x13, 0x21, 
  0x70, 0x66, 0x34, 0x20, 0x41, 0x39, 0xf1, 0xe0, 0xba, 0x57, 0x4c, 0x18, 0xbf, 0xcf, 0xe4, 0x88, 
  0xb0, 0x67, 0x58, 0x56, 0x14, 0x9a, 0x51, 0xe8, 0x04, 0x84, 0x8a, 0x39, 0xbc, 0x2b, 0x10, 0xd7, 
  0x8b, 0xe2, 0x0c, 0x95, 0xf4, 0x3d, 0xd9, 0xb8, 0x0d, 0xa0, 0xd6, 0x69, 0x06, 0xd4, 0x35, 0x3e, 
  0xb2, 0x40, 0x8d, 0x97, 0x82, 0x16, 0xfd, 0x6d, 0xfb, 0x0a, 0x66, 0x3c, 0x04, 0xec, 0x88, 0x9a, 
  0x5a, 0x27, 0x7e, 0xc8, 0xb7, 0xb5, 0xfe, 0xdb, 0xb6, 0x0c, 0xda, 0xaa, 0x7d, 0x5b, 0x03, 0x54, 
  0x3b, 0xf6, 0x6d, 0xd5, 0xa1, 0xad, 0x0c, 0x58, 0xdf, 0xd7, 0x56, 0x8d, 0xb6, 0xc6, 0x61, 0x5d, 
  0x9f, 0xd5, 0x45, 0xbe, 0xbb, 0x80, 0x0e, 0xbd, 0xd7, 0xed, 0x4d, 0x58, 0xe4, 0x20, 0xfc, 0x4c, 
  0xb7, 0xcf, 0xbd, 0xb3, 0x89, 0x48, 0xaf, 0x92, 0x26, 0x36, 0xdc, 0xd4, 0x50, 0x26, 0x33, 0xf7, 
  0xb2, 0x1a, 0xea, 0xb9, 0xda, 0x40, 0x00, 0x34, 0x2c, 0xca, 0x6d, 0x88, 0xfd, 0x48, 0xb0, 0x2e, 
  0x97, 0x43, 0x6c, 0x66, 0x74, 0x37, 0xda, 0xa6, 0xf8, 0x92, 0x3e, 0x6f, 0x11, 0xa6, 0x9a, 0x43, 
  0x92, 0xaa, 0x80, 0x83, 0x97, 0x8f, 0x1a, 0x43, 0xe2, 0x41, 0xd4, 0x80, 0x41, 0xd5, 0x0e, 0xcf, 
  0x35, 0xa4, 0xac, 0x71, 0x92, 0xdb, 0x50, 0x3d, 0xce, 0x4e, 0xb9, 0xe9, 0xb7, 0x61, 0x08, 0xba, 
  0xc8, 0x53, 0x34, 0xd4, 0x89, 0xe4, 0xd6, 0x5a, 0x10, 0x3b, 0x52, 0x56, 0x14, 0x7c, 0x87, 0xe0, 
  0x87, 0x38, 0x21, 0x94, 0x9b, 0x07, 0x49, 0xb7, 0x2d, 0x84, 0x48, 0xd4, 0x13, 0x3f, 0x4e, 0x88, 
  0x64, 0x95, 0xac, 0xff, 0xa6, 0x92, 0x7a, 0xb5, 0x12, 0xc6, 0xdc, 0x30, 0xb1, 0x65, 0xde, 0x5d, 
  0xc0, 0xc2, 0xec, 0xe0, 0xe9, 0x05, 0xc6, 0x6f, 0x34, 0x21, 0xbd, 0xfc, 0xa8, 0x05, 0x02, 0xb7, 
  0xf4, 0xf6, 0x42, 0x65, 0x82, 0x46, 0xc3, 0xbf, 0x9b, 0x75, 0xbe, 0xe8, 0x94, 0x70, 0xd9, 0xa2, 
  0xeb, 0x52, 0x28, 0x30, 0x62, 0x6c, 0x0d, 0x96, 0xab, 0xae, 0xd6, 0x45, 0xce, 0x27, 0x80, 0xde, 
  0xa5, 0xcc, 0x6c, 0x2b, 0xb6, 0x9a, 0x39, 0x6d, 0x4d, 0x10, 0x2f, 0x90, 0x80, 0xc2, 0x29, 0xc1, 
  0xfc, 0x1a, 0x08, 0x02, 0x94, 0x16, 0x79, 0x4f, 0x4b, 0xaa, 0xff, 0x8b, 0x8c, 0x8c, 0x70, 0x89, 
  0x62, 0x2d, 0x50, 0x2a, 0xc7, 0x6c, 0xd0, 0xa1, 0x8e, 0x4c, 0x50, 0x09, 0xca, 0xe5, 0x7a, 0x39, 
  0x6b, 0xc4, 0x50, 0x4f, 0xc9, 0x96, 0x33, 0xcf, 0xe7, 0x2c, 0x15, 0xf6, 0x6c, 0xb7, 0x15, 0x90, 
  0x0e, 0x97, 0x8b, 0x7c, 0x72, 0x3c, 0x51, 0x7d, 0x0f, 0x4e, 0x1f, 0x6b, 0xcf, 0xc1, 0xed, 0x1d, 
  0x9f, 0xab, 0x01, 0xbc, 0x61, 0x9d, 0x68, 0xa3, 0xde, 0xdb, 0xf1, 0x44, 0x59, 0x87, 0xcd, 0xe5, 
  0xbf, 0x2c, 0x81, 0xff, 0x4b, 0xdc, 0xc1, 0xe5, 0x56, 0x3c, 0x33, 0x52, 0xa1, 0x5e, 0x6f, 0x58, 
  0xb3, 0xe7, 0xa9, 0x59, 0x3d, 0xcf, 0xcf, 0xcc, 0x04, 0x55, 0x7c, 0xf1, 0xa5, 0x7a, 0xa1, 0xe6, 
  0xaa, 0xa0, 0xc0, 0x1e, 0xbb, 0x3c, 0xde, 0x82, 0x9a, 0x85, 0x36, 0xa7, 0xdb, 0x23, 0xad, 0x8c, 
  0x63, 0x99, 0xba, 0x17, 0x8d, 0x47, 0x9f, 0xf3, 0xdf, 0xa9, 0xba, 0x32, 0x57, 0x25, 0xab, 0x97, 
  0xbf, 0xe6, 0x9d, 0x4e, 0xf5, 0x2f, 0xe9, 0xd5, 0x13, 0xdd, 0xf6, 0x5f, 0x3d, 0x86, 0x47, 0x8f, 
  0x43, 0x9a, 0xbd, 0x3c, 0xfe, 0x85, 0xe2, 0x10, 0x8a, 0x2f, 0x55, 0x04, 0x7b, 0xf7, 0x48, 0x9a, 
  0x45, 0xc4, 0x02, 0xe2, 0xc5, 0x5d, 0x10, 0xb9, 0x57, 0xb9, 0x04, 0xbe, 0x93, 0x77, 0x69, 0xa5, 
  0x26, 0xa2, 0xda, 0x8c, 0x75, 0xd9, 0x98, 0xb0, 0xc0, 0x21, 0xd5, 0x6f, 0x40, 0xbc, 0xf9, 0x8d, 
  0x0f, 0xdb, 0xb3, 0xda, 0x6f, 0xd3, 0x36, 0xc1, 0xbe, 0x00, 0x46, 0x94, 0xda, 0x6f, 0x93, 0xcc, 
  0xc8, 0x40, 0x79, 0xec, 0x29, 0x71, 0x2d, 0x5f, 0x99, 0xd1, 0xfc, 0x80, 0xdf, 0xa8, 0x21, 0xe5, 
  0x11, 0x7a, 0x9c, 0xef, 0x22, 0x53, 0xe9, 0xf2, 0x2d, 0x23, 0x28, 0xb5, 0x4c, 0x03, 0xe2, 0x8a, 
  0xa3, 0x99, 0x18, 0x22, 0x1a, 0x72, 0xe3, 0xeb, 0xdf, 0xd9, 0x9e, 0x73, 0x41, 0x85, 0xeb, 0x1b, 
  0x5e, 0x0c, 0xc1, 0x90, 0x5f, 0xe2, 0x63, 0x50, 0x8b, 0x47, 0x81, 0xd3, 0x85, 0xa3, 0x80, 0xe8, 
  0xcb, 0x8b, 0x5e, 0x5d, 0x69, 0x71, 0x45, 0x4f, 0x5d, 0xd5, 0xe2, 0x96, 0x9e, 0xb6, 0x32, 0xe2, 
  0x98, 0x9e, 0xa6, 0xb2, 0xde, 0xb0, 0x69, 0x16, 0xdd, 0xc6, 0x3e, 0xee, 0x3f, 0x3c, 0xab, 0xf8, 
  0x9b, 0x29, 0x65, 0xef, 0x04, 0x22, 0x8a, 0x97, 0xcc, 0xf1, 0xc2, 0x73, 0x25, 0xde, 0xce, 0xca, 
  0x61, 0xc8, 0x79, 0xfc, 0xf8, 0xea, 0xe1, 0x69, 0x35, 0x29, 0xc6, 0x62, 0xc8, 0x39, 0x47, 0x94, 
  0x73, 0x4c, 0x4c, 0x6f, 0xcc, 0x19, 0xfb, 0x90, 0x96, 0x53, 0xd7, 0x48, 0x2b, 0x2c, 0x58, 0xad, 
  0x41, 0x6e, 0x01, 0x98, 0x46, 0x83, 0xdd, 0xe1, 0x3c, 0xc2, 0x07, 0xdf, 0xa4, 0x74, 0xec, 0x0a, 
  0x8e, 0xc6, 0x16, 0x02, 0x28, 0xb3, 0x21, 0x5f, 0xb7, 0xd7, 0x01, 0x30, 0x70, 0x46, 0x66, 0xc4, 
  0x6b, 0xa8, 0x6c, 0x5a, 0x4e, 0xb3, 0x1b, 0xf2, 0xd2, 0xa7, 0x59, 0xa4, 0x59, 0x6c, 0xec, 0xa5, 
  0x98, 0xf6, 0x8a, 0x4d, 0x70, 0x76, 0xe7, 0x9a, 0x9a, 0x3c, 0x62, 0xa9, 0x7c, 0x76, 0x40, 0x33, 
  0xc2, 0x42, 0x27, 0xe7, 0x2b, 0x65, 0xf8, 0x20, 0xad, 0x5f, 0x56, 0x17, 0xb5, 0x0c, 0x5e, 0xc6, 
  0x92, 0xec, 0x3b, 0x49, 0xc6, 0xb1, 0x2f, 0xe7, 0x72, 0x35, 0x6c, 0x2e, 0x77, 0x24, 0xe1, 0xbe, 
  0xa8, 0x81, 0x7a, 0x5c, 0xfc, 0xb4, 0x16, 0xfd, 0x5a, 0x5c, 0xd1, 0xe0, 0x66, 0xc7, 0xd7, 0xe3, 
  0x95, 0xd5, 0xf0, 0x92, 0x6f, 0x97, 0xfd, 0x2e, 0xe0, 0x29, 0xa3, 0x27, 0x8b, 0x84, 0xdd, 0xab, 
  0x18, 0xef, 0xef, 0x92, 0x1a, 0x5e, 0xe7, 0x92, 0x5e, 0x8f, 0xa6, 0x45, 0x89, 0x9b, 0x9a, 0x53, 
  0x88, 0x7e, 0x19, 0xd0, 0x2f, 0x7e, 0x3d, 0x50, 0xb0, 0x20, 0xb6, 0xed, 0x26, 0x96, 0x62, 0xca, 
  0x5d, 0x1f, 0x88, 0xa0, 0x53, 0x1e, 0x5f, 0x6c, 0x36, 0x97, 0x0f, 0xba, 0xa7, 0xb5, 0x9c, 0x52, 
  0x9f, 0xe5, 0x80, 0x7a, 0x2d, 0x47, 0xd4, 0x6f, 0x39, 0xcb, 0x3e, 0xee, 0xbf, 0xda, 0xf3, 0x7f, 
  0xa1, 0xc3, 0xeb, 0xd4, 0xe7, 0x7f, 0xad, 0x75, 0x68, 0xad, 0x43, 0x66, 0x30, 0xdb, 0xe8, 0x80, 
  0xe7, 0x24, 0xfa, 0x0f, 0x65, 0x6a, 0x7a, 0x90, 0x1e, 0xee, 0x15, 0x3d, 0x08, 0x2d, 0x6e, 0xe9, 
  0x31, 0x03, 0x6e, 0x0e, 0xff, 0xfc, 0x67, 0xd2, 0x03, 0xf7, 0xf7, 0x6e, 0xd4, 0x78, 0xb8, 0x84, 
  0xa1, 0xf3, 0x24, 0x12, 0x22, 0x72, 0x81, 0x3a, 0x8f, 0x84, 0x61, 0xef, 0x6a, 0xb3, 0x7c, 0x5f, 
  0xe7, 0xe3, 0xe4, 0x80, 0x52, 0x67, 0x94, 0x3a, 0xa5, 0x54, 0xa2, 0x1f, 0xd8, 0xb2, 0xf8, 0x96, 
  0x2c, 0x9e, 0x2b, 0xf1, 0x6c, 0x39, 0x0a, 0x61, 0x53, 0x2c, 0xff, 0xc0, 0xf0, 0x52, 0xad, 0xe1, 
  0xc2, 0xc9, 0x65, 0xf7, 0x65, 0xe9, 0xde, 0x6a, 0x8b, 0xeb, 0x54, 0xa8, 0xcb, 0xb4, 0xa0, 0x58, 
  0xc7, 0x21, 0xfe, 0x32, 0x45, 0x62, 0x46, 0xfe, 0xf4, 0xfc, 0x11, 0x88, 0x21, 0xf5, 0x29, 0xf9, 
  0x79, 0x0a, 0x01, 0x11, 0x69, 0x59, 0x24, 0x42, 0x65, 0xc6, 0xe4, 0xbe, 0x0a, 0x13, 0xcf, 0x53, 
  0x6e, 0xf3, 0x2d, 0xcb, 0x67, 0xcd, 0xf4, 0x1c, 0x96, 0xe7, 0xed, 0x7e, 0xb7, 0x9b, 0x41, 0x92, 
  0x39, 0x95, 0x2f, 0x35, 0xc6, 0xea, 0xa5, 0x8e, 0xc3, 0x48, 0x1d, 0x70, 0xf8, 0x59, 0x3a, 0xfc, 
  0x60, 0xff, 0xb6, 0x84, 0xb3, 0x7c, 0xfc, 0xf9, 0x49, 0x61, 0x02, 0x94, 0x10, 0xe7, 0x5a, 0x1e, 
  0xde, 0xaf, 0xb4, 0x12, 0x69, 0x32, 0xbf, 0xf2, 0x32, 0x45, 0x0d, 0x1f, 0x3c, 0xe0, 0x03, 0xaf, 
  0xcd, 0x0e, 0xe7, 0x64, 0x2f, 0xf8, 0x94, 0xf3, 0xad, 0xee, 0x75, 0x70, 0x19, 0x4f, 0x25, 0x1d, 
  0x81, 0x3e, 0x50, 0xde, 0x77, 0x00, 0x5d, 0x96, 0x62, 0x91, 0x84, 0xfb, 0xbb, 0xb3, 0x79, 0x46, 
  0x53, 0x45, 0x94, 0x1f, 0x20, 0xd7, 0x4a, 0x76, 0x38, 0xad, 0xa7, 0x22, 0xd3, 0x5c, 0xad, 0x63, 
  0x65, 0x34, 0x96, 0x65, 0xcc, 0x30, 0x98, 0x17, 0x98, 0x9e, 0x66, 0x99, 0xd1, 0x10, 0x8f, 0xff, 
  0x68, 0x88, 0xaf, 0xb1, 0xf8, 0x33, 0xed, 0x88, 0x81, 0x2e, 0xc5, 0xde, 0xaa, 0x23, 0x43, 0x56, 
  0x30, 0x49, 0x5f, 0x5b, 0xb9, 0x0e, 0x86, 0x45, 0x07, 0x35, 0xac, 0x6d, 0x0f, 0x6a, 0xb8, 0xeb, 
  0x9d, 0xaa, 0xe1, 0xf8, 0xda, 0xc8, 0xe3, 0x5a, 0xc4, 0x38, 0xc8, 0x93, 0x3c, 0x69, 0xe2, 0xb3, 
  0x89, 0xbc, 0xe1, 0xd8, 0xf0, 0x78, 0xc4, 0xbe, 0x54, 0xe5, 0x36, 0xa2, 0xd9, 0x0d, 0x0a, 0xbf, 
  0x5f, 0xae, 0xd9, 0x99, 0x76, 0x0a, 0x72, 0xfc, 0xd7, 0x35, 0x52, 0x7b, 0xf7, 0x9d, 0xb8, 0xab, 
  0x61, 0x39, 0x36, 0x3b, 0x32, 0xb5, 0x81, 0xb4, 0xcc, 0xbd, 0x4c, 0xea, 0xd2, 0x31, 0x19, 0x51, 
  0xe2, 0xb8, 0x66, 0xb7, 0xad, 0x8e, 0x23, 0x27, 0x3e, 0xa2, 0x11, 0x61, 0xf1, 0xbc, 0x1f, 0x30, 
  0xbf, 0x61, 0xce, 0x39, 0xad, 0xe6, 0xb4, 0x7d, 0x9f, 0x71, 0xcc, 0x91, 0x6d, 0x8a, 0xbc, 0xb6, 
  0xec, 0x0a, 0x6f, 0x0f, 0xe2, 0xe0, 0xc8, 0x27, 0xc8, 0x61, 0x18, 0x80, 0xdd, 0x1a, 0x4e, 0x31, 
  0xc7, 0xe3, 0x1f, 0x53, 0xa9, 0xfc, 0x93, 0x9d, 0x82, 0xa6, 0xd1, 0xdd, 0x49, 0xe2, 0xb5, 0x5b, 
  0xf2, 0x61, 0x12, 0x3e, 0x0c, 0x1b, 0xbe, 0xda, 0x51, 0x56, 0x58, 0x91, 0x54, 0x05, 0x5d, 0xc5, 
  0xe3, 0xab, 0xf7, 0x4b, 0x5a, 0x46, 0x83, 0x3a, 0xa0, 0x86, 0xe0, 0x77, 0x86, 0x7a, 0xd1, 0xea, 
  0x97, 0x0e, 0x52, 0x81, 0xc5, 0xeb, 0xc8, 0xd0, 0x97, 0x92, 0xea, 0x25, 0xe6, 0xb3, 0xe0, 0x07, 
  0x17, 0x89, 0x9f, 0xae, 0x09, 0x19, 0x08, 0x1c, 0xbf, 0x19, 0xb0, 0x57, 0x37, 0x22, 0x6e, 0x43, 
  0x8c, 0x27, 0xae, 0x56, 0xd9, 0x3d, 0x3d, 0x77, 0x21, 0x4d, 0x51, 0x45, 0x54, 0xd1, 0x2b, 0x90, 
  0x4d, 0xab, 0xbb, 0xc9, 0xec, 0xb8, 0x1a, 0x38, 0x31, 0xe5, 0xc7, 0x5c, 0xf8, 0x2d, 0xbe, 0x3a, 
  0xfa, 0x28, 0x1a, 0x1f, 0xd2, 0x0c, 0xe3, 0x3a, 0xbe, 0x09, 0x9e, 0xc8, 0xea, 0x68, 0xe4, 0x04, 
  0xfd, 0xed, 0xd5, 0xdf, 0x44, 0x70, 0x30, 0x7d, 0xc4, 0x4d, 0x70, 0x1e, 0x38, 0x62, 0xc3, 0x20, 
  0x97, 0xdd, 0x38, 0xf1, 0xf1, 0x0a, 0x0b, 0xb7, 0xe1, 0x09, 0xc6, 0xc3, 0xb8, 0x57, 0x97, 0x21, 
  0x37, 0x61, 0x09, 0xbf, 0xc3, 0x66, 0x4d, 0x21, 0xfe, 0x14, 0xe4, 0x79, 0x2d, 0xcf, 0x2c, 0x31, 
  0xe2, 0x65, 0xe6, 0x42, 0x73, 0x65, 0xf5, 0x50, 0xde, 0xf0, 0x2a, 0x54, 0xe1, 0xf1, 0x62, 0x2a, 
  0xed, 0xc0, 0xe7, 0xf5, 0x3d, 0xe0, 0x39, 0x41, 0xa7, 0x04, 0xdd, 0xcb, 0x6a, 0x7e, 0xf7, 0x47, 
  0x35, 0x4f, 0xef, 0xa9, 0xf9, 0x00, 0xd3, 0xcd, 0x73, 0xbb, 0x58, 0xf7, 0x1e, 0x1a, 0x94, 0xef, 
  0xb2, 0x2d, 0xf7, 0x3d, 0x56, 0x27, 0x35, 0x39, 0x33, 0xdc, 0x28, 0xb0, 0x31, 0x3a, 0x8c, 0x45, 
  0xc4, 0x79, 0xed, 0x90, 0x82, 0x56, 0x7e, 0xb6, 0x34, 0xc5, 0x95, 0x6a, 0xdc, 0x34, 0xbd, 0x75, 
  0xbd, 0x18, 0x89, 0x4e, 0x99, 0x20, 0x51, 0xb9, 0x65, 0x31, 0x75, 0x08, 0xcb, 0xf7, 0x59, 0x93, 
  0xcf, 0xd0, 0x24, 0x32, 0xe2, 0x73, 0x52, 0xb8, 0xfe, 0xdc, 0x29, 0xc5, 0x81, 0x2d, 0x76, 0xe8, 
  0x92, 0x16, 0xd2, 0x3f, 0xbf, 0x57, 0xc3, 0xf8, 0xbe, 0x77, 0x80, 0x3d, 0x07, 0xa1, 0xb2, 0xda, 
  0xe5, 0x3e, 0x18, 0x19, 0xa5, 0x0f, 0x45, 0xb8, 0xdc, 0xc0, 0xa6, 0x18, 0x2f, 0x2d, 0xe8, 0xda, 
  0x4d, 0x44, 0xeb, 0x4f, 0x90, 0x98, 0xe4, 0x01, 0x2e, 0xa4, 0x27, 0xe3, 0x89, 0xe6, 0xee, 0xee, 
  0x83, 0x59, 0xd0, 0xdc, 0x9a, 0xda, 0x92, 0x30, 0xb1, 0x37, 0x55, 0xbf, 0xf3, 0x0b, 0x5d, 0x4c, 
  0x17, 0x3f, 0x2f, 0xc2, 0x2e, 0xc6, 0x71, 0x04, 0xa9, 0xa6, 0x34, 0x60, 0x14, 0x2c, 0x2b, 0x44, 
  0xc5, 0xde, 0x7c, 0xa4, 0xe9, 0xa6, 0x6a, 0x0a, 0xb5, 0xd8, 0x3d, 0x27, 0x28, 0x42, 0x1e, 0xe5, 
  0xdf, 0xcd, 0x2e, 0xe4, 0x27, 0x85, 0x08, 0x2b, 0x88, 0x20, 0xfa, 0xb1, 0x89, 0xbe, 0x19, 0x9f, 
  0xca, 0x77, 0x4d, 0x74, 0x13, 0xd7, 0x5c, 0xf2, 0x3d, 0x03, 0xc6, 0x16, 0x8c, 0xb4, 0xbc, 0xb2, 
  0x22, 0xff, 0x00, 0x15, 0x22, 0xe7, 0x70, 0x83, 0xf1, 0x36, 0x36, 0x00, 0x97, 0xf5, 0xf2, 0x39, 
  0xc7, 0xdc, 0x4f, 0x8e, 0x5c, 0x22, 0xe2, 0x51, 0xf8, 0xcc, 0x92, 0x59, 0xa3, 0x06, 0xa9, 0x79, 
  0x5e, 0x13, 0x9d, 0xe4, 0xba, 0x60, 0x01, 0x44, 0xb1, 0xa9, 0x3c, 0x0c, 0x3a, 0x58, 0x04, 0xf3, 
  0xfa, 0x8b, 0x77, 0xd1, 0x4e, 0xcf, 0xce, 0xbb, 0x8a, 0x75, 0x70, 0x6b, 0x7c, 0xe7, 0x8a, 0xdd, 
  0x39, 0x29, 0x1a, 0x80, 0xa1, 0xdc, 0x42, 0xe4, 0xb8, 0xb6, 0x53, 0xf9, 0x82, 0xc1, 0x13, 0x64, 
  0x92, 0x9f, 0xed, 0x5c, 0xdd, 0x4c, 0xc6, 0xd6, 0x51, 0x5b, 0x7f, 0xaa, 0xa7, 0x7f, 0x72, 0xf3, 
  0xee, 0xff, 0x05, 0x0e, 0x66, 0x9a, 0x4b, 0x2e, 0xc7, 0x00, 0x00, 0x00 };
static const char CONTENT_CHARTS_D9C7SDDP_JS_GZ_ETAG[] PROGMEM = "29fad05505bb9c7433501e4594bf6110dd02e36c7b5f0bf50575312625768635";
