static const char CONTENT_EN_BF7SBGQ1_JS_GZ[] PROGMEM = {
  0x1f, 0x8b, 0x08, 0x00, 0x00, 0x00, 0x00, 0x00, 0x02, 0x03, 0x94, 0x59, 0x07, 0x72, 0x2b, 0x39, 
  0x8f, 0xbe, 0x0a, 0xea, 0xcf, 0x41, 0xd6, 0xe4, 0xa9, 0x2a, 0x57, 0x6d, 0xf0, 0xd8, 0x2f, 0x67, 
  0xdb, 0x93, 0x2a, 0xb5, 0xa8, 0x26, 0x24, 0x71, 0xcd, 0x26, 0x7b, 0x48, 0xb6, 0xf4, 0xb4, 0xae, 
  0x09, 0x87, 0xd8, 0x33, 0xec, 0xc1, 0xfe, 0x93, 0x2c, 0x00, 0x52, 0x74, 0xb7, 0x53, 0xed, 0xcc, 
  0xbc, 0xf7, 0x9a, 0x04, 0x40, 0x00, 0xfc, 0x08, 0x80, 0x41, 0x5b, 0x15, 0x00, 0xff, 0x6d, 0xf1, 
  0xae, 0x47, 0xf7, 0xe4, 0xbb, 0x8b, 0x27, 0x8b, 0x59, 0xfa, 0xb7, 0xc5, 0x6b, 0xaf, 0xb4, 0x71, 
  0xeb, 0x7f, 0xfd, 0xf6, 0xbf, 0x8b, 0x99, 0xfb, 0xb7, 0xc5, 0x5b, 0x9f, 0xcc, 0xca, 0xb4, 0x2a, 
  0x19, 0xef, 0x16, 0xb3, 0xf0, 0x6f, 0xd7, 0xc9, 0x24, 0x8b, 0x4d, 0xaf, 0x1c, 0xda, 0xe3, 0xc5, 
  0x89, 0xde, 0x9a, 0xe8, 0x83, 0xc1, 0xb8, 0x98, 0x2d, 0xd1, 0x4e, 0x28, 0xf0, 0xb7, 0xeb, 0xd6, 
  0x0f, 0x2e, 0xfd, 0xfc, 0xf7, 0xc5, 0xac, 0xb5, 0x3e, 0xe2, 0xf1, 0xe2, 0x94, 0x3f, 0x8b, 0x19, 
  0x76, 0x7d, 0xda, 0x1f, 0xb3, 0xea, 0x0d, 0x59, 0x82, 0xe4, 0x21, 0x60, 0xef, 0x43, 0x9a, 0x2f, 
  0x66, 0xdd, 0x90, 0x50, 0x1f, 0x2f, 0xde, 0xf0, 0x27, 0xf7, 0xa4, 0x43, 0x83, 0xb4, 0x89, 0x9d, 
  0x89, 0xf1, 0x78, 0x71, 0x96, 0x1b, 0x99, 0xdb, 0x38, 0x5f, 0x44, 0x58, 0x53, 0x34, 0x16, 0x5d, 
  0x4b, 0xa6, 0xd3, 0x06, 0x41, 0x59, 0x15, 0x3a, 0xf0, 0xce, 0xee, 0xe7, 0x70, 0x02, 0xa2, 0x18, 
  0x54, 0xf6, 0x6e, 0x0f, 0x31, 0xa9, 0x7d, 0x04, 0xe3, 0x48, 0xd2, 0x44, 0xb0, 0x26, 0x26, 0x50, 
  0x4e, 0xc3, 0x15, 0x62, 0x4f, 0xe4, 0x14, 0xa1, 0x53, 0xe1, 0x0a, 0x03, 0x2c, 0x31, 0x1a, 0x8d, 
  0xa2, 0x2f, 0x62, 0x12, 0x23, 0x26, 0x01, 0x0d, 0x51, 0x4b, 0x3f, 0xb0, 0xc3, 0x41, 0x99, 0xc8, 
  0x1e, 0x9f, 0xcb, 0x17, 0xae, 0xd5, 0xda, 0xff, 0x0c, 0xf4, 0x0f, 0x61, 0x69, 0x3a, 0x6c, 0x06, 
  0x77, 0xe5, 0xfc, 0xce, 0x1d, 0x2f, 0x2e, 0xa9, 0x07, 0xa5, 0x47, 0x78, 0x6c, 0xb0, 0xbd, 0x8a, 
  0x8d, 0x5f, 0xad, 0xc6, 0x88, 0x1d, 0x43, 0x41, 0x6c, 0x31, 0x8b, 0x29, 0x98, 0xbe, 0x11, 0xac, 
  0x09, 0x28, 0x44, 0x1d, 0x61, 0xef, 0x87, 0x00, 0x2a, 0x25, 0x74, 0xb2, 0x16, 0x45, 0xe4, 0x2e, 
  0x2c, 0x99, 0xae, 0x5a, 0x92, 0x22, 0xbb, 0xdf, 0x19, 0xdc, 0x11, 0x0d, 0xb7, 0x18, 0x0c, 0x81, 
  0x7e, 0x6d, 0xdc, 0xca, 0x1f, 0x2f, 0x5e, 0xb8, 0x15, 0x79, 0xb8, 0x53, 0xc1, 0xd1, 0x8c, 0x8e, 
  0x17, 0xdf, 0xe7, 0x06, 0xf9, 0x45, 0x42, 0xb4, 0xd8, 0x96, 0x96, 0xaa, 0xb4, 0x16, 0x3f, 0xcf, 
  0xac, 0x71, 0x57, 0xc7, 0xd7, 0x51, 0xad, 0x90, 0x57, 0xed, 0x42, 0xbe, 0x07, 0x34, 0xc8, 0xde, 
  0x06, 0x95, 0x4d, 0x1b, 0x42, 0x00, 0xad, 0xda, 0x43, 0xee, 0x2d, 0x66, 0xc6, 0x11, 0xc4, 0xd6, 
  0x62, 0x60, 0x63, 0xa5, 0x09, 0xc9, 0x7b, 0x1b, 0x49, 0x63, 0x9e, 0xd7, 0xf5, 0x1f, 0xb2, 0xce, 
  0xf9, 0x3a, 0xd0, 0xac, 0x75, 0x23, 0xa0, 0xfc, 0xe1, 0x78, 0xf1, 0x4c, 0xba, 0xd0, 0x79, 0x67, 
  0x92, 0x0f, 0x02, 0x79, 0x04, 0x82, 0x6a, 0x31, 0x3b, 0x0c, 0x08, 0x6c, 0xaa, 0xca, 0x5f, 0xa4, 
  0xa1, 0xbd, 0x3a, 0x12, 0x1a, 0x68, 0x4c, 0x28, 0x33, 0xbf, 0x33, 0x46, 0x1b, 0xaf, 0xb1, 0x8e, 
  0x39, 0xe3, 0x1e, 0x48, 0xef, 0x8e, 0xe4, 0x96, 0x10, 0xae, 0x82, 0xdf, 0x31, 0xdc, 0x56, 0xc2, 
  0xff, 0x01, 0xf1, 0x44, 0xe1, 0x5c, 0xc5, 0x2f, 0xa9, 0x83, 0x41, 0xa5, 0x21, 0xe0, 0xbd, 0x13, 
  0x58, 0xa9, 0xc1, 0xa6, 0xf9, 0x7a, 0xd5, 0x9a, 0x86, 0x97, 0xa9, 0x47, 0x4d, 0x83, 0x4e, 0xe0, 
  0xd9, 0xd3, 0xd3, 0x17, 0xc0, 0x04, 0xd8, 0xa9, 0x08, 0x01, 0x5b, 0x1f, 0x34, 0xea, 0x2a, 0xef, 
  0x7c, 0x23, 0x18, 0x65, 0xe1, 0xdc, 0x04, 0x61, 0xdd, 0x2f, 0x1f, 0x19, 0x91, 0x46, 0x10, 0x91, 
  0x11, 0xd2, 0x07, 0xe9, 0xdf, 0x1e, 0x40, 0x91, 0x1d, 0x3a, 0x65, 0xe7, 0x69, 0x13, 0x7c, 0x4a, 
  0x96, 0x9c, 0xa5, 0x11, 0xa7, 0x1b, 0x15, 0xd6, 0x04, 0xcf, 0x10, 0x02, 0xba, 0x44, 0xe2, 0x7a, 
  0x68, 0x51, 0xc3, 0x52, 0x96, 0x37, 0x8d, 0x46, 0x6d, 0xcc, 0x7a, 0xd3, 0x30, 0x00, 0x75, 0x50, 
  0x80, 0x34, 0x82, 0xc0, 0x44, 0x60, 0x91, 0xd1, 0x88, 0xbc, 0x74, 0xa5, 0xc7, 0x80, 0x6d, 0x30, 
  0x3b, 0xc6, 0xb2, 0x61, 0x70, 0x8e, 0xe1, 0xda, 0x78, 0x36, 0xb2, 0x43, 0x15, 0x8a, 0xbc, 0x35, 
  0x2b, 0xbc, 0x2d, 0xec, 0x88, 0xcd, 0xc2, 0xe8, 0x34, 0x81, 0x0b, 0x2c, 0x32, 0x1d, 0x94, 0x82, 
  0x72, 0xd1, 0xa4, 0x46, 0x07, 0xb3, 0x4a, 0xb7, 0x47, 0xfb, 0x1e, 0xc5, 0x54, 0xe7, 0xc9, 0xcd, 
  0x68, 0xfd, 0xce, 0xee, 0xa7, 0xa3, 0x5b, 0x6f, 0x75, 0xc3, 0x52, 0x93, 0x91, 0x1b, 0x95, 0x87, 
  0x12, 0x1a, 0xb4, 0x06, 0x18, 0xc0, 0x7a, 0xa5, 0xcb, 0xc0, 0x31, 0xec, 0x0d, 0x43, 0x4c, 0x39, 
  0x27, 0xf8, 0x97, 0xb1, 0x85, 0x24, 0x4a, 0x78, 0xaa, 0x94, 0x08, 0x1a, 0x93, 0x32, 0xf6, 0xc1, 
  0x4c, 0x60, 0xbb, 0x6d, 0x81, 0x75, 0x67, 0xac, 0x05, 0xe7, 0x53, 0x89, 0xc2, 0x95, 0x0f, 0xa0, 
  0x80, 0x33, 0x5e, 0x30, 0x50, 0x21, 0x6d, 0xa0, 0xf5, 0xce, 0x95, 0xe8, 0x5f, 0x22, 0x09, 0x20, 
  0xd7, 0xaa, 0x98, 0x88, 0x17, 0xe7, 0x0f, 0x25, 0xcf, 0x23, 0x26, 0xd2, 0x46, 0x25, 0xae, 0x85, 
  0xc5, 0x7d, 0xd5, 0xa6, 0x41, 0x59, 0xbb, 0x2f, 0xf3, 0x9f, 0xdf, 0x4a, 0xad, 0xc7, 0x35, 0x72, 
  0xf9, 0x59, 0xed, 0xb9, 0x8e, 0x52, 0x73, 0x63, 0x5a, 0x8b, 0x7f, 0x8d, 0xd0, 0x1b, 0x4b, 0x2c, 
  0x19, 0x9d, 0x1d, 0x2e, 0x03, 0x69, 0x46, 0xf3, 0x69, 0x3a, 0x3e, 0xae, 0x3c, 0xe0, 0x4f, 0x83, 
  0x09, 0xac, 0xb9, 0xe6, 0xaa, 0xe0, 0x53, 0x2c, 0xc5, 0x3c, 0x13, 0x15, 0x33, 0x6a, 0x26, 0xcd, 
  0xa7, 0xc9, 0xfb, 0xb8, 0xf2, 0x98, 0x7c, 0x0f, 0xa4, 0x50, 0x39, 0xe0, 0xd5, 0x3b, 0x1a, 0x85, 
  0x37, 0x03, 0xae, 0x0d, 0x9b, 0x9b, 0x3f, 0x94, 0xda, 0xe7, 0xbc, 0x7f, 0x10, 0x6c, 0x25, 0x97, 
  0x24, 0x5f, 0x4b, 0x91, 0x42, 0x0d, 0x7a, 0x90, 0x08, 0x56, 0x8e, 0x17, 0xd0, 0x1a, 0x32, 0x1b, 
  0x31, 0x46, 0xd6, 0x07, 0xa7, 0x05, 0x88, 0x1c, 0x2c, 0x18, 0x87, 0x8e, 0xe4, 0xa3, 0x71, 0x2d, 
  0xce, 0xef, 0x2d, 0x0b, 0x63, 0xdf, 0xad, 0x8f, 0xb2, 0x70, 0x77, 0xc3, 0xe2, 0x61, 0x83, 0xf7, 
  0xd6, 0x8e, 0x71, 0xe4, 0xaf, 0x94, 0xb1, 0xe4, 0x42, 0xf2, 0xb2, 0xfe, 0xb0, 0xdb, 0xd0, 0x3f, 
  0x69, 0x64, 0x94, 0xe0, 0x25, 0xb6, 0x49, 0x24, 0x31, 0x7f, 0xa8, 0xae, 0x8c, 0x9d, 0x94, 0x6d, 
  0xb7, 0x33, 0x89, 0x38, 0x15, 0x9c, 0xe4, 0x65, 0x07, 0x16, 0xdf, 0xfd, 0xce, 0x4d, 0x4a, 0x89, 
  0x26, 0xc2, 0xfc, 0x81, 0xd2, 0x73, 0x4b, 0xaf, 0x9c, 0x36, 0x58, 0x19, 0xc9, 0x4e, 0x74, 0x28, 
  0xc2, 0x9f, 0x42, 0x62, 0x23, 0x79, 0xb1, 0x19, 0x52, 0xcc, 0x5a, 0x1f, 0x2f, 0x4f, 0x8c, 0x5f, 
  0x52, 0x2d, 0x09, 0xab, 0x80, 0x52, 0x00, 0x6b, 0xdd, 0xa0, 0xb8, 0x12, 0x10, 0xf6, 0xa0, 0x8d, 
  0xce, 0x90, 0x38, 0xdc, 0xcd, 0x61, 0xbc, 0x15, 0xf2, 0x02, 0x8a, 0x23, 0x2b, 0xb3, 0x26, 0x1f, 
  0xe2, 0xfc, 0xde, 0xca, 0x36, 0x19, 0x91, 0x82, 0xa2, 0xd3, 0x01, 0x6c, 0xfc, 0x0e, 0xba, 0x81, 
  0xbc, 0x8d, 0x3b, 0x93, 0x5a, 0x39, 0x2a, 0xb1, 0xb4, 0x20, 0x87, 0xab, 0x34, 0x7f, 0xbc, 0xda, 
  0x9d, 0x16, 0xaf, 0x25, 0xf8, 0xa5, 0xc2, 0xc9, 0x64, 0x65, 0x12, 0x43, 0xcc, 0x99, 0xbc, 0xf3, 
  0xc1, 0xfd, 0x2e, 0x6f, 0xc7, 0x45, 0xf1, 0x5d, 0xae, 0xa0, 0x8c, 0xa8, 0xc5, 0xba, 0x84, 0x2b, 
  0x32, 0x14, 0x61, 0x39, 0x04, 0x27, 0x7a, 0x2a, 0x78, 0xb7, 0xcc, 0xc8, 0x39, 0x47, 0x24, 0xba, 
  0xf9, 0xe3, 0xe5, 0xf3, 0x9e, 0xed, 0x6b, 0x15, 0x90, 0xcf, 0x72, 0x43, 0xf2, 0x9d, 0x4a, 0xa6, 
  0xe5, 0xa9, 0x3c, 0xa8, 0x3e, 0x52, 0xbe, 0xfc, 0xfc, 0xf3, 0xcc, 0xfc, 0xdb, 0xcb, 0x8b, 0x77, 
  0x6f, 0xe7, 0xbd, 0x0a, 0x11, 0xff, 0xb6, 0xb8, 0xfe, 0x43, 0xc9, 0x09, 0xce, 0xd1, 0x3f, 0x9c, 
  0xd6, 0xf6, 0xec, 0x0f, 0xce, 0xa7, 0x66, 0xcc, 0x7b, 0xcb, 0xd5, 0x70, 0xcc, 0xc7, 0x44, 0xa0, 
  0x51, 0xb1, 0x10, 0x15, 0x47, 0xfe, 0x6a, 0x3c, 0x1e, 0xfe, 0xf5, 0xdb, 0xff, 0x70, 0x00, 0x80, 
  0xd2, 0x9a, 0xb0, 0x8b, 0xc7, 0x40, 0x23, 0x62, 0x52, 0x69, 0x88, 0xac, 0x2a, 0x0f, 0x85, 0x4c, 
  0x20, 0x4e, 0xe7, 0x35, 0x12, 0xfd, 0x0d, 0x7d, 0xa8, 0x67, 0x7a, 0x6a, 0xbf, 0x78, 0x5f, 0xc6, 
  0x0a, 0x5f, 0xb5, 0xcc, 0x3e, 0x39, 0x1d, 0xd1, 0x26, 0x7e, 0xd7, 0xbc, 0x66, 0x33, 0xd1, 0x30, 
  0xed, 0x7b, 0xf3, 0xd4, 0x40, 0x71, 0x92, 0xa9, 0x66, 0xed, 0x94, 0x25, 0xfa, 0x85, 0x34, 0x88, 
  0xb2, 0xf1, 0x31, 0x51, 0xff, 0x39, 0x7d, 0x9c, 0xea, 0xd8, 0xb0, 0x62, 0xc3, 0x27, 0x6d, 0x4b, 
  0x06, 0xa0, 0xf7, 0xc6, 0x25, 0xa1, 0x69, 0x94, 0x72, 0x40, 0xac, 0x51, 0x72, 0xfd, 0x35, 0xa7, 
  0xe5, 0xd8, 0xc8, 0x0c, 0x86, 0x88, 0x5a, 0x0a, 0x6b, 0xc4, 0x34, 0xf4, 0x72, 0x8c, 0x56, 0x11, 
  0x14, 0xac, 0x68, 0x5d, 0x96, 0x14, 0xc8, 0x73, 0xd1, 0x57, 0xfc, 0x3b, 0x79, 0x7f, 0x18, 0x08, 
  0xd5, 0x7c, 0xaf, 0x62, 0xcc, 0x2c, 0x6e, 0x11, 0x8f, 0x81, 0xde, 0x99, 0x95, 0xb9, 0x67, 0x3e, 
  0xad, 0x72, 0x3c, 0x1b, 0xfa, 0x88, 0xc9, 0xc2, 0x89, 0x85, 0xc5, 0xf1, 0x58, 0xd8, 0x2e, 0xdf, 
  0x61, 0x0a, 0xa3, 0xc1, 0x10, 0x7c, 0x10, 0xcc, 0x06, 0xab, 0xdd, 0x5f, 0x13, 0xc4, 0xdb, 0x2a, 
  0xe6, 0x82, 0xb8, 0x1b, 0x04, 0xae, 0x27, 0x2e, 0x61, 0x65, 0x41, 0x26, 0xdb, 0x3d, 0xe3, 0xaf, 
  0x5c, 0x8b, 0xb6, 0xa9, 0x82, 0xa7, 0xd2, 0x2f, 0x12, 0x80, 0x2e, 0x85, 0x7d, 0x71, 0xbe, 0xa9, 
  0x93, 0x29, 0xb3, 0xa8, 0xfd, 0xba, 0x8a, 0x37, 0x6b, 0x78, 0x43, 0x23, 0xb7, 0x9b, 0x65, 0x72, 
  0x37, 0xac, 0x32, 0x8f, 0xb1, 0xc0, 0x84, 0x29, 0x41, 0x97, 0x6e, 0xef, 0x5c, 0x01, 0xff, 0xcb, 
  0x1b, 0xc7, 0x77, 0x86, 0x3a, 0x8d, 0x39, 0xfc, 0xe8, 0x07, 0xf2, 0x74, 0x4f, 0x84, 0x5c, 0xc8, 
  0x03, 0xf2, 0xe9, 0x25, 0x5f, 0x81, 0x7a, 0xb5, 0x46, 0xc8, 0xfb, 0xfd, 0x28, 0x84, 0x09, 0x95, 
  0x9f, 0x29, 0x66, 0x52, 0xea, 0x39, 0xe2, 0xd5, 0x90, 0x36, 0x3c, 0x1b, 0x5c, 0x82, 0x61, 0x80, 
  0x56, 0xaa, 0xc5, 0xf1, 0xb4, 0x86, 0x88, 0x81, 0x57, 0x95, 0x64, 0xbe, 0x2d, 0x4d, 0xa2, 0x8e, 
  0x70, 0x78, 0x7f, 0x23, 0x1b, 0x91, 0x12, 0x2d, 0xa0, 0xe6, 0x2d, 0x5b, 0xd9, 0xc8, 0xab, 0xa6, 
  0xb6, 0xf7, 0x6a, 0x6b, 0xca, 0xf6, 0xae, 0x59, 0x06, 0x13, 0x28, 0x38, 0x70, 0x20, 0x79, 0x2f, 
  0xd3, 0x57, 0x75, 0x1c, 0x78, 0x57, 0x77, 0x8f, 0x56, 0xf1, 0x42, 0x2f, 0x91, 0xe5, 0x65, 0xbe, 
  0x9c, 0x0d, 0xe4, 0x39, 0xaf, 0x34, 0x9b, 0x8e, 0x4d, 0x24, 0x93, 0xa2, 0x96, 0xbf, 0x82, 0xcf, 
  0x5f, 0xad, 0xe5, 0x11, 0xbc, 0x99, 0x8d, 0x87, 0x10, 0xa8, 0x69, 0xc3, 0x28, 0x33, 0x36, 0xd5, 
  0x3e, 0xc7, 0x7a, 0xb5, 0xcc, 0x5a, 0xad, 0x92, 0xc5, 0x79, 0x4d, 0x9f, 0x81, 0xf0, 0x24, 0x8a, 
  0x9c, 0x2f, 0x06, 0x67, 0x24, 0x91, 0x46, 0x3b, 0x91, 0x90, 0x0a, 0x9b, 0x02, 0x28, 0x1a, 0x29, 
  0x11, 0xa7, 0xa5, 0x55, 0x18, 0x2b, 0xb5, 0x09, 0xe8, 0x36, 0x28, 0xa3, 0x9f, 0xd6, 0x0e, 0xb1, 
  0xd1, 0x61, 0x58, 0xef, 0x1b, 0x52, 0x86, 0x1c, 0xad, 0xd2, 0x03, 0xee, 0xc1, 0xdf, 0xc8, 0x04, 
  0x5c, 0x7d, 0xbf, 0xf9, 0xfb, 0x54, 0xaa, 0xd1, 0x18, 0x5b, 0x5e, 0x97, 0x02, 0x05, 0xc6, 0x64, 
  0x3a, 0x96, 0x2f, 0xfb, 0x3f, 0xb4, 0x3e, 0xa6, 0x39, 0x7c, 0x0a, 0x1b, 0xa3, 0xcb, 0xfd, 0x99, 
  0x29, 0xa0, 0x4d, 0xec, 0xa9, 0xae, 0x0a, 0x64, 0x52, 0xe1, 0xdb, 0x3d, 0xfb, 0x59, 0x9a, 0x10, 
  0xf7, 0xdd, 0xd2, 0x5b, 0x59, 0xce, 0x40, 0xe5, 0xba, 0x04, 0x47, 0xe9, 0xe4, 0xc0, 0x69, 0xd0, 
  0xa9, 0xa5, 0x15, 0x98, 0x9f, 0x5f, 0x5e, 0xbe, 0xbf, 0x45, 0x3d, 0xf8, 0x75, 0xc1, 0x43, 0xc4, 
  0xec, 0x6e, 0x12, 0x5d, 0xbc, 0x09, 0x00, 0x79, 0x60, 0x1c, 0xf0, 0xe8, 0x39, 0xbc, 0xc2, 0x3e, 
  0x81, 0x77, 0xd3, 0xea, 0x2f, 0x5b, 0x2f, 0xb2, 0x28, 0x0b, 0x5d, 0xc8, 0xed, 0xc0, 0xa7, 0xc3, 
  0x75, 0x62, 0x06, 0xd1, 0xb3, 0xea, 0x91, 0x5a, 0x4e, 0x7e, 0x65, 0x77, 0x6a, 0x1f, 0x79, 0xb5, 
  0x03, 0xaa, 0x76, 0x43, 0x01, 0x50, 0x7c, 0x8b, 0xb7, 0x5c, 0xbe, 0xa8, 0xf4, 0xdf, 0xe3, 0xf4, 
  0xe5, 0xeb, 0x8b, 0x39, 0xe4, 0x9b, 0xbb, 0x82, 0x16, 0x43, 0x79, 0x46, 0x41, 0x09, 0x25, 0x8e, 
  0xd8, 0x60, 0xb6, 0xdc, 0xbd, 0xc2, 0xfd, 0x8d, 0x61, 0x96, 0x63, 0x7c, 0x6f, 0xc4, 0x27, 0xac, 
  0x83, 0xe1, 0xef, 0xe5, 0x10, 0x13, 0x93, 0x0f, 0xa8, 0x27, 0xba, 0x93, 0x27, 0xbd, 0x18, 0xd1, 
  0xd1, 0x5a, 0xbe, 0x73, 0x76, 0x3f, 0x66, 0xc6, 0x72, 0xa0, 0x77, 0xad, 0x1d, 0x34, 0x4e, 0x3d, 
  0x10, 0x40, 0x4a, 0xa6, 0xcc, 0xa7, 0x26, 0x9d, 0x77, 0x28, 0x1b, 0xa1, 0xc3, 0xca, 0xe8, 0xbd, 
  0xb8, 0x99, 0xc1, 0xe6, 0x4e, 0xe5, 0x38, 0x2f, 0xa3, 0x64, 0x00, 0x69, 0x63, 0xb8, 0xc6, 0x3e, 
  0xc8, 0x52, 0xc8, 0xb0, 0xf1, 0x01, 0x5b, 0x05, 0x79, 0x7d, 0x99, 0xae, 0x51, 0x79, 0xa2, 0xf1, 
  0x65, 0xe1, 0x6b, 0x8c, 0x35, 0x01, 0x79, 0x44, 0xd9, 0x99, 0x62, 0x7d, 0x97, 0xe1, 0xe3, 0x99, 
  0x2c, 0xa5, 0xbe, 0x39, 0x9b, 0xae, 0xc9, 0x24, 0x2d, 0x72, 0x36, 0x11, 0xc5, 0xb8, 0xe2, 0x3a, 
  0xe9, 0xd6, 0x08, 0x49, 0x5d, 0x61, 0x04, 0x5c, 0xad, 0xb0, 0x25, 0xeb, 0xa9, 0x24, 0xf7, 0xc7, 
  0x04, 0x45, 0xff, 0x6d, 0x8b, 0x02, 0xc5, 0xee, 0xa6, 0x58, 0x5c, 0x72, 0xd5, 0x1c, 0x2b, 0xb9, 
  0x6b, 0xb6, 0x8c, 0xcb, 0x45, 0xb4, 0xfb, 0x29, 0x25, 0x2e, 0xa2, 0x12, 0x43, 0x39, 0x6b, 0x05, 
  0x9d, 0x37, 0x1f, 0x2e, 0x2f, 0xc9, 0xd4, 0x32, 0xf8, 0x2b, 0x49, 0xa0, 0x6f, 0xa4, 0xc1, 0x75, 
  0x33, 0xf8, 0xe4, 0x5b, 0x6f, 0xb9, 0x6e, 0x96, 0x66, 0x75, 0xa9, 0x04, 0x9f, 0xc8, 0x95, 0xc5, 
  0x78, 0xcf, 0x9f, 0x5c, 0x35, 0xff, 0x5f, 0xf5, 0x77, 0x1f, 0x9b, 0x9f, 0x06, 0x0c, 0x9c, 0xce, 
  0x1f, 0xf8, 0x0b, 0xd9, 0x03, 0x20, 0xa5, 0x5c, 0x10, 0xc6, 0x22, 0x35, 0xde, 0x87, 0x65, 0x6c, 
  0x83, 0x59, 0x4a, 0x9c, 0xfd, 0xe9, 0xe2, 0xc7, 0x8b, 0x4f, 0xf2, 0x98, 0x4f, 0xca, 0x18, 0x26, 
  0x47, 0x3e, 0xb5, 0x32, 0x08, 0x53, 0x75, 0x84, 0xd7, 0x10, 0x1c, 0x3f, 0x82, 0xc8, 0xa6, 0xdb, 
  0x29, 0x47, 0xf5, 0x51, 0x17, 0xa1, 0x08, 0x91, 0x8f, 0xb9, 0x2a, 0xc2, 0xc9, 0xf7, 0x17, 0xf0, 
  0xc2, 0x5f, 0xc2, 0xa9, 0x0f, 0x38, 0xcb, 0x67, 0x75, 0xde, 0xca, 0x18, 0x5d, 0xb6, 0x07, 0x31, 
  0x7b, 0xd0, 0x27, 0x52, 0x29, 0x3b, 0x76, 0x92, 0xad, 0x83, 0x72, 0x8d, 0xda, 0x59, 0x90, 0xaa, 
  0x2d, 0xef, 0x53, 0x3e, 0x98, 0xff, 0x96, 0x0c, 0x3e, 0xcf, 0xc3, 0x23, 0xda, 0xd5, 0x11, 0x57, 
  0xf3, 0x69, 0xc6, 0x70, 0xad, 0x1d, 0x75, 0x39, 0xf7, 0xac, 0x41, 0x97, 0xc6, 0x32, 0x2c, 0x72, 
  0x37, 0x13, 0x92, 0xef, 0x4d, 0x2b, 0xc6, 0x73, 0xa3, 0x50, 0x78, 0x05, 0x55, 0x44, 0xc8, 0x9d, 
  0x42, 0x3c, 0x00, 0x78, 0xee, 0x7d, 0xca, 0x9c, 0xc9, 0x8e, 0xdd, 0x0f, 0x4b, 0x6b, 0x22, 0x05, 
  0xb3, 0x64, 0x41, 0x3c, 0xa0, 0x1c, 0xf3, 0x13, 0x83, 0x9c, 0x9f, 0x9c, 0xf3, 0x83, 0x6b, 0xd9, 
  0xfc, 0x49, 0x6e, 0x56, 0x0b, 0x95, 0x97, 0x8d, 0x14, 0x7f, 0xea, 0x9e, 0x77, 0xe0, 0x4e, 0x0c, 
  0x7a, 0xc7, 0xdd, 0x7a, 0x30, 0x10, 0xec, 0x92, 0x32, 0xae, 0x00, 0xc6, 0xcd, 0xea, 0x94, 0x86, 
  0x0e, 0x63, 0x54, 0x6b, 0x81, 0x6a, 0x1b, 0x3a, 0x9e, 0xf2, 0x77, 0xde, 0x26, 0xa2, 0x54, 0x17, 
  0x98, 0x3c, 0x35, 0x9f, 0x7c, 0x4e, 0xc5, 0x8e, 0x54, 0x45, 0xd8, 0x16, 0xf9, 0x55, 0xf0, 0xdd, 
  0xac, 0xdc, 0x93, 0x7c, 0x4e, 0x75, 0xa7, 0x2c, 0x44, 0x74, 0x91, 0x2f, 0xe6, 0xb1, 0x16, 0x2f, 
  0xd2, 0xa9, 0x5d, 0x6c, 0xe4, 0x78, 0x7d, 0xf6, 0xf6, 0x02, 0x88, 0xec, 0x2d, 0xa5, 0xdd, 0x31, 
  0x14, 0x4e, 0xbe, 0x8d, 0x16, 0xae, 0xf5, 0xfe, 0x6a, 0xe8, 0x21, 0xd3, 0xea, 0x91, 0xbb, 0xb1, 
  0x6a, 0x89, 0x76, 0x7a, 0x4e, 0xae, 0x3c, 0x6d, 0xa4, 0x36, 0x89, 0x86, 0xd2, 0x9c, 0x30, 0xc7, 
  0xe7, 0xec, 0xb3, 0x71, 0xb7, 0x0a, 0x3d, 0x70, 0x1c, 0xe3, 0xb3, 0x5a, 0x95, 0x79, 0xe8, 0x96, 
  0x51, 0xd8, 0xf2, 0x0c, 0x3a, 0x71, 0x10, 0xce, 0x18, 0x7c, 0x1b, 0x6b, 0x41, 0x68, 0x4a, 0xfe, 
  0x70, 0x58, 0xdd, 0xce, 0xcf, 0xaa, 0xbd, 0x91, 0x77, 0x81, 0xb1, 0x0d, 0x10, 0x8a, 0x9c, 0x48, 
  0x62, 0x6a, 0xc2, 0x47, 0x39, 0x94, 0xc4, 0x54, 0x96, 0x92, 0x19, 0xe1, 0x63, 0x23, 0x3b, 0x26, 
  0x07, 0x34, 0x7f, 0x99, 0x84, 0x11, 0x13, 0x07, 0x00, 0x7f, 0xa5, 0x2e, 0xc1, 0x04, 0xba, 0x80, 
  0x2a, 0x7a, 0x57, 0x61, 0x3d, 0xe7, 0x2e, 0xd3, 0x31, 0x84, 0xa6, 0x1c, 0x0d, 0x4f, 0xe8, 0x83, 
  0x2e, 0x95, 0xdf, 0x0b, 0xea, 0x8a, 0xb0, 0x08, 0xe7, 0xe5, 0x96, 0xfa, 0x8c, 0x75, 0x2d, 0x5f, 
  0x30, 0x26, 0x66, 0x31, 0xa3, 0x9b, 0x9c, 0xc8, 0xa8, 0x6f, 0xb2, 0xf1, 0xc5, 0x19, 0x54, 0x22, 
  0x8b, 0x8d, 0x71, 0xf9, 0xd6, 0xc5, 0xa1, 0xef, 0x7d, 0xe0, 0x69, 0x1f, 0x6a, 0x66, 0x45, 0x29, 
  0x0b, 0x97, 0x40, 0xaf, 0x66, 0xcb, 0xab, 0x51, 0xec, 0xbd, 0xd3, 0xbc, 0x80, 0x59, 0x8a, 0x1f, 
  0xec, 0xfd, 0x90, 0xa6, 0x0b, 0xc2, 0x44, 0x0d, 0x4c, 0xce, 0x42, 0xda, 0xc5, 0xfb, 0xa2, 0x8e, 
  0x2b, 0xbc, 0x6f, 0xfb, 0xfe, 0xbe, 0x0a, 0xff, 0xee, 0xf4, 0xfd, 0xfb, 0x9b, 0xcd, 0x24, 0x66, 
  0xc5, 0x6c, 0x85, 0xaf, 0x0b, 0x1c, 0xfe, 0xfb, 0x98, 0xb0, 0xbb, 0x5b, 0xdb, 0xe1, 0xdb, 0xf3, 
  0xd7, 0x44, 0xcd, 0x49, 0xbb, 0xf4, 0x1f, 0x8d, 0x00, 0x22, 0x3d, 0xa0, 0x2e, 0x81, 0x42, 0x5c, 
  0x06, 0x9e, 0x36, 0xf0, 0x82, 0x3d, 0x57, 0xbd, 0x0c, 0x3d, 0xd3, 0x32, 0xf7, 0x36, 0xab, 0x90, 
  0x79, 0xc9, 0xfc, 0x88, 0x87, 0xd3, 0x23, 0x15, 0x49, 0x19, 0x9d, 0x14, 0x07, 0x37, 0x81, 0xcf, 
  0x8d, 0x32, 0x8c, 0x4a, 0xb8, 0x35, 0x0e, 0x79, 0xa4, 0xe5, 0x47, 0x05, 0x71, 0xef, 0xe6, 0x1d, 
  0xa0, 0xb0, 0x73, 0x78, 0xa6, 0xe0, 0x6d, 0x14, 0xa7, 0x8b, 0x4c, 0xa5, 0xd1, 0x64, 0x87, 0xd8, 
  0xa3, 0xd3, 0x0d, 0x6e, 0x23, 0x72, 0x78, 0x62, 0x12, 0xa0, 0xa0, 0xd0, 0xc7, 0xf5, 0xea, 0x70, 
  0x94, 0x25, 0x27, 0x9b, 0xde, 0x0e, 0x6b, 0x86, 0xb6, 0xf4, 0x81, 0xfb, 0x72, 0x1e, 0x1c, 0x4f, 
  0x91, 0x57, 0xe3, 0x90, 0x5c, 0x17, 0xf9, 0x78, 0xc0, 0x26, 0xf9, 0x36, 0x3a, 0xa5, 0x28, 0xad, 
  0x1b, 0xe3, 0x9a, 0x6c, 0xa7, 0xc9, 0xbb, 0x52, 0xe0, 0xa9, 0x69, 0xcd, 0xa7, 0xfe, 0x02, 0xf6, 
  0x9b, 0x42, 0xe7, 0x39, 0x75, 0x34, 0xb2, 0x89, 0x5e, 0x16, 0xf0, 0xb2, 0x5e, 0x9c, 0xe8, 0x9b, 
  0x59, 0xc0, 0x2c, 0x2e, 0x5f, 0x65, 0x99, 0x23, 0x07, 0xc4, 0xa1, 0x54, 0x6c, 0x4d, 0x92, 0xd3, 
  0xf3, 0xa8, 0x5b, 0xd7, 0x37, 0x30, 0x63, 0x3a, 0xdd, 0xfd, 0x61, 0x9e, 0x2c, 0x95, 0x83, 0x84, 
  0xbd, 0xaf, 0xd1, 0x92, 0xa3, 0x9e, 0x49, 0xb9, 0xc5, 0xb3, 0x66, 0x6f, 0xc4, 0xe6, 0x21, 0xe4, 
  0xeb, 0xbb, 0x43, 0x39, 0xa2, 0xd5, 0x63, 0x78, 0x39, 0x90, 0xfc, 0xa1, 0x9c, 0x3f, 0x72, 0xf0, 
  0xfe, 0xa1, 0xc4, 0x6a, 0x59, 0x94, 0xea, 0x50, 0x79, 0x2e, 0x65, 0x5b, 0xb9, 0xc1, 0xf8, 0x76, 
  0x2c, 0x22, 0xbf, 0x6b, 0xfd, 0x05, 0xce, 0xf2, 0x3e, 0x19, 0x56, 0x46, 0xb6, 0x90, 0xa7, 0x12, 
  0x9b, 0xe5, 0xfd, 0x95, 0x37, 0x8c, 0xdc, 0x62, 0x45, 0xde, 0x2a, 0x09, 0x71, 0xde, 0x8f, 0x29, 
  0x5d, 0xf5, 0x70, 0x28, 0x2f, 0x7c, 0x17, 0x8d, 0x64, 0xd0, 0xe4, 0x3b, 0x14, 0xf5, 0xe0, 0x22, 
  0x77, 0x89, 0x49, 0x8c, 0x1e, 0xc3, 0x88, 0xde, 0x67, 0x9c, 0x3a, 0xef, 0xda, 0x2e, 0x32, 0x50, 
  0xd4, 0x3a, 0x7d, 0xc3, 0xc7, 0x80, 0x95, 0x09, 0xdd, 0x4e, 0x05, 0x36, 0xfb, 0xb4, 0x34, 0xf3, 
  0x7a, 0x0c, 0xc1, 0xe4, 0x29, 0x94, 0xe6, 0x74, 0xeb, 0x8f, 0xd3, 0x73, 0x77, 0xbe, 0x84, 0x85, 
  0xce, 0xe4, 0xf7, 0x93, 0x33, 0xdc, 0xa2, 0xf5, 0x3d, 0x9f, 0xeb, 0x7d, 0x8e, 0xdf, 0x72, 0x33, 
  0x62, 0x5e, 0x6e, 0x71, 0x38, 0x2d, 0x73, 0xfd, 0x38, 0xe1, 0x2f, 0xf5, 0xeb, 0x8f, 0x60, 0x9c, 
  0x45, 0xb9, 0x5d, 0x35, 0xfc, 0x5c, 0x55, 0xf0, 0x72, 0xc9, 0xef, 0xa9, 0x8c, 0xbf, 0x3b, 0xd2, 
  0xb8, 0x35, 0x2d, 0xc2, 0x81, 0x29, 0x6f, 0x93, 0x1d, 0xde, 0xd8, 0x81, 0xdc, 0x2f, 0xf4, 0xba, 
  0xed, 0x72, 0x47, 0xce, 0x56, 0x69, 0xf2, 0x5e, 0xb3, 0x1c, 0x8c, 0x4d, 0x47, 0xc6, 0x41, 0x6c, 
  0x03, 0xa2, 0x84, 0xa6, 0x56, 0x41, 0xf6, 0x55, 0xfa, 0x30, 0xec, 0x66, 0xbd, 0x49, 0x0c, 0x2c, 
  0x7f, 0x19, 0x12, 0xeb, 0x25, 0x4b, 0x4e, 0xf9, 0xcb, 0x0a, 0x3b, 0x55, 0xc9, 0x62, 0xac, 0x2c, 
  0x7a, 0x61, 0x55, 0x93, 0x9a, 0x40, 0xfb, 0x24, 0x31, 0x83, 0xf3, 0x1f, 0xbc, 0x1b, 0x3b, 0x32, 
  0xb2, 0x9e, 0x15, 0x7d, 0xfe, 0x25, 0xa9, 0xf9, 0xfc, 0xcb, 0xa3, 0x8d, 0x1f, 0x42, 0x25, 0x7e, 
  0xf6, 0x39, 0x11, 0x3f, 0xfb, 0xfc, 0x40, 0x5c, 0x06, 0x76, 0xc9, 0x61, 0x7e, 0x1d, 0xe2, 0x84, 
  0x41, 0x18, 0xd1, 0xc6, 0x02, 0xf5, 0x84, 0x2a, 0x66, 0x46, 0x52, 0xa5, 0x2a, 0x89, 0x83, 0x05, 
  0x3e, 0x13, 0x39, 0xb5, 0x87, 0x88, 0xfc, 0xb3, 0xf0, 0x67, 0x9f, 0xfe, 0x19, 0x68, 0x8d, 0x4d, 
  0x37, 0x74, 0xf5, 0xc7, 0x5f, 0x39, 0xb9, 0x70, 0xe5, 0x9e, 0xe7, 0xad, 0xda, 0xe9, 0xa5, 0x84, 
  0x4d, 0x6e, 0x4d, 0x5d, 0x28, 0xec, 0xc7, 0xec, 0x53, 0xdf, 0x68, 0x52, 0x06, 0x64, 0x2a, 0xd5, 
  0x77, 0x51, 0xae, 0x45, 0x02, 0x3d, 0x57, 0xcc, 0x91, 0xa1, 0x86, 0xba, 0x1c, 0x07, 0xab, 0x15, 
  0xd1, 0x6e, 0x76, 0xa4, 0x17, 0xa4, 0x01, 0x0e, 0xdd, 0xca, 0x38, 0x98, 0x7d, 0xee, 0x77, 0x60, 
  0xbd, 0x5b, 0xb3, 0xe6, 0x02, 0x75, 0xbe, 0x3e, 0x15, 0x4f, 0x0e, 0xbf, 0xae, 0x68, 0xd3, 0x75, 
  0xe5, 0x17, 0xf7, 0x62, 0x6e, 0x0e, 0x2f, 0x52, 0x11, 0x5d, 0x0d, 0xd6, 0x1e, 0x65, 0xf9, 0x82, 
  0x5a, 0x2d, 0xed, 0x3e, 0x30, 0x64, 0x2a, 0xff, 0xe4, 0xc8, 0xce, 0xde, 0x3e, 0x3a, 0xd8, 0x56, 
  0xf3, 0x7a, 0x1e, 0xc9, 0xd2, 0xbf, 0x3e, 0x3d, 0xcb, 0xa4, 0x26, 0xed, 0x7b, 0xe4, 0x93, 0x4b, 
  0x9d, 0x2b, 0x13, 0x0a, 0xaf, 0xb8, 0x3e, 0xe5, 0xd5, 0x68, 0x2a, 0x1b, 0x85, 0x95, 0x18, 0x2e, 
  0x7a, 0xd9, 0x1d, 0xd5, 0x26, 0x0c, 0xf5, 0x55, 0x02, 0x9e, 0x92, 0xb8, 0x82, 0x97, 0x83, 0x69, 
  0xf1, 0x1b, 0xda, 0x11, 0xb7, 0x9f, 0x43, 0x40, 0xe2, 0xb4, 0xd8, 0xa1, 0x4b, 0x33, 0x3e, 0xf4, 
  0xf3, 0xd9, 0xff, 0xfc, 0xd9, 0x37, 0xf3, 0x62, 0xb5, 0xf3, 0xce, 0x73, 0xd1, 0xa3, 0x4f, 0xbb, 
  0x09, 0xbe, 0xc3, 0x42, 0x0f, 0xeb, 0x25, 0x91, 0x49, 0xb0, 0xf4, 0x1f, 0x03, 0xb8, 0x2e, 0x5d, 
  0x01, 0xce, 0x9a, 0x0a, 0x70, 0x7d, 0xa9, 0xe7, 0x55, 0x1d, 0x61, 0xeb, 0xdd, 0xa3, 0x90, 0xce, 
  0xf2, 0xab, 0xa9, 0xdb, 0xb3, 0x78, 0xc2, 0x72, 0x45, 0x65, 0x99, 0xe5, 0x90, 0x92, 0x77, 0x72, 
  0x2e, 0x8e, 0x20, 0x46, 0x25, 0x42, 0xd5, 0x5a, 0x19, 0x27, 0xd7, 0xca, 0xad, 0xb2, 0x46, 0xcb, 
  0xa6, 0xc7, 0x65, 0x64, 0xf4, 0x54, 0x76, 0x5e, 0x9a, 0x5c, 0x95, 0x59, 0x1b, 0x07, 0xd5, 0xc0, 
  0xd1, 0x06, 0xd2, 0x2d, 0x17, 0xc7, 0xfa, 0xd6, 0xa9, 0x80, 0xbb, 0x34, 0x8f, 0xb4, 0xe3, 0xe8, 
  0xf9, 0x4c, 0x3c, 0xfa, 0xfa, 0xab, 0xaf, 0xbe, 0xf8, 0xaa, 0x3c, 0x1a, 0x97, 0x87, 0xbd, 0x17, 
  0x4e, 0x2c, 0x42, 0x25, 0xfd, 0x7c, 0xd8, 0x2d, 0xae, 0xcb, 0x0b, 0x91, 0x1c, 0xa0, 0x72, 0x2b, 
  0xff, 0xc2, 0x93, 0xdf, 0xb2, 0x3f, 0xde, 0x70, 0xdf, 0xa8, 0x8f, 0x92, 0x70, 0x85, 0x32, 0x61, 
  0x37, 0x04, 0x90, 0x66, 0xc4, 0xe9, 0xc3, 0xa5, 0x1b, 0xba, 0x2c, 0xcc, 0xe9, 0x8e, 0x1b, 0xb5, 
  0x35, 0x7e, 0x90, 0x5b, 0xf2, 0xa1, 0x4d, 0xf4, 0xf2, 0x54, 0x2d, 0xd0, 0x49, 0xa9, 0x96, 0x6e, 
  0x81, 0x92, 0xc1, 0xf3, 0x3b, 0x0c, 0x47, 0x43, 0xff, 0x7f, 0x8c, 0x7c, 0xdd, 0x72, 0xdc, 0xb6, 
  0xb2, 0xf5, 0xab, 0xe0, 0xea, 0x8b, 0x5c, 0x15, 0x4d, 0xbe, 0xa8, 0x6a, 0xdf, 0xec, 0x5c, 0xa4, 
  0x14, 0x29, 0x4e, 0xbc, 0x8f, 0x63, 0xab, 0x2c, 0x67, 0xe7, 0x92, 0x45, 0x0d, 0x31, 0x12, 0x8f, 
  0x67, 0x86, 0x2c, 0x82, 0xb4, 0xad, 0xa4, 0xfc, 0x4e, 0xe7, 0x19, 0xce, 0x93, 0x1d, 0xac, 0x85, 
  0x85, 0x26, 0x38, 0x1c, 0xa7, 0xf6, 0xcd, 0x0c, 0xd0, 0x8d, 0xff, 0xdf, 0x46, 0xf7, 0x6a, 0x22, 
  0xe9, 0x59, 0xb1, 0xbf, 0xe6, 0xd9, 0x62, 0x87, 0x0c, 0x8f, 0xd6, 0xc1, 0xfb, 0xfe, 0xa9, 0x0e, 
  0x5e, 0xd7, 0xeb, 0xfe, 0x39, 0xaf, 0x5d, 0xd8, 0x5b, 0xf7, 0x33, 0x8f, 0x31, 0x87, 0xe8, 0x32, 
  0x5f, 0xf5, 0xec, 0xf9, 0x38, 0x04, 0xc1, 0xd8, 0x10, 0xf0, 0xda, 0x2d, 0xf3, 0xa5, 0x90, 0xdb, 
  0xe3, 0x5e, 0x99, 0x39, 0x85, 0x50, 0xd6, 0x15, 0xd4, 0xfd, 0xf7, 0x38, 0xa0, 0x91, 0xd4, 0x7d, 
  0x5f, 0x92, 0xaf, 0x8c, 0x7c, 0xc5, 0x87, 0xfe, 0x14, 0xeb, 0x95, 0x55, 0x41, 0xdd, 0xb3, 0x03, 
  0x98, 0xe7, 0x10, 0x52, 0xb0, 0xc7, 0xbb, 0xa1, 0x8b, 0x43, 0x9d, 0x16, 0x17, 0xee, 0x49, 0x44, 
  0x9d, 0xa2, 0x4b, 0xae, 0x76, 0x80, 0xca, 0xcb, 0x1a, 0xa6, 0x8f, 0xb4, 0xd6, 0xd5, 0xd0, 0x67, 
  0x72, 0x31, 0x1f, 0x21, 0x21, 0x37, 0x5d, 0x37, 0xb8, 0x4e, 0xcf, 0xd9, 0x6d, 0x1c, 0xb1, 0x9a, 
  0x46, 0x85, 0x16, 0xd9, 0x74, 0x13, 0xd6, 0xf6, 0x70, 0x4f, 0x1a, 0x95, 0x4f, 0xed, 0xb1, 0xa1, 
  0x52, 0xe5, 0x5d, 0x1d, 0x03, 0x07, 0x42, 0x68, 0xc8, 0x71, 0xe2, 0x2c, 0x13, 0xda, 0x31, 0xdb, 
  0xe3, 0x88, 0x0e, 0xea, 0x9c, 0xd4, 0x3b, 0x54, 0xbb, 0x25, 0x65, 0xf6, 0x81, 0x5b, 0xc9, 0xc3, 
  0x3c, 0x1b, 0xa8, 0xed, 0xc4, 0x8b, 0xfc, 0x71, 0x68, 0x1b, 0x9a, 0xeb, 0x51, 0x3d, 0xb4, 0x78, 
  0x8b, 0xfb, 0xe5, 0xf5, 0xcf, 0xb7, 0x6e, 0x26, 0x98, 0xc0, 0x55, 0x71, 0x05, 0x9b, 0xd8, 0xe5, 
  0x18, 0x8d, 0x5c, 0xfe, 0xe7, 0xf3, 0xed, 0x35, 0x22, 0x0e, 0x11, 0xe3, 0xc4, 0x4d, 0x32, 0x51, 
  0xf0, 0xe1, 0xbf, 0xa8, 0x4b, 0x0d, 0x82, 0x68, 0x85, 0x1c, 0x65, 0xb4, 0x95, 0xf8, 0x27, 0x7a, 
  0xe8, 0xd8, 0xfb, 0xb7, 0x37, 0x46, 0xc9, 0x5b, 0xfb, 0x1d, 0xff, 0x4d, 0xe5, 0x1b, 0xe2, 0x16, 
  0xf5, 0x43, 0x15, 0xf7, 0x8e, 0x15, 0xe2, 0x12, 0x0d, 0xfb, 0xc9, 0x5d, 0x48, 0x41, 0xbc, 0x4a, 
  0x6d, 0x6a, 0xe2, 0x3e, 0xce, 0xac, 0x90, 0x15, 0x3c, 0xf3, 0x6e, 0xeb, 0xf0, 0xf4, 0xd0, 0xc5, 
  0x3d, 0xe9, 0x52, 0x9e, 0x4b, 0x56, 0xaf, 0x32, 0x37, 0xee, 0x35, 0xb6, 0x98, 0x6b, 0x93, 0x34, 
  0xb0, 0x6b, 0x63, 0x92, 0x7c, 0x82, 0x63, 0x6d, 0x84, 0x43, 0x12, 0x7c, 0x1e, 0x80, 0x5e, 0x02, 
  0xd0, 0xe9, 0x07, 0x47, 0xd8, 0x54, 0xce, 0xd0, 0xc3, 0xdc, 0xc9, 0xe9, 0x8b, 0xf7, 0xf1, 0xff, 
  0x87, 0xf6, 0x7a, 0xe3, 0xa8, 0x65, 0x43, 0x66, 0x4e, 0xa8, 0x64, 0x22, 0x80, 0xb9, 0x30, 0x7b, 
  0xd2, 0x27, 0xc8, 0x20, 0xa0, 0xd8, 0x4c, 0x57, 0x2f, 0x20, 0x68, 0x27, 0x33, 0xe6, 0xa9, 0x1e, 
  0xa2, 0x3d, 0x32, 0x18, 0xa2, 0x04, 0x10, 0xb7, 0x76, 0x1b, 0xf9, 0x75, 0x5c, 0xfe, 0x1d, 0x70, 
  0x0a, 0x6d, 0x1d, 0x35, 0x4d, 0xff, 0x46, 0x25, 0xb4, 0x37, 0x06, 0x8c, 0x2d, 0x02, 0xb9, 0x3f, 
  0x99, 0x51, 0x35, 0x5b, 0x6c, 0xca, 0xdb, 0x1b, 0xd9, 0x25, 0xbf, 0x2f, 0x18, 0x57, 0x25, 0xe3, 
  0xca, 0x18, 0x34, 0xe7, 0x5d, 0x8b, 0x8e, 0xfd, 0xda, 0xe7, 0xed, 0x1e, 0x9f, 0x3d, 0x08, 0x5d, 
  0xd6, 0x87, 0x38, 0x14, 0xed, 0x58, 0x30, 0x73, 0x57, 0xae, 0x17, 0xea, 0x6e, 0xbc, 0xcf, 0xb7, 
  0x4b, 0x8c, 0x0e, 0x54, 0x2b, 0x6e, 0xcb, 0x2d, 0x1a, 0x4b, 0xeb, 0xdb, 0x23, 0xde, 0xb7, 0x2d, 
  0x6e, 0xf9, 0xad, 0x77, 0x17, 0x3f, 0xff, 0xee, 0x8e, 0xd1, 0x5c, 0x39, 0x7a, 0x58, 0xb6, 0x7d, 
  0xf3, 0x02, 0xfd, 0x4b, 0x5a, 0x17, 0x8c, 0x21, 0x03, 0x2e, 0x16, 0xdd, 0x3e, 0x0c, 0xf9, 0x89, 
  0x18, 0x62, 0xd4, 0x17, 0x27, 0x79, 0x4a, 0xed, 0x48, 0x8e, 0xec, 0x78, 0xbd, 0xc5, 0x46, 0xac, 
  0xf9, 0xa2, 0x7f, 0xd1, 0x8b, 0x81, 0xb2, 0xad, 0x60, 0x66, 0xb2, 0xa6, 0x7a, 0x42, 0x60, 0xf2, 
  0x45, 0xe5, 0x52, 0xb2, 0x19, 0x5a, 0x25, 0x15, 0x3b, 0x1a, 0x18, 0xbb, 0x5a, 0x75, 0xc7, 0xf4, 
  0xd0, 0x74, 0xef, 0x72, 0x06, 0xe1, 0xcf, 0x6e, 0x90, 0x21, 0xb8, 0xb7, 0x68, 0x2b, 0x33, 0x63, 
  0xa6, 0xc4, 0x4b, 0xf1, 0xc8, 0x20, 0x18, 0x83, 0xb1, 0xc8, 0x24, 0xc6, 0x8a, 0x6a, 0xc0, 0xd1, 
  0x87, 0x11, 0x5c, 0x81, 0x6d, 0xc4, 0x5f, 0xc1, 0xce, 0x6c, 0xe2, 0x72, 0x8a, 0xb3, 0x40, 0x33, 
  0xb3, 0xe2, 0x28, 0xd1, 0x1a, 0x01, 0xa6, 0xb2, 0x84, 0x92, 0x51, 0xb2, 0x02, 0x80, 0x16, 0x79, 
  0x38, 0x4f, 0x8d, 0xb5, 0x80, 0x9c, 0x29, 0x01, 0x36, 0x47, 0xbe, 0x21, 0x55, 0x2a, 0x2e, 0x74, 
  0x00, 0x52, 0x44, 0x5e, 0x56, 0xf6, 0xa7, 0x1f, 0xba, 0x6a, 0x3b, 0x74, 0x61, 0x5e, 0xc0, 0xb0, 
  0xb1, 0x53, 0x41, 0x22, 0xcd, 0xc6, 0x05, 0xd2, 0x5c, 0x32, 0xcd, 0x8b, 0x45, 0x0e, 0x3b, 0x65, 
  0x29, 0xcc, 0xb8, 0xd1, 0x20, 0x20, 0xd8, 0x7e, 0xd8, 0x29, 0x71, 0x0d, 0xcf, 0x79, 0x25, 0x4f, 
  0x12, 0x23, 0x66, 0xe6, 0x7e, 0x56, 0x86, 0x39, 0x4c, 0x37, 0x33, 0xae, 0x18, 0x04, 0x92, 0x5d, 
  0xde, 0x0f, 0x36, 0x37, 0x8c, 0xe7, 0xb9, 0x51, 0x5a, 0x18, 0xe1, 0x35, 0x35, 0x99, 0xfd, 0xa6, 
  0xbb, 0x4c, 0x94, 0x39, 0x0d, 0x31, 0x01, 0x4a, 0xb0, 0x9c, 0x19, 0x25, 0x91, 0x3e, 0xab, 0x52, 
  0x54, 0x6a, 0x2d, 0x70, 0xcb, 0x76, 0x28, 0x95, 0xd4, 0x78, 0x4c, 0x62, 0x5a, 0x3c, 0x15, 0xd0, 
  0xf0, 0xd0, 0x56, 0x76, 0x44, 0x34, 0xe3, 0x9a, 0xe4, 0xe5, 0x94, 0x17, 0x03, 0xac, 0x64, 0x80, 
  0xca, 0x52, 0x2d, 0x7c, 0x87, 0x7f, 0x07, 0x09, 0x21, 0x3c, 0x75, 0xfb, 0x66, 0xc1, 0xce, 0x43, 
  0xfe, 0x2a, 0x9d, 0xb6, 0x00, 0xe3, 0x2e, 0x80, 0x2b, 0xfe, 0xf3, 0x96, 0x96, 0x24, 0x1e, 0x86, 
  0xb8, 0x5b, 0x96, 0xfa, 0x5c, 0xcf, 0xce, 0x9c, 0x85, 0x28, 0x49, 0x64, 0x57, 0x65, 0x42, 0xe3, 
  0x9c, 0x36, 0xda, 0xc8, 0x27, 0xc9, 0xaa, 0x53, 0x55, 0xd6, 0xf8, 0x9f, 0x64, 0x0a, 0x7e, 0x04, 
  0x8e, 0x80, 0xf3, 0xa2, 0xe0, 0x69, 0x1a, 0x53, 0x88, 0x6b, 0xd5, 0x2c, 0xcf, 0xb2, 0xb5, 0x6d, 
  0xcf, 0x46, 0x45, 0xb6, 0xba, 0x40, 0x42, 0xae, 0xa8, 0x6c, 0xd6, 0x66, 0xb1, 0xed, 0x4f, 0xa5, 
  0x97, 0x36, 0x8d, 0xef, 0xb6, 0x8d, 0x9b, 0x29, 0xe1, 0x78, 0x35, 0x5f, 0x09, 0xdd, 0x58, 0x13, 
  0x88, 0x49, 0xb9, 0x9a, 0x47, 0x29, 0xca, 0xc5, 0x09, 0x66, 0x8a, 0xda, 0xd3, 0x41, 0xe0, 0x1d, 
  0x0a, 0xe2, 0x92, 0xb9, 0xde, 0xfe, 0x4a, 0x67, 0x1d, 0xff, 0x2d, 0xb1, 0xdc, 0x9b, 0xf7, 0x37, 
  0x8e, 0x68, 0xa3, 0x36, 0xc4, 0x68, 0x70, 0x6d, 0xee, 0x6a, 0x7a, 0x20, 0xf4, 0xd3, 0xa8, 0x43, 
  0xbd, 0xce, 0x8b, 0xbf, 0x9c, 0x78, 0xf4, 0xa7, 0x3b, 0x26, 0x83, 0x23, 0x80, 0x49, 0x94, 0xac, 
  0x98, 0x0b, 0x77, 0xd3, 0x2b, 0x66, 0xff, 0xde, 0x5d, 0xdc, 0xdd, 0xbd, 0xc8, 0xf4, 0x2b, 0xa3, 
  0x5f, 0x81, 0x7e, 0x05, 0x46, 0xdf, 0x13, 0x45, 0x1d, 0x39, 0xd0, 0xb7, 0xf8, 0x80, 0xb7, 0x40, 
  0x36, 0x79, 0x9f, 0xde, 0x4c, 0xc9, 0xdc, 0x1e, 0x60, 0x48, 0x21, 0x90, 0x2c, 0x9f, 0xfb, 0xb8, 
  0x56, 0xec, 0x75, 0x5b, 0xdb, 0xa3, 0x76, 0x29, 0xf0, 0x84, 0x6e, 0x1a, 0xb6, 0x3e, 0x6a, 0xfc, 
  0xd0, 0xba, 0xd8, 0xc5, 0x34, 0x62, 0xdf, 0x97, 0x9c, 0xab, 0x92, 0x73, 0x35, 0x73, 0xda, 0xa3, 
  0xf5, 0x68, 0x91, 0x4d, 0xcc, 0xab, 0x25, 0x53, 0x97, 0x2e, 0x81, 0xec, 0xc5, 0x1d, 0x25, 0x4a, 
  0xe4, 0x15, 0x77, 0x9d, 0xe9, 0x34, 0x6c, 0x16, 0x5c, 0xc1, 0xd5, 0x83, 0xb4, 0x0d, 0xea, 0xe8, 
  0xc6, 0xe9, 0x79, 0x01, 0x9b, 0x55, 0x9b, 0x26, 0xe3, 0xee, 0xa9, 0xf3, 0xc7, 0xf6, 0xb3, 0x13, 
  0xe2, 0xca, 0xbd, 0xb9, 0xbe, 0xb9, 0x4f, 0xb3, 0x46, 0x31, 0xe2, 0xea, 0x1f, 0xb1, 0x74, 0xcc, 
  0x73, 0x71, 0x21, 0xd7, 0x71, 0xfc, 0xff, 0xf1, 0xbf, 0xff, 0x73, 0xc3, 0x57, 0xcd, 0x58, 0x2b, 
  0x01, 0x82, 0x6e, 0xdb, 0x45, 0x73, 0x62, 0xbb, 0x85, 0xda, 0x7b, 0x71, 0xcf, 0x16, 0x6d, 0x22, 
  0x11, 0xdc, 0xaf, 0x1f, 0x2d, 0xb2, 0x30, 0x00, 0xce, 0x24, 0xd1, 0x5b, 0x70, 0x26, 0xf5, 0xc3, 
  0x92, 0x10, 0xcd, 0x85, 0xab, 0x24, 0xfe, 0xd9, 0xbe, 0xf8, 0xce, 0x4d, 0x47, 0x28, 0x56, 0x1f, 
  0x4b, 0x6b, 0x45, 0x2c, 0x7a, 0x18, 0x13, 0x5c, 0x42, 0xa1, 0x2f, 0x59, 0x0b, 0xf8, 0x97, 0xd2, 
  0x60, 0xa7, 0x25, 0x49, 0x0d, 0x74, 0xdc, 0x79, 0x8c, 0x55, 0x8c, 0xd9, 0x3c, 0x88, 0xa9, 0xd9, 
  0xcb, 0xea, 0x24, 0xc5, 0x0c, 0x84, 0xc3, 0xc3, 0xa3, 0x84, 0xde, 0x1c, 0xc7, 0xbe, 0x40, 0x51, 
  0xa1, 0x0c, 0x77, 0xf1, 0xe6, 0x3d, 0x96, 0x36, 0x58, 0x95, 0x80, 0x4d, 0x91, 0x92, 0xf1, 0x07, 
  0x02, 0x99, 0x48, 0x9f, 0xa5, 0x86, 0x31, 0x5a, 0xb2, 0x66, 0x63, 0xfe, 0x78, 0xa2, 0x3a, 0x23, 
  0xdb, 0x8d, 0x5d, 0x29, 0x82, 0x82, 0x5c, 0xf4, 0x22, 0xc9, 0x51, 0x66, 0x19, 0x46, 0x11, 0x1d, 
  0x8c, 0x9a, 0x9f, 0x62, 0x13, 0x72, 0x37, 0xf1, 0xf7, 0x67, 0x77, 0xb4, 0x8e, 0x22, 0xac, 0x36, 
  0x97, 0x76, 0x20, 0xb5, 0xfd, 0x9e, 0xa4, 0x05, 0xdf, 0x2c, 0x2e, 0x0b, 0x1e, 0x2d, 0x3b, 0xe1, 
  0xf9, 0xb8, 0xcd, 0xb6, 0x9d, 0x30, 0xf1, 0xb9, 0x15, 0xd5, 0x38, 0x0e, 0x64, 0x25, 0x83, 0x49, 
  0x3b, 0x27, 0x7b, 0x13, 0xc3, 0x2b, 0xde, 0xe0, 0x81, 0x59, 0x12, 0x93, 0x11, 0x71, 0x91, 0x50, 
  0x1d, 0xfb, 0xbd, 0x87, 0x76, 0xcf, 0xbd, 0x89, 0x91, 0x99, 0x27, 0xac, 0x15, 0x42, 0xba, 0x30, 
  0xc1, 0x5a, 0x5a, 0x95, 0x44, 0x3b, 0xff, 0xec, 0x06, 0xe7, 0x53, 0xdd, 0xea, 0xee, 0xfd, 0x43, 
  0x21, 0xd2, 0xbf, 0x66, 0x5d, 0x9b, 0xab, 0x87, 0xf6, 0xe6, 0x28, 0x13, 0xef, 0x7d, 0x19, 0x65, 
  0x0a, 0xeb, 0xd5, 0xbb, 0xa2, 0x43, 0x67, 0x2d, 0x8a, 0x6e, 0xec, 0xfe, 0xe9, 0x94, 0x60, 0x65, 
  0x58, 0x54, 0x44, 0xdc, 0xa7, 0x6d, 0x9f, 0x2c, 0xeb, 0x6e, 0x5e, 0x64, 0x49, 0xee, 0xbe, 0xfd, 
  0xf5, 0xe6, 0xae, 0x48, 0x35, 0xc3, 0x34, 0xfc, 0xc2, 0xd0, 0xfa, 0x4d, 0x60, 0x4a, 0x65, 0xc5, 
  0x36, 0xd6, 0xad, 0x3d, 0x97, 0x47, 0x38, 0x1d, 0x20, 0xca, 0x4e, 0xc8, 0x53, 0x3d, 0x60, 0xc4, 
  0xc6, 0x8d, 0xf5, 0xc1, 0xf7, 0xe3, 0x0a, 0x61, 0x67, 0x5b, 0xa0, 0x42, 0x83, 0x72, 0x5b, 0x8b, 
  0x76, 0x5e, 0x58, 0x43, 0x5f, 0x2c, 0x52, 0xab, 0x08, 0x48, 0x68, 0x0a, 0x16, 0xad, 0x39, 0x97, 
  0xb2, 0x44, 0x12, 0xe9, 0x3e, 0x5d, 0x8d, 0x05, 0x41, 0xd3, 0xe8, 0x59, 0xf8, 0x44, 0x05, 0xc1, 
  0xa6, 0x1c, 0x1c, 0xbb, 0x13, 0xe6, 0x8a, 0x34, 0x16, 0xbc, 0x84, 0xcb, 0xc1, 0x4c, 0x4c, 0x58, 
  0x68, 0xa6, 0x30, 0x1b, 0x0d, 0xa5, 0xbe, 0x55, 0x1a, 0xdd, 0x01, 0xea, 0xb1, 0x35, 0x61, 0xc9, 
  0x4d, 0x03, 0x19, 0xf9, 0xf3, 0x88, 0xce, 0xa7, 0x53, 0x23, 0xbd, 0x11, 0xfe, 0xbe, 0xc8, 0x86, 
  0x71, 0xc6, 0x8c, 0x27, 0xa3, 0x06, 0x2e, 0x91, 0xd8, 0xa6, 0x1d, 0xc4, 0x51, 0x99, 0x3a, 0xdc, 
  0x3b, 0xd2, 0x78, 0xdf, 0x55, 0x89, 0xcf, 0x0e, 0x8a, 0xee, 0x5e, 0x32, 0x2d, 0x4f, 0x36, 0xbd, 
  0x5a, 0x89, 0x3f, 0x92, 0x55, 0xad, 0xc0, 0x34, 0xc6, 0x18, 0xb5, 0x97, 0x15, 0x38, 0xd0, 0x3a, 
  0xee, 0x9b, 0x94, 0x2c, 0x29, 0xfc, 0x42, 0x3a, 0xa1, 0x52, 0x0d, 0xda, 0x71, 0xdd, 0x28, 0x21, 
  0xcd, 0x1a, 0xd3, 0x06, 0xc0, 0xde, 0x44, 0x74, 0xcf, 0x7e, 0x4c, 0x77, 0x36, 0x2c, 0x5a, 0xe3, 
  0xda, 0xa8, 0xe5, 0x76, 0xed, 0x10, 0x28, 0x20, 0x4e, 0x6d, 0x83, 0x69, 0x55, 0x27, 0x1f, 0xdb, 
  0x30, 0xb2, 0x1b, 0xef, 0x14, 0x54, 0x6b, 0xeb, 0x3d, 0xaa, 0x7f, 0x96, 0xf5, 0x8b, 0x6d, 0x8b, 
  0x7f, 0xa2, 0xba, 0x9c, 0x2f, 0x3d, 0xe0, 0x2c, 0xc6, 0xb6, 0x59, 0x04, 0x99, 0x02, 0xd9, 0x87, 
  0x28, 0xb8, 0x80, 0xc5, 0x80, 0x51, 0xaa, 0xb8, 0xd2, 0x8c, 0xea, 0x10, 0x49, 0xb0, 0x96, 0xaa, 
  0xc0, 0x16, 0x3a, 0x84, 0x4b, 0x7a, 0x9c, 0x90, 0xa1, 0xe4, 0xb9, 0x18, 0x47, 0x45, 0x8b, 0x34, 
  0x1c, 0x5c, 0xdc, 0x90, 0xec, 0x99, 0xdf, 0x3c, 0x46, 0x05, 0xc0, 0xbe, 0xdd, 0x7a, 0x59, 0x02, 
  0x2d, 0xa1, 0x2c, 0x80, 0x53, 0x51, 0x91, 0x6f, 0xda, 0x71, 0x91, 0xe0, 0xe7, 0x48, 0x58, 0xa4, 
  0x00, 0x98, 0x50, 0x4c, 0x62, 0x84, 0x44, 0x57, 0xa7, 0xc4, 0x51, 0xaf, 0xc4, 0x13, 0x9c, 0xd4, 
  0x70, 0xa4, 0x58, 0x7e, 0x66, 0x34, 0xfb, 0x4b, 0x17, 0xa4, 0x99, 0xcf, 0x68, 0x63, 0xa9, 0xe7, 
  0x8b, 0x32, 0x0c, 0xdb, 0x52, 0xa3, 0x24, 0xca, 0xe8, 0xc3, 0xbe, 0xc6, 0xf4, 0xe0, 0x5f, 0xb4, 
  0xc2, 0xd4, 0x27, 0x4a, 0x61, 0x0a, 0x74, 0xfd, 0x14, 0x9e, 0xb2, 0x96, 0x98, 0x58, 0x45, 0xe9, 
  0x93, 0x0c, 0xa5, 0xf8, 0x01, 0x76, 0xc7, 0xff, 0x6a, 0xf7, 0xdd, 0xc1, 0x8f, 0x83, 0xa7, 0x3a, 
  0xb7, 0xdd, 0xfb, 0x80, 0x12, 0xe3, 0x3f, 0xe2, 0xac, 0x54, 0x52, 0xa4, 0x14, 0xca, 0xac, 0xdf, 
  0x5d, 0xdf, 0xbd, 0x72, 0x63, 0xf7, 0xc1, 0x1f, 0x83, 0xeb, 0x1e, 0x12, 0xc4, 0x24, 0x1d, 0x13, 
  0xb5, 0x12, 0xc0, 0x6e, 0x4b, 0xbf, 0x30, 0x2c, 0x98, 0xa4, 0x30, 0xac, 0x98, 0x61, 0x06, 0x25, 
  0x33, 0xca, 0x81, 0xdc, 0x41, 0xc0, 0x31, 0xf6, 0xbb, 0x14, 0x17, 0x3f, 0x43, 0x6d, 0xa4, 0x23, 
  0x83, 0xf2, 0xf7, 0xb2, 0xdb, 0x5d, 0xa6, 0xeb, 0x7c, 0x09, 0xc7, 0x29, 0xb5, 0x66, 0x2b, 0x9e, 
  0x1f, 0x6b, 0xdd, 0xd4, 0x97, 0x63, 0x77, 0x3e, 0x7b, 0x22, 0x9a, 0x6a, 0x30, 0x6d, 0xa8, 0x4b, 
  0x46, 0x95, 0x52, 0x20, 0x47, 0x38, 0xdb, 0x41, 0x3c, 0x8b, 0x03, 0xec, 0x3e, 0x96, 0x73, 0x38, 
  0x76, 0xa5, 0xac, 0x21, 0x48, 0x60, 0x42, 0xba, 0xb9, 0xbb, 0xb7, 0xf7, 0xef, 0xff, 0x09, 0x9d, 
  0x40, 0x5b, 0x53, 0x38, 0xcb, 0x06, 0xf2, 0x2e, 0xda, 0x0d, 0xdc, 0x63, 0xe7, 0x03, 0x5f, 0x5e, 
  0xd3, 0xe3, 0x93, 0xcb, 0x7e, 0x9b, 0xdf, 0x84, 0x7c, 0x7b, 0x08, 0x32, 0xd5, 0xfb, 0x01, 0xd6, 
  0x39, 0xa4, 0xf4, 0x1a, 0x67, 0x48, 0xec, 0xd1, 0x0c, 0x18, 0x61, 0x81, 0x43, 0x72, 0xe0, 0x88, 
  0x6e, 0x87, 0x58, 0x73, 0xb8, 0x00, 0x81, 0x61, 0x1d, 0x7d, 0x39, 0x57, 0x4d, 0x3b, 0xf8, 0xed, 
  0x48, 0x65, 0x5b, 0x89, 0xea, 0xd5, 0x94, 0x6d, 0xf9, 0x7c, 0x76, 0xfe, 0x50, 0xb7, 0xfb, 0x25, 
  0xc0, 0x6c, 0x99, 0xa0, 0x00, 0xf3, 0xee, 0xd1, 0xfa, 0xd4, 0x0b, 0x17, 0x03, 0x24, 0xc0, 0x0e, 
  0x52, 0x89, 0x8a, 0x08, 0x38, 0x3c, 0xd5, 0xc0, 0xec, 0xa6, 0x51, 0xc9, 0x11, 0x52, 0x01, 0xba, 
  0x9d, 0x6d, 0x34, 0x52, 0x74, 0x93, 0x94, 0x41, 0x09, 0xec, 0x5c, 0x60, 0x8a, 0xb9, 0xa2, 0xd4, 
  0x4b, 0xac, 0x26, 0x05, 0x79, 0x1c, 0xf2, 0xc5, 0xac, 0xde, 0x96, 0x42, 0x66, 0xb2, 0x18, 0x55, 
  0xe7, 0x2c, 0xd7, 0x3b, 0x9f, 0x4c, 0x3b, 0x99, 0x49, 0xad, 0x86, 0x68, 0x2e, 0xd3, 0xf2, 0xa9, 
  0x5c, 0x26, 0x32, 0xcc, 0x39, 0x94, 0xcf, 0xa9, 0x95, 0xe2, 0x02, 0x19, 0x68, 0x26, 0xf1, 0xf5, 
  0x8d, 0x43, 0x46, 0x9c, 0x8b, 0x38, 0xb3, 0x18, 0x02, 0xb3, 0x96, 0xf3, 0xba, 0x20, 0x6f, 0x61, 
  0x40, 0x87, 0x82, 0x1b, 0xba, 0x94, 0xf8, 0xe7, 0xda, 0x03, 0xcc, 0x39, 0xdf, 0xf9, 0xcf, 0xf8, 
  0x33, 0x90, 0x41, 0x06, 0x0c, 0xeb, 0x0a, 0x40, 0x0c, 0x7d, 0x3e, 0x74, 0xdd, 0xf8, 0x94, 0x24, 
  0x29, 0x05, 0x9d, 0xa1, 0x72, 0x4a, 0x23, 0x8d, 0x2c, 0x0b, 0x6c, 0x8f, 0x63, 0xcc, 0x8c, 0x2f, 
  0x55, 0x66, 0xa6, 0x28, 0x95, 0xee, 0xdb, 0x8e, 0x89, 0x96, 0x26, 0x98, 0x32, 0x83, 0xbd, 0x86, 
  0x7f, 0x8e, 0x49, 0x77, 0x1d, 0xe0, 0x24, 0x41, 0x35, 0x5b, 0xf7, 0x7f, 0x88, 0x93, 0x1c, 0xb2, 
  0xb6, 0x33, 0x72, 0x47, 0xda, 0x29, 0xd9, 0xf4, 0x4d, 0xf9, 0x86, 0xd0, 0x83, 0x3a, 0x92, 0xa0, 
  0x87, 0xaf, 0xfe, 0x7e, 0xac, 0x94, 0x08, 0x5a, 0x95, 0x10, 0xf2, 0x90, 0x29, 0x86, 0x89, 0xf6, 
  0xcd, 0xb2, 0x80, 0x3b, 0x8b, 0x38, 0x30, 0xb5, 0xc9, 0x57, 0x29, 0xd5, 0x1d, 0x9e, 0xb3, 0x29, 
  0x4d, 0x46, 0xd1, 0x25, 0x64, 0xc8, 0xb2, 0x15, 0x84, 0x95, 0xd7, 0x23, 0x1e, 0xed, 0x2a, 0xa9, 
  0x9c, 0xc0, 0x75, 0x3d, 0xe0, 0xfe, 0x7d, 0x0d, 0x8f, 0xab, 0x99, 0x5f, 0xd4, 0x31, 0x4e, 0x52, 
  0xc3, 0xbe, 0x67, 0x80, 0x2b, 0x4a, 0x90, 0xaf, 0x3b, 0x06, 0x8c, 0x52, 0x69, 0x92, 0x6c, 0x42, 
  0x0b, 0xd6, 0xb1, 0x8b, 0x42, 0x7b, 0x18, 0x25, 0xc2, 0x31, 0xb8, 0x60, 0xa6, 0xfa, 0x13, 0x57, 
  0x61, 0x63, 0x6f, 0xa7, 0x30, 0x76, 0x07, 0x2c, 0x40, 0x06, 0x56, 0xf5, 0xd9, 0x5b, 0x8c, 0xfe, 
  0x98, 0xae, 0xf1, 0xdb, 0x81, 0xa6, 0x9b, 0xed, 0xbc, 0x5e, 0x21, 0x20, 0x5b, 0x5f, 0xc7, 0x0e, 
  0xb0, 0x9b, 0xde, 0x1f, 0x03, 0x39, 0x0f, 0x13, 0x3a, 0xac, 0x3c, 0x58, 0x36, 0xb2, 0x7b, 0xc9, 
  0x66, 0x01, 0x41, 0xe5, 0xb1, 0x43, 0x66, 0x0a, 0xcd, 0xeb, 0x2e, 0xa9, 0x7a, 0xeb, 0x97, 0xeb, 
  0x76, 0x9a, 0x2f, 0xdf, 0xa8, 0x0c, 0x18, 0x26, 0x00, 0xfc, 0x0f, 0x4e, 0x03, 0x83, 0x4a, 0x89, 
  0x65, 0x56, 0x67, 0xe9, 0x18, 0xc6, 0x2b, 0x0e, 0x87, 0xaf, 0x35, 0xb3, 0xfe, 0xd8, 0xc5, 0x00, 
  0x4a, 0x4d, 0xfe, 0x77, 0xcf, 0x69, 0x39, 0x6c, 0xce, 0x0c, 0x9d, 0x29, 0x24, 0x86, 0x67, 0xe4, 
  0xe4, 0xb5, 0x92, 0xca, 0x99, 0x80, 0xdd, 0x8b, 0x2d, 0x30, 0x5f, 0x2e, 0xd4, 0x50, 0x8c, 0x8d, 
  0x8b, 0x2a, 0xf2, 0x68, 0x9a, 0x7e, 0x3e, 0x19, 0x89, 0x10, 0xd3, 0xff, 0x67, 0x23, 0xa1, 0x09, 
  0xb2, 0x16, 0x4c, 0x47, 0xcf, 0x3a, 0xa8, 0x71, 0x04, 0x54, 0x1e, 0x35, 0xc3, 0x0b, 0xb8, 0x3e, 
  0x52, 0xc0, 0xa3, 0x3e, 0x02, 0xcb, 0xe7, 0xdf, 0x69, 0x87, 0xbb, 0x44, 0x10, 0xc3, 0x66, 0x13, 
  0x36, 0x83, 0xe4, 0xce, 0x56, 0x3f, 0x3e, 0xc2, 0x92, 0x1d, 0x4f, 0x90, 0xfd, 0x73, 0xb9, 0x15, 
  0x9a, 0x21, 0x92, 0xc2, 0x69, 0x7f, 0xe8, 0x92, 0x63, 0xf0, 0x2c, 0x2c, 0x7b, 0x21, 0x35, 0x48, 
  0x90, 0x92, 0xa1, 0x4c, 0x62, 0x35, 0xca, 0xf4, 0x27, 0x7f, 0xc2, 0xc2, 0xea, 0x7e, 0xdc, 0xca, 
  0x5c, 0x28, 0x13, 0xc3, 0x38, 0xc6, 0x01, 0xb0, 0x83, 0x2f, 0xbb, 0xd3, 0x88, 0x9c, 0xf9, 0xeb, 
  0x62, 0xa9, 0x86, 0x1c, 0x11, 0xc0, 0xb3, 0x08, 0xd9, 0xec, 0xd8, 0x4a, 0x23, 0x41, 0x9c, 0x8d, 
  0xdf, 0xd6, 0xcf, 0xab, 0xb2, 0x13, 0x55, 0xdc, 0xbf, 0x2b, 0x79, 0x68, 0xc3, 0x57, 0x0a, 0x7e, 
  0xea, 0x0e, 0xbe, 0x4a, 0xc6, 0x34, 0x94, 0xff, 0x6b, 0x8c, 0xba, 0x9f, 0x52, 0x34, 0x72, 0xc5, 
  0x80, 0x20, 0x54, 0x65, 0x48, 0xb2, 0xb8, 0xee, 0xbe, 0xbb, 0x71, 0xa4, 0x15, 0xe9, 0x58, 0xec, 
  0x2a, 0x25, 0xa9, 0xab, 0xb4, 0xa1, 0x3b, 0x29, 0xed, 0xb4, 0x9c, 0x82, 0x9b, 0xe2, 0x5f, 0x84, 
  0xdd, 0x3a, 0x7b, 0xc1, 0xf1, 0x42, 0x4c, 0x6c, 0xe9, 0x99, 0x92, 0x39, 0xf5, 0x63, 0x12, 0x93, 
  0x20, 0x7c, 0x50, 0xf3, 0xd0, 0x48, 0x07, 0x81, 0xcd, 0x93, 0x12, 0x26, 0x68, 0x1f, 0xfe, 0x93, 
  0xd3, 0x1d, 0xc6, 0x6d, 0x0b, 0xad, 0x8c, 0xf2, 0xed, 0x63, 0x19, 0x6a, 0x91, 0x0a, 0x64, 0x84, 
  0x35, 0x46, 0x76, 0x89, 0x44, 0xbd, 0x3e, 0x73, 0xd5, 0x65, 0x9f, 0x82, 0x25, 0x5a, 0x10, 0x06, 
  0x52, 0x95, 0x69, 0x18, 0x06, 0xc6, 0xf1, 0x48, 0x89, 0xff, 0x8d, 0x2a, 0xd6, 0x60, 0x2e, 0x2a, 
  0x26, 0x49, 0x8b, 0x15, 0x66, 0xf8, 0x72, 0x39, 0x33, 0xae, 0xd5, 0xcc, 0x4a, 0x88, 0x8c, 0x8e, 
  0x9b, 0xae, 0xa8, 0x87, 0x62, 0xa3, 0xd1, 0x97, 0xc9, 0xf2, 0x2a, 0x7a, 0x09, 0xe8, 0x70, 0xbd, 
  0x83, 0x9a, 0x1b, 0x23, 0x82, 0xa6, 0xa4, 0x7c, 0xf5, 0xc0, 0xfd, 0x45, 0x39, 0xb3, 0x3d, 0xae, 
  0x6d, 0xe4, 0xbc, 0x49, 0xf3, 0x2a, 0x35, 0x55, 0xaa, 0x51, 0x4a, 0xae, 0xd5, 0xd5, 0xee, 0x47, 
  0xe9, 0xb8, 0xa0, 0xa6, 0x80, 0x5e, 0x73, 0xc6, 0x82, 0xed, 0xe7, 0x7e, 0x4b, 0xe7, 0x0a, 0x41, 
  0xa7, 0x44, 0xf8, 0x7d, 0x7d, 0x35, 0x88, 0xbf, 0x98, 0x83, 0xd7, 0x05, 0xc7, 0x65, 0xba, 0x2c, 
  0x78, 0x7d, 0x95, 0x2e, 0x4d, 0x04, 0x5d, 0x7a, 0xbc, 0x76, 0x2c, 0xf5, 0x1d, 0xfe, 0x52, 0xac, 
  0x9a, 0xe1, 0x44, 0x94, 0xc7, 0x2c, 0x22, 0xf6, 0xc1, 0x1f, 0x1e, 0xd2, 0xac, 0x32, 0x80, 0xca, 
  0xdb, 0xd1, 0xd3, 0x20, 0x3e, 0xa3, 0x56, 0xee, 0x23, 0x89, 0xd6, 0x73, 0x91, 0xdc, 0xc5, 0xf5, 
  0x0b, 0x43, 0x46, 0x46, 0xc9, 0x74, 0x0b, 0xf1, 0xc3, 0x6c, 0x90, 0x29, 0x8e, 0xcd, 0x0a, 0x27, 
  0xec, 0x07, 0x5f, 0x8f, 0x05, 0xbe, 0xf8, 0xd7, 0x4c, 0x73, 0xa2, 0xb9, 0x0b, 0xda, 0xe0, 0x76, 
  0x9a, 0x40, 0x49, 0x53, 0xf3, 0x84, 0x22, 0x5e, 0xf0, 0xa5, 0x50, 0x5b, 0xe1, 0x3c, 0xd2, 0xc0, 
  0x59, 0x2a, 0xfe, 0xa8, 0xb5, 0x65, 0x69, 0xfc, 0x59, 0xf6, 0xc2, 0xf2, 0xf4, 0xde, 0x0f, 0x55, 
  0x1d, 0xe8, 0x6f, 0x7e, 0x2e, 0x2f, 0xf8, 0x4e, 0xfc, 0x93, 0x32, 0x86, 0xe9, 0x88, 0xee, 0x48, 
  0x6b, 0x69, 0x73, 0xa2, 0x68, 0x51, 0x87, 0xf0, 0x36, 0x73, 0xa9, 0x67, 0x31, 0x38, 0xed, 0xd1, 
  0x68, 0xaf, 0x18, 0x24, 0xb5, 0x3b, 0x02, 0x0b, 0x66, 0x86, 0xbf, 0xb7, 0x8c, 0xb2, 0x55, 0x21, 
  0xa9, 0xcb, 0x97, 0xec, 0x14, 0x37, 0xfe, 0xd0, 0x8d, 0x49, 0xe9, 0x6f, 0x3b, 0x89, 0xd7, 0xd3, 
  0x40, 0xd3, 0x46, 0x66, 0xba, 0xcc, 0xd4, 0xac, 0x30, 0x33, 0x6e, 0x39, 0xef, 0xe5, 0xb9, 0x42, 
  0x78, 0x99, 0x94, 0x06, 0xe0, 0x4a, 0x5f, 0xc0, 0xa0, 0x3d, 0xf8, 0xc5, 0xd0, 0x83, 0x5f, 0x3c, 
  0x98, 0x9e, 0x33, 0xe7, 0x7d, 0x0c, 0x67, 0x3a, 0x5d, 0x0e, 0x92, 0xe2, 0xf4, 0x56, 0xc1, 0xf9, 
  0xc5, 0x3b, 0xbf, 0x75, 0xd3, 0xdb, 0x42, 0x0d, 0x82, 0x9c, 0xc2, 0x20, 0x94, 0x3c, 0x1b, 0x36, 
  0x54, 0xea, 0x09, 0xf0, 0xf0, 0x27, 0x52, 0xe1, 0xf3, 0xfb, 0xdd, 0xab, 0xbb, 0x4c, 0x6d, 0x1b, 
  0xd3, 0x8a, 0x63, 0xdf, 0x88, 0x9a, 0xc6, 0xd7, 0x46, 0x76, 0x49, 0x16, 0xac, 0x65, 0xc5, 0xd4, 
  0xa8, 0x1b, 0x97, 0x71, 0x63, 0xf7, 0x43, 0xdb, 0x09, 0x7a, 0x7b, 0xa7, 0x60, 0x66, 0xe1, 0xdc, 
  0xdc, 0xea, 0x80, 0xbf, 0xb6, 0xb0, 0x98, 0xc9, 0xdf, 0xc0, 0x3c, 0x0d, 0x44, 0xd6, 0xf2, 0x2a, 
  0xd5, 0xe1, 0x75, 0x82, 0x5a, 0xa3, 0x0c, 0x86, 0x40, 0x83, 0xfb, 0x2b, 0x8b, 0xfd, 0x17, 0x03, 
  0xc5, 0x10, 0x4b, 0x0d, 0x6d, 0x11, 0x43, 0xaa, 0x13, 0x13, 0x24, 0x80, 0xb6, 0xe2, 0x2e, 0xc6, 
  0x0b, 0xbe, 0x8d, 0xae, 0xa5, 0x90, 0xf6, 0x67, 0x91, 0x06, 0xdf, 0xcb, 0x59, 0xa6, 0x01, 0x65, 
  0x99, 0xa6, 0x6d, 0x96, 0x29, 0x38, 0x01, 0x54, 0xe9, 0x47, 0x81, 0x36, 0xae, 0xb1, 0xa6, 0x82, 
  0xa6, 0x50, 0x9a, 0x7d, 0x91, 0x5c, 0x02, 0xb9, 0x24, 0xeb, 0x9b, 0x6f, 0x4c, 0xff, 0x70, 0x2d, 
  0x82, 0x23, 0x41, 0x9b, 0x11, 0x79, 0xc2, 0x3c, 0x56, 0x37, 0x88, 0xce, 0x5b, 0x71, 0xef, 0xa1, 
  0xac, 0xe2, 0xf1, 0x89, 0x4a, 0x10, 0x73, 0x8c, 0x19, 0x4f, 0xa0, 0x0d, 0x2d, 0xfb, 0x98, 0xf5, 
  0x09, 0xaf, 0x58, 0xf7, 0xe0, 0xb5, 0x03, 0xa4, 0xc6, 0x59, 0x62, 0x35, 0x37, 0xee, 0x97, 0x0e, 
  0xa4, 0x81, 0x38, 0xb1, 0xb4, 0x0f, 0x16, 0x00, 0x9e, 0x7e, 0x00, 0x86, 0x1a, 0x12, 0x6a, 0x37, 
  0xe0, 0xb6, 0x88, 0x24, 0xa4, 0xc2, 0x5e, 0x63, 0xae, 0x76, 0x77, 0x52, 0xa2, 0x39, 0xf1, 0xca, 
  0xf0, 0xcb, 0xd7, 0xbb, 0x4c, 0x8c, 0xf4, 0x6f, 0x8c, 0xad, 0x1d, 0x42, 0x59, 0x87, 0x7c, 0xd4, 
  0xd3, 0x91, 0x1e, 0x9e, 0xda, 0xfe, 0x87, 0x93, 0x22, 0x0d, 0xe7, 0xcb, 0x84, 0xfa, 0x16, 0x8e, 
  0xc3, 0xd9, 0xb5, 0x8f, 0x44, 0xb8, 0x86, 0xc4, 0x52, 0xf8, 0xb9, 0xa5, 0x6f, 0x86, 0x38, 0x2a, 
  0xdd, 0x31, 0xd9, 0x94, 0xbb, 0x6a, 0xec, 0x96, 0xf7, 0x08, 0xfa, 0xda, 0x15, 0x05, 0xc7, 0x54, 
  0xec, 0x52, 0xa5, 0x2e, 0xe1, 0x80, 0x2b, 0xbb, 0x98, 0x45, 0x9c, 0x0a, 0x70, 0x60, 0x61, 0x7a, 
  0x8d, 0x76, 0xde, 0x55, 0xc8, 0xb8, 0x3a, 0xdd, 0xc1, 0x54, 0xd0, 0x78, 0x61, 0x1f, 0xfb, 0x23, 
  0x63, 0x4c, 0x0e, 0x6a, 0xab, 0xa4, 0xcf, 0xcb, 0xd8, 0xd9, 0x75, 0xab, 0x28, 0xf1, 0xd6, 0x09, 
  0xe0, 0x8f, 0xff, 0x18, 0xd7, 0x87, 0xa9, 0x20, 0x66, 0x29, 0x84, 0xdb, 0x7a, 0x4b, 0xd1, 0x42, 
  0x88, 0xc5, 0x62, 0x88, 0x71, 0x97, 0x1b, 0xf2, 0x7e, 0x7d, 0x8f, 0xcf, 0x50, 0xfc, 0xbe, 0x0b, 
  0x23, 0x6b, 0xc7, 0xbf, 0xbb, 0xe8, 0x3e, 0xb8, 0xef, 0x60, 0x7f, 0x1c, 0xb1, 0x40, 0xa5, 0x24, 
  0xc2, 0xfa, 0x55, 0xa8, 0x70, 0x80, 0x51, 0x11, 0x4e, 0x84, 0xcc, 0x91, 0xf0, 0x91, 0x34, 0xb7, 
  0x6a, 0xc1, 0xa6, 0x1b, 0x68, 0x16, 0x4a, 0x37, 0xe6, 0x9b, 0x74, 0x51, 0xd6, 0x7d, 0x9b, 0x9c, 
  0x62, 0xfe, 0x18, 0x5a, 0x69, 0xb6, 0x10, 0xff, 0x22, 0x88, 0x3e, 0x5a, 0x2d, 0x0f, 0x21, 0xba, 
  0xb3, 0x29, 0xb8, 0x74, 0x1e, 0xc8, 0xda, 0x35, 0x27, 0x1a, 0xca, 0x95, 0x67, 0x67, 0x76, 0xe9, 
  0x57, 0x74, 0x91, 0x62, 0x6a, 0xe5, 0x05, 0xfd, 0xfb, 0x2b, 0xea, 0x5d, 0x5a, 0x09, 0x28, 0x2c, 
  0x0a, 0xd1, 0xb4, 0xd7, 0x71, 0x24, 0x50, 0xb4, 0xc1, 0x3f, 0x4e, 0xa7, 0x6e, 0x8b, 0xe8, 0x6d, 
  0xb7, 0x9d, 0x70, 0xb9, 0xd4, 0xe6, 0x73, 0xd5, 0x77, 0x55, 0xf9, 0x2d, 0x04, 0x55, 0x45, 0xad, 
  0xca, 0x2f, 0xed, 0xf8, 0xeb, 0xf4, 0x90, 0x53, 0x41, 0x4f, 0xa8, 0x7a, 0xce, 0xa7, 0x82, 0x6a, 
  0xac, 0x4d, 0xae, 0xa2, 0x9f, 0xb2, 0xb1, 0xc5, 0x3a, 0x89, 0xf3, 0x85, 0x11, 0x3e, 0x10, 0x4d, 
  0x9b, 0x22, 0x27, 0x03, 0x1e, 0x8b, 0x6f, 0x08, 0x3f, 0x7e, 0x6a, 0x77, 0xa3, 0x8b, 0xbd, 0x44, 
  0xee, 0xeb, 0x63, 0x33, 0xf8, 0x4f, 0x2e, 0xaa, 0x51, 0x3f, 0xb4, 0x70, 0xba, 0x29, 0xbc, 0x2c, 
  0xfe, 0xb2, 0xa1, 0xac, 0x66, 0xa2, 0x39, 0x64, 0x38, 0xd0, 0x74, 0x11, 0x00, 0x77, 0x57, 0xc9, 
  0x48, 0xfb, 0x53, 0x0c, 0x3b, 0x84, 0x4b, 0x7a, 0x9e, 0xf5, 0xd7, 0x31, 0x3c, 0x7f, 0x17, 0xe7, 
  0x3e, 0x8d, 0x91, 0x36, 0x6e, 0x1a, 0x9b, 0x09, 0x78, 0x11, 0xe4, 0x0b, 0x85, 0xe0, 0xb5, 0x14, 
  0xb8, 0xc2, 0xd4, 0x03, 0x3d, 0x8b, 0xf9, 0x2e, 0xd3, 0xa8, 0x0e, 0x9e, 0x93, 0xd3, 0x31, 0xfb, 
  0xaf, 0xed, 0x3b, 0xa8, 0x9f, 0x87, 0xf6, 0xf1, 0x11, 0x47, 0xa0, 0xe4, 0x17, 0x13, 0x9d, 0xca, 
  0xfc, 0x26, 0x50, 0x94, 0x95, 0x2d, 0x05, 0x89, 0x32, 0xb5, 0x4a, 0x58, 0x24, 0x86, 0x30, 0xe4, 
  0x6e, 0xc4, 0xa0, 0x67, 0x6b, 0x55, 0xb8, 0xa7, 0xc8, 0xcd, 0xd5, 0x95, 0x24, 0x8c, 0x78, 0x19, 
  0xc7, 0xa8, 0x97, 0xd6, 0xfe, 0x57, 0x0a, 0xaf, 0x3c, 0x5e, 0xf9, 0x01, 0x3e, 0xee, 0x96, 0x05, 
  0xc7, 0x59, 0xe6, 0xa4, 0x3a, 0x4d, 0x5a, 0xd3, 0x32, 0x77, 0xd2, 0xf8, 0xed, 0xbd, 0x80, 0xd6, 
  0x08, 0x9c, 0x70, 0x05, 0x89, 0x7d, 0x8f, 0x3f, 0xc8, 0x5b, 0xdd, 0x28, 0xbf, 0x57, 0x9e, 0x3a, 
  0xad, 0xe0, 0xe1, 0x08, 0x80, 0xb2, 0x14, 0x56, 0x8a, 0x92, 0x56, 0x4e, 0xf0, 0x72, 0x56, 0xaf, 
  0xd2, 0xb6, 0xbe, 0x9b, 0x5d, 0xd7, 0x65, 0x79, 0x91, 0xd1, 0x65, 0x6d, 0x53, 0x49, 0x4a, 0xdd, 
  0x5d, 0x95, 0xee, 0x48, 0x1c, 0xdb, 0xd0, 0x81, 0x20, 0x73, 0xe1, 0x12, 0xbc, 0x4c, 0x64, 0x8b, 
  0x61, 0xf0, 0x31, 0xdd, 0xa9, 0xff, 0x3e, 0x76, 0x4a, 0xe9, 0x3a, 0x2f, 0x4f, 0x17, 0xdd, 0x70, 
  0xbb, 0x4e, 0x1f, 0x21, 0xd8, 0xb8, 0x9f, 0x12, 0x0e, 0x20, 0x24, 0xf5, 0x10, 0x2e, 0xd4, 0xfc, 
  0x49, 0xad, 0xfc, 0x81, 0x82, 0x71, 0x98, 0xc2, 0xe8, 0x9b, 0xa8, 0xaf, 0xf1, 0x5b, 0xbc, 0x01, 
  0x41, 0x7c, 0xca, 0x1f, 0x7d, 0xd2, 0xa5, 0xde, 0x52, 0xc5, 0x54, 0x56, 0xd1, 0x8e, 0x68, 0x2b, 
  0x5e, 0x54, 0xe6, 0xa1, 0x84, 0x99, 0x8f, 0x6f, 0xd8, 0x50, 0x1e, 0x5b, 0xaf, 0x11, 0xff, 0x96, 
  0xe4, 0x15, 0x8e, 0x0b, 0x3c, 0xb7, 0xf3, 0x84, 0x29, 0x59, 0x22, 0xc3, 0x64, 0x7d, 0xf4, 0xf5, 
  0x1e, 0x8b, 0xe1, 0xb2, 0x49, 0x5e, 0x4f, 0x38, 0x90, 0x2c, 0x75, 0xea, 0x43, 0xe3, 0xe1, 0xa4, 
  0x87, 0xbe, 0x1f, 0x6a, 0xa9, 0xc0, 0xed, 0xcc, 0x91, 0x63, 0xda, 0x02, 0xc3, 0x6b, 0xb6, 0x0e, 
  0x38, 0xe1, 0xa3, 0x4f, 0x35, 0x81, 0xb7, 0xd0, 0x78, 0x08, 0x11, 0x2a, 0xd4, 0xc4, 0x26, 0xb7, 
  0xc6, 0x5a, 0x87, 0xae, 0xad, 0x5d, 0xc3, 0xec, 0x9d, 0x58, 0x32, 0x4d, 0x9d, 0xf2, 0x94, 0xce, 
  0xbe, 0xd4, 0x96, 0xfd, 0xb3, 0x80, 0x2d, 0xb3, 0x7b, 0x43, 0x40, 0x9d, 0xf5, 0x3e, 0x37, 0x2a, 
  0xe4, 0x46, 0x86, 0xfa, 0x50, 0xba, 0x45, 0xd3, 0x16, 0x4c, 0x99, 0x2f, 0xc8, 0xba, 0x4a, 0x83, 
  0x27, 0x09, 0x25, 0xd7, 0xc6, 0xee, 0x17, 0x3c, 0x7c, 0x67, 0xb3, 0xa7, 0xcb, 0x59, 0x68, 0xad, 
  0x1f, 0xda, 0x38, 0x64, 0xb1, 0x31, 0x66, 0x34, 0x4c, 0x8a, 0xb7, 0xee, 0x21, 0x99, 0x12, 0x86, 
  0xfa, 0xd1, 0x4e, 0x7e, 0x27, 0x72, 0xe6, 0x9b, 0xa2, 0xfc, 0xf3, 0x38, 0xd4, 0xf8, 0xc8, 0x51, 
  0xef, 0x9a, 0xb6, 0x7e, 0x3c, 0x76, 0x61, 0x6c, 0xb7, 0xf2, 0x13, 0x77, 0xf1, 0xf1, 0x8a, 0x4f, 
  0x5b, 0xfe, 0xbf, 0xfc, 0x11, 0xa4, 0x78, 0xd5, 0x7d, 0xf4, 0x5c, 0x26, 0x43, 0xdd, 0xb7, 0xe8, 
  0x00, 0xee, 0x41, 0x09, 0x93, 0x7c, 0xb4, 0xa7, 0x17, 0xb2, 0x28, 0x58, 0xf0, 0x0a, 0x61, 0x37, 
  0x90, 0x70, 0xef, 0x19, 0xa3, 0x94, 0x05, 0x3e, 0xfe, 0x11, 0x4f, 0x79, 0x43, 0x56, 0x71, 0x58, 
  0x1c, 0xa7, 0xc3, 0x03, 0x1d, 0x34, 0x6f, 0xf1, 0x5f, 0x54, 0x52, 0xdc, 0x4e, 0x05, 0xf5, 0x6f, 
  0x9d, 0xa8, 0x85, 0x0d, 0x59, 0x7d, 0x61, 0x49, 0x74, 0x6c, 0x35, 0xf3, 0x4d, 0x4f, 0x39, 0x16, 
  0x8e, 0xdb, 0x6a, 0x5b, 0x18, 0x07, 0x5f, 0x1f, 0x9c, 0xb1, 0x54, 0x0a, 0x3f, 0x54, 0x40, 0x0d, 
  0xe8, 0x24, 0xe8, 0x41, 0x37, 0x8d, 0xfd, 0xc4, 0x77, 0xd4, 0xd2, 0x53, 0xf9, 0x26, 0xb5, 0xd6, 
  0x15, 0xd4, 0x0d, 0x9b, 0xde, 0x3f, 0x83, 0x8b, 0x3f, 0xc6, 0x5a, 0xc9, 0x6e, 0x08, 0x44, 0x4a, 
  0x31, 0x3f, 0x18, 0x8e, 0x22, 0xb6, 0xe0, 0x19, 0x42, 0x31, 0x0a, 0x5d, 0x54, 0x80, 0xd4, 0x0e, 
  0x5f, 0xaa, 0x72, 0xe1, 0x58, 0xf7, 0xb1, 0x89, 0x40, 0xd2, 0x69, 0x83, 0xf0, 0x73, 0x1f, 0xee, 
  0x22, 0x21, 0x18, 0xbe, 0x95, 0x2c, 0x1f, 0xff, 0x21, 0x15, 0x4f, 0xfb, 0xa8, 0xfe, 0xde, 0xee, 
  0xeb, 0xf6, 0x80, 0x91, 0x78, 0xa1, 0xaf, 0x03, 0x62, 0x06, 0xf4, 0x65, 0x55, 0x97, 0x3f, 0xfd, 
  0xc0, 0x6f, 0x0c, 0xc8, 0xf0, 0xa5, 0x2f, 0x66, 0x34, 0x35, 0x06, 0x65, 0x73, 0xd2, 0x2e, 0x99, 
  0x8e, 0x8a, 0x96, 0x35, 0x5f, 0xed, 0x83, 0x20, 0xb2, 0x69, 0xbf, 0xff, 0xb5, 0x6b, 0xf7, 0xfe, 
  0x0b, 0x8a, 0x43, 0x8b, 0xd3, 0x33, 0xe6, 0xe5, 0xbe, 0x0e, 0x4f, 0x71, 0x65, 0x8a, 0x02, 0x41, 
  0x0b, 0x94, 0x2a, 0xb4, 0x7f, 0xce, 0x6c, 0x44, 0x28, 0xbb, 0x01, 0x14, 0x3b, 0x8c, 0xad, 0x8c, 
  0x2f, 0x84, 0xe8, 0x6f, 0xb3, 0x40, 0x84, 0xc2, 0xcd, 0x17, 0xf6, 0xa5, 0x45, 0x50, 0x5b, 0x53, 
  0x6d, 0x93, 0xef, 0xd0, 0xa1, 0xdd, 0x0e, 0xdd, 0xfd, 0xad, 0x63, 0x94, 0x8c, 0x68, 0x3d, 0x9c, 
  0x1d, 0x21, 0x10, 0x21, 0x35, 0x79, 0x30, 0x1a, 0xfc, 0xea, 0x25, 0xa3, 0x6e, 0x95, 0x5b, 0xe9, 
  0x6c, 0x0f, 0x0e, 0x75, 0xf0, 0x21, 0x4d, 0x0a, 0x4f, 0x6b, 0x1d, 0x1e, 0xcc, 0xf0, 0x2d, 0x42, 
  0x47, 0xb7, 0xb5, 0x9b, 0x23, 0x99, 0xa8, 0xbd, 0xd5, 0x9c, 0x3c, 0xbd, 0x1c, 0x56, 0x8f, 0x7c, 
  0x2b, 0x4c, 0xa1, 0x15, 0x31, 0x3f, 0xf8, 0x9c, 0x88, 0x1d, 0x4e, 0xf1, 0x64, 0x9f, 0x50, 0x48, 
  0x07, 0xac, 0xc8, 0x1e, 0x07, 0x15, 0xab, 0xf8, 0xa1, 0x3c, 0x4e, 0xf5, 0x98, 0xd1, 0x97, 0x6e, 
  0x50, 0x38, 0x2a, 0xe1, 0xb1, 0x6a, 0x9f, 0x57, 0xe0, 0x50, 0xbb, 0x83, 0xaf, 0x8f, 0xf4, 0x41, 
  0xdb, 0x94, 0x9d, 0x2a, 0x7c, 0x80, 0x18, 0x5f, 0xf7, 0x9a, 0xeb, 0x6d, 0x38, 0x9c, 0x8e, 0x12, 
  0xda, 0x50, 0x8e, 0xd4, 0x8f, 0x67, 0x33, 0x3d, 0x74, 0xcd, 0xb3, 0x00, 0xfc, 0x9c, 0xb8, 0x72, 
  0xa8, 0xb8, 0xfa, 0x3c, 0x06, 0xb3, 0xf9, 0x56, 0x5f, 0xa5, 0x41, 0x17, 0xc0, 0xd6, 0x70, 0x3d, 
  0x11, 0x8e, 0xa9, 0x95, 0xaf, 0x4f, 0x3b, 0x6d, 0x5c, 0x56, 0xc8, 0x9e, 0x5c, 0x2c, 0xba, 0x16, 
  0x59, 0x2a, 0xee, 0xd6, 0x3a, 0x6e, 0x6b, 0xad, 0xeb, 0x75, 0xc3, 0xe0, 0x9d, 0x65, 0x7d, 0x39, 
  0x9b, 0xe0, 0xd8, 0x2d, 0x24, 0x08, 0xe3, 0xd3, 0x95, 0x4b, 0x11, 0x9d, 0x4e, 0x2f, 0x2d, 0x62, 
  0x7d, 0xc3, 0x71, 0xb4, 0xce, 0xc5, 0x55, 0xa1, 0x13, 0x4d, 0x41, 0xe4, 0x28, 0x56, 0x47, 0xca, 
  0xa7, 0x5d, 0x71, 0x8f, 0x3f, 0xda, 0xdf, 0xa9, 0xff, 0xce, 0x9e, 0x5b, 0x9e, 0xb3, 0x30, 0x78, 
  0xf0, 0x0e, 0x3c, 0xf2, 0x63, 0xfc, 0xe4, 0xec, 0xd7, 0xcb, 0x03, 0x15, 0xe1, 0x2f, 0xc5, 0x62, 
  0xdf, 0x06, 0xe4, 0xd5, 0x47, 0x86, 0x1d, 0xa2, 0x25, 0x2b, 0x9c, 0xf0, 0x42, 0x66, 0x72, 0x01, 
  0x81, 0x89, 0x86, 0x7d, 0x71, 0x29, 0x2a, 0x5e, 0x1f, 0x86, 0xfa, 0x30, 0xf3, 0xee, 0xee, 0xdf, 
  0x5d, 0xff, 0x66, 0xd0, 0x79, 0x69, 0x70, 0xa4, 0xc6, 0xd0, 0xe7, 0x70, 0x4e, 0xb8, 0xbc, 0xe0, 
  0xa9, 0x2b, 0x4e, 0xa6, 0x56, 0x5a, 0x8a, 0x93, 0x0b, 0x0a, 0x31, 0x95, 0xdd, 0x6e, 0xd4, 0xd3, 
  0xca, 0x7f, 0x4e, 0x0b, 0x1a, 0x7b, 0x50, 0x41, 0x00, 0x95, 0x57, 0x38, 0xd8, 0xef, 0x68, 0xca, 
  0xed, 0x75, 0x60, 0xc4, 0x6d, 0x50, 0x7d, 0x6a, 0xe8, 0x43, 0x8b, 0x0d, 0x31, 0x4c, 0xfd, 0xe8, 
  0x3e, 0x41, 0x66, 0x69, 0x78, 0x0c, 0x8c, 0x75, 0xf8, 0x20, 0xfe, 0xfb, 0x18, 0x2c, 0x59, 0x89, 
  0xfa, 0xc7, 0x4c, 0x68, 0xb0, 0xd7, 0xf0, 0xc4, 0xc6, 0xa9, 0x18, 0xff, 0x2e, 0x19, 0x89, 0x59, 
  0x3e, 0xa0, 0x79, 0x10, 0x60, 0x8e, 0x49, 0xbf, 0xfb, 0x93, 0x82, 0x5c, 0x03, 0x6d, 0x87, 0x6e, 
  0xdc, 0xbe, 0x7a, 0xcb, 0xb9, 0x7c, 0xc0, 0x54, 0xde, 0xff, 0xe4, 0xb2, 0xc1, 0xf5, 0xbf, 0x13, 
  0xd4, 0xeb, 0x5f, 0xef, 0xaf, 0x7f, 0x31, 0x9a, 0xdf, 0x25, 0xfb, 0x80, 0x7f, 0x19, 0xff, 0x1d, 
  0x3f, 0x5d, 0x87, 0x4e, 0x7e, 0x1a, 0xaa, 0xc7, 0x3d, 0x5c, 0x32, 0xf2, 0x30, 0x39, 0x46, 0x39, 
  0x15, 0xfd, 0xc4, 0xa7, 0xd2, 0xc4, 0x29, 0xbf, 0xfb, 0xdd, 0x29, 0x72, 0xee, 0x65, 0x8f, 0x47, 
  0xc3, 0x80, 0x19, 0x2c, 0x81, 0xed, 0x20, 0x70, 0xd2, 0x5d, 0x33, 0x1d, 0x90, 0xcf, 0x50, 0xd1, 
  0x26, 0x76, 0x06, 0x9e, 0xee, 0xf5, 0x9c, 0x6a, 0xd6, 0x00, 0xed, 0x31, 0xbd, 0x2c, 0x74, 0xe3, 
  0xec, 0xba, 0x20, 0x18, 0xc6, 0xd5, 0x71, 0x96, 0x9e, 0x83, 0xbe, 0x7a, 0xe5, 0x43, 0x7f, 0x89, 
  0xec, 0xc8, 0xbd, 0xb1, 0x2f, 0x8a, 0xd8, 0xc4, 0x29, 0x9a, 0xe9, 0x95, 0xda, 0x9e, 0xdb, 0x67, 
  0xdf, 0x4d, 0xd5, 0xb4, 0xc9, 0xab, 0x84, 0xdb, 0x08, 0x71, 0x8c, 0xd1, 0x36, 0x59, 0xeb, 0x1f, 
  0xe3, 0xa2, 0xcc, 0x4e, 0x1e, 0xf3, 0x86, 0xba, 0x45, 0xa3, 0x19, 0xe6, 0xb2, 0xf0, 0x8f, 0x7a, 
  0x95, 0xbe, 0xb2, 0x70, 0x41, 0x8f, 0x06, 0x36, 0xde, 0xe7, 0xf4, 0x25, 0x9a, 0x0e, 0xc2, 0x9a, 
  0x94, 0x29, 0xa4, 0x5e, 0x81, 0x6e, 0x04, 0xbb, 0xb9, 0xb4, 0x94, 0x52, 0xf4, 0x72, 0x35, 0x24, 
  0xb3, 0xc1, 0xef, 0x5b, 0xc8, 0x0c, 0xfa, 0xfe, 0x04, 0xbe, 0xed, 0x29, 0x9f, 0x68, 0x85, 0xa9, 
  0xd2, 0x9d, 0x8e, 0xf0, 0x70, 0x14, 0xaa, 0x2e, 0xa9, 0x09, 0xf0, 0x11, 0xc3, 0x0e, 0x6b, 0x75, 
  0xff, 0xc1, 0x94, 0x55, 0x01, 0xe6, 0x48, 0x8a, 0xd0, 0xc7, 0xce, 0x59, 0x71, 0xb0, 0x2b, 0xc7, 
  0xe4, 0x3d, 0xe4, 0xe5, 0xa6, 0x98, 0x01, 0x34, 0xc8, 0x66, 0x0b, 0x77, 0x03, 0x8c, 0x8f, 0x40, 
  0x64, 0xb4, 0xe3, 0xf9, 0xf9, 0x88, 0xe7, 0x27, 0x9a, 0x36, 0xb5, 0xfb, 0x86, 0x5a, 0x0a, 0x10, 
  0xe6, 0x5e, 0xfe, 0x86, 0x9d, 0x60, 0x48, 0xc4, 0x2c, 0xee, 0x6f, 0x62, 0x1a, 0xf3, 0x2f, 0x47, 
  0xf1, 0xc2, 0x7b, 0x36, 0x6a, 0x45, 0x29, 0x41, 0x58, 0x63, 0x0a, 0x7e, 0x15, 0x07, 0xf7, 0x50, 
  0x0f, 0xcf, 0x65, 0x3a, 0x91, 0x4e, 0x25, 0x4f, 0x65, 0x4d, 0xc4, 0xe5, 0xc5, 0x64, 0x49, 0xac, 
  0x8a, 0x1f, 0x2d, 0xe1, 0xe2, 0x32, 0xd2, 0x08, 0xf7, 0xf8, 0xc0, 0xeb, 0xd1, 0x1f, 0x47, 0xc2, 
  0x0c, 0xf6, 0x7e, 0x94, 0xf5, 0x59, 0x57, 0x0d, 0xd7, 0xf2, 0x72, 0x91, 0x6b, 0x1b, 0x2c, 0x17, 
  0x38, 0xc1, 0x93, 0xae, 0xdd, 0x41, 0x5b, 0x18, 0xf3, 0xf2, 0x93, 0x66, 0xde, 0x83, 0xb5, 0x59, 
  0x56, 0xaf, 0x2b, 0x47, 0xad, 0x34, 0xde, 0xf9, 0xdb, 0x66, 0xea, 0x35, 0x70, 0xf7, 0x9e, 0xb2, 
  0x9a, 0x69, 0x69, 0x8c, 0xb7, 0xec, 0xbc, 0xa5, 0x44, 0xcf, 0xd8, 0x74, 0x89, 0x7d, 0x3f, 0xae, 
  0x33, 0x68, 0x10, 0xf8, 0x71, 0xb8, 0x5a, 0x03, 0x6d, 0x92, 0x08, 0xf3, 0x12, 0x63, 0x56, 0xd6, 
  0xba, 0x59, 0x97, 0x02, 0x25, 0xde, 0x0c, 0x4b, 0xff, 0xbf, 0xe2, 0xae, 0x2b, 0xb9, 0x91, 0x5d, 
  0xc9, 0x6e, 0xa5, 0xc6, 0x77, 0xc7, 0xa0, 0xd9, 0xe6, 0xf9, 0xba, 0xa1, 0x78, 0xd1, 0xee, 0x79, 
  0xd3, 0xd7, 0x8f, 0x57, 0x51, 0x22, 0xd5, 0x62, 0x34, 0x9b, 0xc5, 0x51, 0x51, 0x52, 0xeb, 0x32, 
  0x18, 0x31, 0x5f, 0x6f, 0x3e, 0xc7, 0x6d, 0x61, 0xec, 0x0a, 0xde, 0xff, 0x5b, 0xc0, 0x2c, 0xe2, 
  0xae, 0x64, 0xf2, 0xe4, 0xc1, 0xa9, 0x2c, 0x94, 0xaa, 0xcd, 0xf8, 0x1f, 0x12, 0x05, 0x24, 0x3c, 
  0x90, 0xc8, 0x4c, 0x64, 0x26, 0xec, 0xa3, 0x9e, 0x86, 0xb1, 0xd4, 0xeb, 0xf3, 0x1b, 0x8c, 0x94, 
  0x17, 0x8d, 0x93, 0xfe, 0x9a, 0x82, 0x5e, 0x9e, 0xdd, 0x58, 0x8d, 0x49, 0xbe, 0xdf, 0xfa, 0x25, 
  0x85, 0x88, 0xe0, 0x37, 0xd9, 0x2b, 0x1e, 0xf2, 0x20, 0x74, 0xba, 0x89, 0xf6, 0xd8, 0x46, 0x29, 
  0xdb, 0x04, 0x4b, 0x43, 0x44, 0xd4, 0x93, 0xb0, 0x6a, 0x5b, 0xa9, 0xef, 0xcf, 0xc3, 0x14, 0xbb, 
  0x8b, 0x4a, 0x5a, 0x5f, 0xae, 0xbe, 0xfe, 0xab, 0xbf, 0x1b, 0x38, 0xee, 0x4c, 0xf4, 0x89, 0xa4, 
  0x4f, 0x52, 0x72, 0x03, 0x15, 0xc5, 0xce, 0x8d, 0xfd, 0x5d, 0x90, 0x3d, 0xd1, 0x44, 0xa8, 0x6d, 
  0x43, 0x8d, 0xd2, 0xfe, 0x24, 0x3e, 0xb0, 0x29, 0x00, 0xa1, 0xfe, 0xbd, 0x07, 0xd5, 0xc2, 0x2c, 
  0x4d, 0x49, 0x3a, 0x72, 0x35, 0x66, 0x6f, 0x94, 0xb6, 0xa9, 0x15, 0x81, 0x31, 0x84, 0x6f, 0x19, 
  0xa9, 0x59, 0xcb, 0x69, 0xe7, 0x44, 0x55, 0x94, 0x3f, 0x53, 0xe9, 0x96, 0xa1, 0xc8, 0xa2, 0xee, 
  0x52, 0x13, 0x02, 0xc3, 0x30, 0xca, 0xaf, 0x95, 0xca, 0x25, 0x15, 0x69, 0x06, 0x8a, 0x9d, 0x9d, 
  0xe3, 0xc5, 0xa3, 0x29, 0x15, 0x0c, 0x00, 0x93, 0xa8, 0xb9, 0x5e, 0xac, 0x42, 0x97, 0x66, 0x9c, 
  0x80, 0xed, 0xbe, 0x78, 0x5b, 0x73, 0xa2, 0x11, 0x3e, 0x3d, 0xa4, 0x0a, 0x73, 0x81, 0xd4, 0x66, 
  0x29, 0x1a, 0x7f, 0xea, 0x77, 0x11, 0x06, 0x99, 0x4b, 0x74, 0xfc, 0x08, 0x92, 0x9a, 0xa3, 0xb6, 
  0x68, 0x71, 0x67, 0x20, 0x2f, 0xa7, 0x68, 0x79, 0xef, 0x33, 0xc1, 0x59, 0x3f, 0xdf, 0x7b, 0x16, 
  0x15, 0x7b, 0x7b, 0x74, 0xfe, 0x39, 0x0d, 0x17, 0x6d, 0x0a, 0xb5, 0xc3, 0xa7, 0xaa, 0x98, 0xa5, 
  0x22, 0xab, 0x18, 0x2c, 0xbd, 0x66, 0x01, 0x5c, 0xfc, 0xd6, 0x7e, 0x7a, 0xf5, 0x37, 0x79, 0x62, 
  0xcd, 0x32, 0x81, 0x8d, 0x1a, 0xd4, 0x84, 0xf3, 0x62, 0x6e, 0xc0, 0x62, 0x3d, 0x55, 0x9d, 0xc7, 
  0x86, 0xb4, 0x16, 0xc5, 0xa0, 0x5c, 0x49, 0x4d, 0xdc, 0xad, 0xeb, 0x49, 0xef, 0x7d, 0x29, 0x55, 
  0xf9, 0x22, 0x3e, 0x7b, 0x0a, 0x30, 0xb0, 0xd5, 0xf2, 0x6c, 0x7d, 0x53, 0xf0, 0xb0, 0x1f, 0xd6, 
  0xe2, 0x8f, 0xa2, 0x99, 0x76, 0xcc, 0xef, 0x38, 0x55, 0xec, 0x33, 0x04, 0x2e, 0x25, 0x01, 0xd1, 
  0xc7, 0xfb, 0x55, 0x88, 0x65, 0xdf, 0x85, 0x98, 0xf0, 0xf5, 0x4d, 0x4e, 0xee, 0x58, 0x89, 0xfa, 
  0xd2, 0x83, 0x1e, 0x33, 0x59, 0x97, 0x63, 0x9f, 0x10, 0xd8, 0xd7, 0xe8, 0xc4, 0x40, 0x02, 0x4d, 
  0x80, 0xa5, 0x90, 0x1f, 0xfe, 0x79, 0x75, 0xe1, 0x2e, 0x04, 0x72, 0x25, 0x7e, 0xa5, 0x46, 0x6d, 
  0x58, 0x1e, 0xa4, 0x85, 0x23, 0xd8, 0x15, 0x54, 0x44, 0xe5, 0x8f, 0x5e, 0x4b, 0x70, 0xb2, 0x21, 
  0x42, 0x28, 0x61, 0x43, 0x16, 0xc5, 0xd7, 0x91, 0x63, 0x84, 0x8e, 0xd5, 0x67, 0x32, 0xee, 0xcc, 
  0x52, 0x36, 0xff, 0x7c, 0xce, 0x9e, 0x7d, 0x3f, 0xca, 0x98, 0x3a, 0xa6, 0x96, 0x63, 0x5e, 0x73, 
  0xba, 0x94, 0x11, 0xb6, 0x1e, 0x97, 0x48, 0x23, 0x9e, 0xe7, 0xc3, 0xc6, 0xa8, 0x6c, 0xac, 0xae, 
  0xeb, 0x94, 0x19, 0x26, 0xeb, 0x96, 0x90, 0xd1, 0x44, 0x29, 0x97, 0x1b, 0xdc, 0x59, 0xf8, 0x36, 
  0x18, 0xfa, 0x5b, 0x37, 0x10, 0xf0, 0xb9, 0xf0, 0x8b, 0x3b, 0x18, 0x1b, 0xfa, 0xda, 0xdc, 0xe4, 
  0x46, 0xaf, 0xb8, 0x5f, 0x3a, 0xae, 0x20, 0x49, 0x3f, 0x59, 0x5c, 0xd6, 0x85, 0xee, 0xb4, 0x93, 
  0xc6, 0x55, 0x0b, 0x21, 0x69, 0x50, 0x23, 0xd5, 0x11, 0xa3, 0x15, 0xaf, 0x24, 0x21, 0x25, 0xa5, 
  0x13, 0x29, 0x31, 0xcd, 0xea, 0x11, 0x6b, 0xc3, 0x6a, 0x4c, 0x22, 0x5f, 0xae, 0xc3, 0xa8, 0xd6, 
  0x51, 0x10, 0x82, 0x66, 0xaa, 0xea, 0x8a, 0xe6, 0x86, 0x53, 0x2e, 0xfa, 0xc5, 0x8b, 0xab, 0x13, 
  0x21, 0xe9, 0x77, 0xa2, 0x26, 0x16, 0x06, 0xd4, 0x34, 0x1c, 0x18, 0x93, 0xc4, 0xb8, 0x2f, 0x17, 
  0xb6, 0x2a, 0x6f, 0xac, 0xae, 0xe5, 0xc8, 0xa8, 0x12, 0x31, 0xb1, 0xe5, 0x10, 0xa9, 0x56, 0x08, 
  0x36, 0x07, 0xa3, 0x34, 0x85, 0x9d, 0x08, 0x89, 0x4c, 0x2a, 0xb2, 0xdc, 0xee, 0x74, 0x30, 0xb3, 
  0x98, 0x46, 0x47, 0x51, 0xf4, 0xff, 0x17, 0x3a, 0x52, 0x4f, 0x6f, 0x23, 0x1f, 0x70, 0x2f, 0x5c, 
  0xce, 0x34, 0x46, 0x33, 0x19, 0x09, 0x15, 0xa9, 0x78, 0xbd, 0x02, 0xb3, 0x38, 0xe8, 0x09, 0xbb, 
  0xee, 0x38, 0x43, 0x90, 0xc0, 0x58, 0x8d, 0x60, 0x88, 0x04, 0x33, 0xe0, 0xa1, 0x2b, 0x44, 0x58, 
  0xbc, 0xb3, 0xb1, 0x4a, 0x70, 0x26, 0xd6, 0xf3, 0x29, 0x25, 0x8a, 0xcd, 0x89, 0xeb, 0xa9, 0xc2, 
  0x9d, 0x3a, 0xef, 0xc4, 0x49, 0xf2, 0x4b, 0xd1, 0xc6, 0x9e, 0xb5, 0x5b, 0x34, 0x15, 0x7d, 0x41, 
  0x98, 0xe9, 0xac, 0x45, 0x30, 0xee, 0x57, 0xc5, 0xbd, 0x99, 0x21, 0xe0, 0x4c, 0x4d, 0x09, 0x66, 
  0x7e, 0x86, 0x3b, 0xab, 0xcb, 0xb6, 0x1c, 0x2f, 0x19, 0x3f, 0xe5, 0x07, 0x52, 0xe8, 0x6d, 0x52, 
  0x37, 0x00, 0x83, 0x47, 0x1f, 0x98, 0xea, 0x07, 0xb8, 0x3b, 0x04, 0x89, 0x91, 0x41, 0x54, 0x96, 
  0x7f, 0x12, 0xc6, 0xa6, 0x75, 0xcb, 0x95, 0x14, 0xb9, 0x2b, 0x46, 0x42, 0xd0, 0x7e, 0xf5, 0x72, 
  0x6d, 0xfa, 0x6f, 0xed, 0x7a, 0xe0, 0x8b, 0x0c, 0x9f, 0xd5, 0x9d, 0x9f, 0x7d, 0xf1, 0xc3, 0x9f, 
  0xdd, 0x75, 0x88, 0xe3, 0x2c, 0xad, 0x78, 0x81, 0xf8, 0xed, 0x72, 0xfe, 0x8a, 0xb1, 0x67, 0x26, 
  0xf5, 0x53, 0xac, 0x85, 0x43, 0xd0, 0xfd, 0x9f, 0x96, 0x80, 0xff, 0x78, 0xb3, 0x70, 0x61, 0xe0, 
  0x15, 0xbd, 0x81, 0xf8, 0xd2, 0xc3, 0x62, 0x24, 0x3c, 0x04, 0xf8, 0xdb, 0x75, 0xa6, 0xe5, 0x5f, 
  0xae, 0xdb, 0x93, 0xf9, 0x7a, 0x62, 0xaa, 0xaa, 0xb9, 0x7b, 0x2e, 0x70, 0x5e, 0x76, 0x61, 0x79, 
  0xd8, 0xd3, 0x12, 0x65, 0xe1, 0x42, 0x11, 0xcb, 0x76, 0x7d, 0xfd, 0xe3, 0x17, 0xae, 0xde, 0xa7, 
  0x1b, 0xb2, 0xb8, 0x27, 0xa0, 0x4f, 0x1a, 0xc3, 0x66, 0xf2, 0xa9, 0xbc, 0xe8, 0x05, 0xfa, 0xc7, 
  0x27, 0xe0, 0xa1, 0x46, 0x9a, 0x2a, 0x14, 0xec, 0x7a, 0x4a, 0x0f, 0x67, 0x3b, 0xc2, 0x4c, 0x15, 
  0xb2, 0xbc, 0x47, 0xe1, 0xea, 0x0f, 0xab, 0x6b, 0xdc, 0x5b, 0xf7, 0x50, 0x2f, 0x21, 0x21, 0xa2, 
  0x84, 0xc3, 0x7b, 0xb9, 0xdf, 0x1c, 0xfa, 0x34, 0x18, 0xc9, 0xa3, 0x0e, 0x8b, 0xab, 0x18, 0x86, 
  0xa4, 0x64, 0x6b, 0x87, 0xe1, 0xc3, 0x6f, 0xbf, 0x3e, 0xe9, 0x4f, 0xa4, 0xe7, 0x1e, 0x05, 0x4c, 
  0xf2, 0xf0, 0xdb, 0x3f, 0x7f, 0x52, 0xc2, 0x88, 0xd7, 0x77, 0xb5, 0xc0, 0x16, 0xc2, 0x64, 0x3f, 
  0x59, 0xe6, 0x0e, 0x4a, 0x71, 0x0f, 0x59, 0x52, 0xd7, 0x75, 0xf6, 0x33, 0xc7, 0x4c, 0x9f, 0xb6, 
  0xe1, 0x14, 0xfd, 0x9b, 0x06, 0x26, 0x91, 0x2d, 0x76, 0xea, 0x0d, 0xde, 0xc6, 0xaa, 0x58, 0x25, 
  0xe5, 0x00, 0x38, 0x7a, 0x01, 0xea, 0x77, 0xb4, 0x2c, 0x12, 0x08, 0xb2, 0x20, 0xf9, 0x25, 0x1d, 
  0x9e, 0x15, 0xad, 0x0b, 0x09, 0x25, 0xcb, 0x8b, 0x8a, 0xa6, 0x3b, 0x53, 0x1e, 0xc5, 0x6f, 0xcf, 
  0xf5, 0xfd, 0xc9, 0x6c, 0x71, 0xfa, 0x2e, 0x1d, 0x2a, 0x1a, 0x68, 0x63, 0x23, 0x96, 0x75, 0xe9, 
  0xb4, 0x3f, 0xdf, 0xb4, 0x31, 0x61, 0xbf, 0xb8, 0xdf, 0x38, 0xee, 0x84, 0x60, 0x49, 0xc5, 0x5f, 
  0x84, 0x8b, 0xea, 0x3b, 0x58, 0x56, 0xe4, 0x23, 0x52, 0x65, 0xb6, 0x23, 0xb3, 0xbb, 0x8e, 0xea, 
  0xc1, 0x1b, 0xf0, 0x2c, 0x69, 0xe5, 0xff, 0x4f, 0xc2, 0x4f, 0x89, 0x74, 0x79, 0x8b, 0x68, 0x55, 
  0x91, 0x7a, 0xa5, 0x07, 0xea, 0x5b, 0x4e, 0xff, 0x71, 0xf7, 0x4d, 0x45, 0x6f, 0x1c, 0x7e, 0xa3, 
  0x81, 0x0c, 0x95, 0x9e, 0x67, 0x2d, 0xb0, 0x38, 0x35, 0x34, 0x81, 0xa4, 0x0b, 0x39, 0x2a, 0xdf, 
  0x88, 0xb1, 0x28, 0x7a, 0x47, 0x00, 0x7f, 0x53, 0x16, 0x54, 0x1c, 0xcb, 0x1a, 0xe0, 0x02, 0x62, 
  0x8a, 0xaf, 0x2d, 0x01, 0xac, 0x60, 0xd7, 0x04, 0x1f, 0x4d, 0x13, 0x2a, 0x9e, 0x9c, 0x55, 0x97, 
  0x1c, 0x66, 0xfe, 0xc3, 0x83, 0x3a, 0xeb, 0x03, 0x86, 0x42, 0x56, 0x40, 0xbe, 0x24, 0xa0, 0x1d, 
  0xb4, 0x36, 0xeb, 0x12, 0x8b, 0x6b, 0xf2, 0xde, 0x9e, 0x73, 0x00, 0x71, 0x3c, 0xdf, 0xba, 0x90, 
  0x2f, 0x62, 0xfa, 0x85, 0xf0, 0x01, 0x99, 0x5f, 0xaf, 0x4c, 0xfe, 0x64, 0x93, 0x57, 0xb4, 0x41, 
  0x91, 0x6f, 0xc9, 0xcf, 0x07, 0x92, 0xd8, 0xf0, 0x2f, 0x14, 0x9e, 0x86, 0x75, 0x15, 0xb1, 0x95, 
  0xaf, 0x28, 0x6a, 0xb8, 0x20, 0xe4, 0x04, 0x18, 0x77, 0xde, 0xad, 0x5c, 0x17, 0x4b, 0x09, 0x62, 
  0xb0, 0x28, 0xaa, 0x4f, 0x7c, 0x99, 0x68, 0x5c, 0x98, 0x48, 0xeb, 0xab, 0x6a, 0x6f, 0xb8, 0xf0, 
  0xd0, 0x8d, 0x0b, 0x08, 0x0a, 0xe3, 0xe7, 0xde, 0x89, 0x70, 0xed, 0x8b, 0x53, 0x3b, 0xaf, 0xf5, 
  0x4c, 0x19, 0xb1, 0x6d, 0x7e, 0x76, 0x1b, 0x22, 0xb6, 0xd6, 0xc6, 0x11, 0x3e, 0x5a, 0x45, 0xa5, 
  0x0e, 0xd2, 0x21, 0x74, 0x6f, 0x46, 0xda, 0x39, 0xa1, 0xc5, 0xa0, 0x48, 0x5e, 0x27, 0xfe, 0x8f, 
  0xe9, 0xe8, 0x50, 0xc7, 0x7c, 0xa8, 0x9d, 0x92, 0x63, 0x94, 0x14, 0x5e, 0xb1, 0xf2, 0x0d, 0xdd, 
  0xec, 0x64, 0xb5, 0xc1, 0xe1, 0x30, 0x3b, 0x5f, 0xbe, 0x61, 0xc1, 0x62, 0x47, 0xb0, 0x7a, 0x99, 
  0xc9, 0xf7, 0xd4, 0xb0, 0x05, 0x33, 0x17, 0x99, 0xb7, 0xad, 0x4d, 0x20, 0x20, 0xd1, 0x73, 0xff, 
  0x2a, 0x0b, 0x08, 0xaf, 0xa1, 0xd1, 0xf5, 0x61, 0xdb, 0x4d, 0x47, 0x55, 0x7b, 0x66, 0xdc, 0x5e, 
  0xa6, 0x72, 0xab, 0x84, 0xca, 0xbc, 0xcb, 0x5a, 0xb4, 0xdd, 0x38, 0xb3, 0x80, 0x3a, 0x6d, 0x71, 
  0x50, 0x16, 0x70, 0x8a, 0x9a, 0x65, 0x10, 0xcd, 0xba, 0xd2, 0xf9, 0xad, 0x54, 0x2d, 0xaa, 0x71, 
  0x6e, 0x3f, 0x91, 0x3d, 0x31, 0xb6, 0xda, 0xc9, 0xdc, 0xa5, 0xd1, 0xe1, 0x91, 0x8b, 0x6b, 0x28, 
  0x47, 0x2b, 0x5d, 0xc3, 0x5c, 0xca, 0x2f, 0x33, 0xdf, 0x75, 0x1a, 0x39, 0xfd, 0xa8, 0x86, 0x69, 
  0xd0, 0xae, 0xe7, 0x5b, 0x67, 0x51, 0xc8, 0xed, 0x7b, 0xcb, 0x71, 0x35, 0x34, 0xb3, 0xa1, 0x4b, 
  0x9f, 0x9d, 0xac, 0x75, 0x34, 0xf8, 0x70, 0x14, 0x66, 0x54, 0x3f, 0x50, 0x16, 0xd6, 0x7b, 0x7c, 
  0x59, 0x9a, 0xde, 0x01, 0xc8, 0x8b, 0xef, 0x13, 0x7e, 0xba, 0x5f, 0x9a, 0x41, 0xaa, 0xd6, 0x5f, 
  0x00, 0x0c, 0x57, 0x01, 0x01, 0x97, 0xd4, 0xa9, 0x3e, 0x75, 0x0c, 0xcf, 0x6f, 0xc6, 0x8f, 0x6f, 
  0x19, 0x31, 0xfb, 0x3a, 0x3d, 0xb0, 0x5d, 0x59, 0x56, 0x69, 0xe4, 0xc8, 0x8c, 0xc2, 0xb9, 0xc1, 
  0x3a, 0x8e, 0x0b, 0x80, 0xbb, 0xb3, 0x8b, 0x25, 0x45, 0x95, 0x26, 0x59, 0xc3, 0x01, 0x38, 0xd2, 
  0xf6, 0xad, 0x38, 0x97, 0x72, 0xa9, 0x25, 0x85, 0x43, 0x06, 0xb3, 0x22, 0x19, 0x67, 0xf4, 0xa5, 
  0x1d, 0xfd, 0x97, 0x27, 0x7c, 0x56, 0xc7, 0x89, 0x71, 0xd2, 0x35, 0x7e, 0xa6, 0x87, 0xa6, 0x20, 
  0x29, 0x7f, 0xe6, 0xc3, 0xa9, 0x38, 0x60, 0x27, 0x66, 0xb1, 0xbb, 0x64, 0x4a, 0xff, 0x78, 0xa3, 
  0xad, 0xb3, 0xca, 0x66, 0x80, 0x01, 0x08, 0xe5, 0xcb, 0xbc, 0x4b, 0xf1, 0x4a, 0xcb, 0x85, 0x1c, 
  0xcc, 0x82, 0x2d, 0x70, 0x52, 0x76, 0x07, 0x58, 0xac, 0x3b, 0xe0, 0x1c, 0xe4, 0xb1, 0x06, 0x90, 
  0x0a, 0xeb, 0xb3, 0xc4, 0x2d, 0x69, 0x45, 0x3b, 0x27, 0xb6, 0xd9, 0x17, 0x6c, 0xde, 0x73, 0x38, 
  0xc3, 0x1d, 0x9f, 0x99, 0x37, 0x5e, 0xaa, 0xb0, 0xc2, 0xa7, 0x0d, 0x42, 0xf3, 0x70, 0x88, 0x3f, 
  0xac, 0x25, 0xc3, 0x1e, 0x33, 0xca, 0xa9, 0x38, 0x6f, 0xc9, 0xed, 0xa4, 0x50, 0xaf, 0x01, 0x8a, 
  0x34, 0xca, 0x7b, 0xc9, 0xd1, 0x5a, 0xcc, 0x57, 0xe0, 0x84, 0xca, 0xe2, 0xcc, 0x1c, 0x4b, 0x25, 
  0xfa, 0x19, 0x72, 0xef, 0x13, 0x7e, 0x4d, 0x82, 0xf4, 0xfa, 0x71, 0x1c, 0x8a, 0x1c, 0x5b, 0x9d, 
  0xe2, 0x3c, 0xc5, 0x98, 0xcd, 0xaa, 0x9f, 0xb7, 0x1d, 0x04, 0xdd, 0x1c, 0xa4, 0x8f, 0x70, 0xb1, 
  0x6c, 0x15, 0xd3, 0x86, 0x78, 0xb9, 0x00, 0xea, 0xde, 0xb6, 0xee, 0xa7, 0xb1, 0x68, 0x83, 0x37, 
  0x0c, 0xfb, 0x28, 0x94, 0x80, 0xc6, 0xa9, 0xf1, 0xae, 0x81, 0x1b, 0x41, 0x71, 0x3c, 0x43, 0xaa, 
  0x86, 0xbd, 0x64, 0xbc, 0x9e, 0xed, 0x9e, 0xf3, 0x99, 0x69, 0xb6, 0xf9, 0x22, 0xf4, 0x0a, 0x31, 
  0xe4, 0xe2, 0x11, 0x2f, 0x31, 0xf2, 0xac, 0x5a, 0x98, 0x2f, 0x6b, 0x9b, 0x07, 0x02, 0x54, 0x12, 
  0x55, 0xb4, 0xe7, 0x56, 0x42, 0xa4, 0xe5, 0x67, 0xbb, 0xfa, 0xb9, 0xfe, 0xbc, 0xf0, 0x28, 0xef, 
  0xb1, 0xcb, 0xcd, 0x15, 0xf8, 0xf9, 0x50, 0x77, 0xe7, 0x0d, 0xc7, 0xf3, 0xcd, 0xd5, 0xca, 0x2e, 
  0x1d, 0xd1, 0xb1, 0x3a, 0x6a, 0x18, 0x11, 0x90, 0x81, 0x84, 0xf7, 0xb9, 0xeb, 0x87, 0xef, 0x4f, 
  0x00, 0x8b, 0x6c, 0x1c, 0x93, 0x64, 0x22, 0x0b, 0xaa, 0x7d, 0x3e, 0xbc, 0x0e, 0x29, 0x53, 0xbf, 
  0xab, 0xec, 0xf5, 0x55, 0xcf, 0x8d, 0x54, 0x34, 0x7c, 0x08, 0x5b, 0x35, 0xe4, 0x77, 0x47, 0x1a, 
  0x83, 0x91, 0x29, 0x48, 0xaf, 0x89, 0xe1, 0x99, 0x26, 0xbc, 0x74, 0x2c, 0x8c, 0x29, 0x28, 0x6d, 
  0xb7, 0xf1, 0x0b, 0x52, 0x41, 0xea, 0xea, 0x46, 0x9e, 0x33, 0x1b, 0xa7, 0x87, 0xdc, 0xab, 0x7c, 
  0xa6, 0xb3, 0x9d, 0xf1, 0xe3, 0x33, 0x3d, 0x9c, 0x94, 0xdb, 0x91, 0x8e, 0xbb, 0xbc, 0x35, 0x66, 
  0xdf, 0x66, 0xd0, 0x81, 0x7e, 0xaa, 0x88, 0x0a, 0x11, 0x3c, 0x97, 0x17, 0x4b, 0x37, 0x1c, 0xf1, 
  0x80, 0x14, 0x7a, 0x2e, 0x16, 0xa1, 0x98, 0x89, 0x97, 0x67, 0x59, 0x24, 0x10, 0xc0, 0xb3, 0x9c, 
  0x7c, 0x08, 0x93, 0x71, 0x7f, 0xe9, 0xac, 0x1a, 0xb9, 0xdf, 0x46, 0xf5, 0x60, 0xfc, 0x62, 0x4e, 
  0x95, 0x12, 0xd2, 0xfc, 0x8b, 0xf0, 0x97, 0x1b, 0x4a, 0xa7, 0x93, 0x6f, 0xcc, 0xc8, 0xca, 0xa9, 
  0x2f, 0x7e, 0x56, 0xd1, 0xe5, 0x81, 0x22, 0xcb, 0x92, 0xa5, 0x24, 0x6e, 0xda, 0x1c, 0xbe, 0xc8, 
  0x15, 0x3f, 0xd9, 0x0c, 0xbf, 0xb1, 0x45, 0xfd, 0x58, 0xc9, 0x0c, 0xb0, 0x3d, 0xd2, 0x7f, 0x5d, 
  0x95, 0x8f, 0xe9, 0x82, 0x6f, 0xbf, 0x68, 0xb3, 0xd1, 0x96, 0x8d, 0x05, 0xcc, 0xf6, 0x27, 0xda, 
  0x30, 0xcb, 0xa5, 0x50, 0x7a, 0xd7, 0xb6, 0xb4, 0xfe, 0x9a, 0xef, 0xe0, 0xad, 0x0c, 0xb2, 0xa1, 
  0x7e, 0x1e, 0x7b, 0x22, 0x70, 0x68, 0x1a, 0xf6, 0x4e, 0x29, 0xd0, 0x58, 0x86, 0x1a, 0xae, 0x7c, 
  0x39, 0xda, 0x13, 0xbe, 0x7c, 0xa7, 0x1d, 0xff, 0xde, 0xf6, 0x1e, 0x7c, 0x3e, 0xca, 0x57, 0xc2, 
  0xc3, 0xdb, 0x04, 0xab, 0xf0, 0xf3, 0x6b, 0x79, 0x0f, 0xc6, 0x47, 0x9a, 0x29, 0x5f, 0xd3, 0x97, 
  0x8e, 0x05, 0x2f, 0x29, 0x67, 0x18, 0x67, 0xd5, 0x39, 0x29, 0x7d, 0x38, 0x0b, 0xb6, 0x2a, 0x84, 
  0x8f, 0x46, 0xff, 0xd2, 0x76, 0x0f, 0x18, 0x71, 0x48, 0x01, 0x93, 0x77, 0xf3, 0xfc, 0x2d, 0x1d, 
  0x09, 0x11, 0xb3, 0x18, 0x3f, 0x9c, 0x7b, 0x14, 0xb0, 0xce, 0xaa, 0xcf, 0xa3, 0x19, 0x64, 0x73, 
  0x5d, 0x2a, 0x28, 0xa1, 0x5e, 0x47, 0x79, 0x87, 0x8a, 0x44, 0xc6, 0x81, 0x8b, 0x3a, 0x45, 0x67, 
  0xcf, 0x0e, 0xcb, 0xec, 0x03, 0x68, 0x2d, 0x53, 0xd0, 0xf1, 0x78, 0x6c, 0x96, 0x79, 0xd1, 0x8e, 
  0x0b, 0x40, 0x2e, 0x94, 0x4b, 0x74, 0x7c, 0x2f, 0xa7, 0xda, 0xa7, 0xc9, 0x68, 0xdc, 0x70, 0x17, 
  0xa3, 0xa6, 0x97, 0x7e, 0xd1, 0xb6, 0xef, 0x3e, 0xf8, 0x3d, 0xaa, 0x91, 0x69, 0xf1, 0xb6, 0x97, 
  0x9d, 0x9b, 0xe8, 0x25, 0x77, 0x3e, 0xb4, 0x31, 0xb2, 0x27, 0x70, 0x15, 0xe2, 0xbd, 0x06, 0xd7, 
  0x7b, 0x92, 0x4c, 0xfe, 0x17, 0xcf, 0x9f, 0x56, 0x8f, 0x1e, 0x3e, 0x98, 0x3d, 0xfc, 0x9e, 0xd9, 
  0xa4, 0xdc, 0x79, 0x78, 0x37, 0xf9, 0xd7, 0xa3, 0x07, 0xf6, 0x45, 0xf7, 0xd2, 0x8f, 0xbe, 0x35, 
  0xfb, 0xe6, 0x23, 0x78, 0xf1, 0x86, 0xf9, 0xa4, 0x37, 0x0f, 0x59, 0xa0, 0xa5, 0xae, 0xb1, 0x72, 
  0x23, 0x04, 0x8a, 0x69, 0xe6, 0x8b, 0x76, 0x8b, 0xb2, 0x79, 0x81, 0x38, 0xc2, 0x57, 0xfd, 0xf1, 
  0x30, 0x1a, 0x14, 0x77, 0x7a, 0xe7, 0xde, 0xa8, 0xae, 0x6f, 0xcf, 0x9e, 0xb5, 0xa3, 0x84, 0xee, 
  0x96, 0x74, 0x5a, 0xf8, 0x9e, 0xa5, 0x37, 0x79, 0x19, 0x56, 0x42, 0x50, 0xbd, 0x75, 0xca, 0x91, 
  0x35, 0xa5, 0xdf, 0xd7, 0xd5, 0xde, 0x24, 0x55, 0xdd, 0xa1, 0x7a, 0x3c, 0x6a, 0xf0, 0xe5, 0x26, 
  0xaf, 0xa0, 0xd1, 0x69, 0xb2, 0x58, 0x71, 0xcf, 0xe1, 0xc2, 0x71, 0x4b, 0x5d, 0x03, 0x02, 0x52, 
  0x0e, 0x30, 0x6e, 0x2f, 0x4e, 0x57, 0x79, 0xe5, 0xb1, 0x44, 0x78, 0xce, 0xa7, 0xde, 0xeb, 0xee, 
  0xa3, 0x6a, 0x35, 0xb1, 0x5e, 0x83, 0x43, 0x2b, 0x8f, 0xbf, 0xe9, 0xd1, 0xc0, 0x09, 0x38, 0x75, 
  0x5d, 0x81, 0x23, 0xab, 0xb8, 0x5a, 0xb7, 0xfa, 0xde, 0xbd, 0x71, 0x76, 0x6d, 0x31, 0x10, 0xe3, 
  0x1b, 0xc8, 0xdd, 0xb0, 0x34, 0xa5, 0x8f, 0x8e, 0xb7, 0xc0, 0xa8, 0xef, 0x40, 0xef, 0x01, 0x15, 
  0xda, 0xdd, 0xde, 0x73, 0x6f, 0x9e, 0x92, 0xa8, 0xdb, 0x4c, 0x04, 0xdc, 0x95, 0x57, 0xac, 0x02, 
  0x99, 0x40, 0x53, 0x53, 0x75, 0x18, 0x37, 0xce, 0x55, 0x37, 0x99, 0x1a, 0xa4, 0xfa, 0x53, 0x86, 
  0xaa, 0xcd, 0xdb, 0x20, 0xbd, 0x91, 0xd1, 0xda, 0x29, 0x98, 0x15, 0x5d, 0xb2, 0x67, 0xdf, 0x64, 
  0x7b, 0xa3, 0xee, 0x0e, 0x3e, 0xae, 0x36, 0xd6, 0x07, 0x5c, 0x35, 0x6f, 0x9c, 0xbe, 0x0a, 0xf7, 
  0xf9, 0x5d, 0xd1, 0x1f, 0xf3, 0x79, 0xe8, 0x2a, 0xdc, 0x5c, 0x6f, 0x45, 0x43, 0x40, 0x06, 0xf8, 
  0xa2, 0x73, 0x80, 0x22, 0x17, 0xc4, 0x4b, 0x93, 0x03, 0xad, 0x05, 0x65, 0x92, 0xfa, 0x43, 0x73, 
  0x37, 0xcd, 0x8f, 0xf6, 0xb0, 0x56, 0xaf, 0x1b, 0x18, 0xa9, 0x37, 0xa9, 0x7c, 0x68, 0xa5, 0x6e, 
  0x4a, 0x5f, 0x54, 0x4d, 0x0a, 0x8f, 0x99, 0xf6, 0xa6, 0x7f, 0x1f, 0x6e, 0x52, 0x16, 0x86, 0x59, 
  0x31, 0x0c, 0x34, 0x49, 0x27, 0x72, 0xdd, 0x48, 0x1f, 0xb0, 0x39, 0xa4, 0xf6, 0x68, 0x0f, 0xed, 
  0x51, 0xa3, 0xe8, 0x2e, 0xeb, 0xc6, 0xf4, 0x46, 0x2b, 0x84, 0x2c, 0xbe, 0x3b, 0xda, 0xf7, 0xca, 
  0xbf, 0x56, 0xa9, 0x82, 0x4d, 0xc2, 0x4b, 0xc9, 0x8a, 0x90, 0xc5, 0xc7, 0x8e, 0xd1, 0xbe, 0xb0, 
  0xeb, 0xc6, 0x4e, 0xc6, 0xde, 0xc3, 0x6d, 0x2e, 0x63, 0xe4, 0xbd, 0xc7, 0xf6, 0x7e, 0x93, 0xc0, 
  0x12, 0x62, 0x28, 0x3b, 0x6f, 0x3a, 0x38, 0x42, 0x1f, 0xb8, 0xbe, 0xd6, 0x12, 0x42, 0x65, 0x4b, 
  0x42, 0x40, 0xa1, 0x6b, 0xb6, 0x75, 0x8b, 0x53, 0x15, 0xc5, 0x0c, 0xad, 0xeb, 0x9a, 0xe4, 0xfc, 
  0x56, 0x3c, 0xb5, 0xee, 0x9f, 0x4d, 0xea, 0x5b, 0x86, 0x77, 0x84, 0xf9, 0x20, 0xb9, 0x4c, 0x32, 
  0x7d, 0x47, 0x44, 0x86, 0xa1, 0x16, 0x74, 0x00, 0x51, 0xdd, 0xaa, 0x7c, 0x46, 0x79, 0x71, 0xd1, 
  0xe2, 0x09, 0xeb, 0xca, 0x60, 0xbc, 0x8d, 0xb3, 0xaa, 0x78, 0xed, 0x86, 0xba, 0x2e, 0xbb, 0x18, 
  0x1c, 0x6f, 0xf4, 0xca, 0xdf, 0xf1, 0x23, 0x1a, 0x50, 0xa3, 0xc6, 0xee, 0x5c, 0xa1, 0x78, 0x60, 
  0x80, 0x7f, 0xd0, 0x39, 0x5f, 0x2e, 0xda, 0x53, 0x76, 0xe2, 0x16, 0x6b, 0xae, 0x71, 0xa4, 0xcb, 
  0x62, 0x3a, 0xc6, 0xae, 0x32, 0x2b, 0x1e, 0x9d, 0x82, 0x56, 0x87, 0x47, 0xfb, 0x66, 0xd1, 0x05, 
  0x7a, 0x43, 0x5c, 0x2e, 0xad, 0x17, 0xae, 0x6b, 0x88, 0x60, 0xa4, 0xea, 0x3d, 0xde, 0xe6, 0x13, 
  0x35, 0x8a, 0xcd, 0x0e, 0x08, 0x27, 0x68, 0x2d, 0x1d, 0x7f, 0x40, 0xcf, 0xc3, 0x14, 0x8c, 0xa8, 
  0x46, 0xd6, 0x07, 0x20, 0x12, 0xf9, 0xbe, 0xae, 0xea, 0xf4, 0x8f, 0x71, 0xe2, 0xf1, 0xb5, 0x9d, 
  0xb0, 0xc5, 0xd8, 0x5a, 0xd7, 0x31, 0xa2, 0x2e, 0x49, 0x47, 0x62, 0x3c, 0xd6, 0xae, 0x51, 0x27, 
  0x7f, 0xd4, 0x5e, 0xe5, 0xbb, 0x53, 0xa7, 0xaa, 0x2f, 0xb4, 0xec, 0x8c, 0x6f, 0x03, 0xb1, 0x89, 
  0xa3, 0x79, 0xb1, 0x20, 0x3b, 0x6b, 0x42, 0x46, 0x9c, 0xbb, 0x70, 0xc3, 0xba, 0x76, 0xd3, 0x46, 
  0xd7, 0x44, 0x89, 0xd5, 0x17, 0x03, 0x25, 0x93, 0x40, 0x6b, 0xd0, 0xf2, 0xf4, 0x7c, 0x83, 0x39, 
  0xa9, 0x72, 0x54, 0xc0, 0xb8, 0x5d, 0xa1, 0x6d, 0x2c, 0xfc, 0x8d, 0x62, 0x8f, 0x73, 0x0b, 0xeb, 
  0xe6, 0x59, 0x6e, 0xea, 0x1d, 0xeb, 0x46, 0xd4, 0x74, 0x77, 0x04, 0x4f, 0x77, 0x90, 0x75, 0xe3, 
  0xde, 0x20, 0x03, 0xcc, 0xa7, 0x57, 0x6f, 0x8f, 0x46, 0x16, 0x11, 0xa4, 0x83, 0x89, 0xaa, 0x14, 
  0x17, 0x50, 0x3e, 0x1c, 0x79, 0xcc, 0x3d, 0xec, 0xf4, 0x41, 0xa4, 0x83, 0x0b, 0x46, 0xff, 0x90, 
  0xdc, 0xef, 0xec, 0x22, 0x19, 0xd3, 0x4f, 0x08, 0x9e, 0xdd, 0x91, 0xc8, 0x3b, 0x15, 0x38, 0xef, 
  0xaa, 0x1b, 0x32, 0x8b, 0x7a, 0x27, 0xcc, 0xfa, 0xec, 0x86, 0x3d, 0x63, 0x58, 0x48, 0xc5, 0xac, 
  0x7f, 0x6d, 0x86, 0xeb, 0x96, 0x63, 0x8d, 0x31, 0xc3, 0x3f, 0xa7, 0x47, 0xfb, 0x85, 0x1c, 0xe8, 
  0x5b, 0xb9, 0x0a, 0x36, 0x49, 0xca, 0xfb, 0x36, 0xd8, 0x0c, 0xfd, 0x8f, 0xe2, 0x48, 0xc3, 0x40, 
  0x2e, 0x5b, 0xa9, 0x9b, 0x17, 0x96, 0xd5, 0x11, 0x92, 0x7f, 0x47, 0x4a, 0x8f, 0x88, 0xe6, 0x3b, 
  0x6e, 0xed, 0x05, 0x74, 0xbf, 0x00, 0xb8, 0x7c, 0x63, 0xa5, 0xf8, 0x3a, 0x74, 0x1a, 0x32, 0x13, 
  0x11, 0x54, 0x12, 0x91, 0x0b, 0x89, 0xcc, 0xd2, 0x4a, 0x7b, 0xec, 0xf3, 0x1f, 0xcf, 0x06, 0x25, 
  0x13, 0xed, 0xd3, 0x46, 0xd6, 0x91, 0xff, 0x21, 0xad, 0x8f, 0xf6, 0xd6, 0x78, 0x53, 0x2f, 0x40, 
  0xc3, 0xf1, 0xdf, 0xa4, 0x9d, 0x69, 0x4b, 0x7a, 0xc4, 0x67, 0x08, 0x20, 0xc6, 0xdc, 0x68, 0x6c, 
  0x72, 0xdc, 0x97, 0x0c, 0x3a, 0xdc, 0xf9, 0xe5, 0x45, 0x06, 0x44, 0xc8, 0xe3, 0xcc, 0xa0, 0xc6, 
  0x63, 0x7e, 0xe0, 0xff, 0x36, 0x98, 0x50, 0x18, 0xf3, 0x98, 0x4f, 0x19, 0x42, 0x9c, 0x35, 0xc5, 
  0x63, 0xfc, 0xdf, 0xda, 0x70, 0x79, 0xb4, 0x17, 0x4e, 0x1c, 0x8d, 0x6b, 0xf6, 0x41, 0xa4, 0xd5, 
  0x2f, 0xff, 0x3e, 0x79, 0x17, 0x64, 0x32, 0xdd, 0x4a, 0x62, 0xa0, 0x8f, 0x91, 0xef, 0xa2, 0xae, 
  0x4f, 0xaa, 0x98, 0x15, 0x4b, 0x36, 0x13, 0x0b, 0x56, 0x19, 0x03, 0x65, 0x2d, 0xf2, 0x84, 0x60, 
  0x67, 0x15, 0xfe, 0xc3, 0x53, 0x96, 0x31, 0xe6, 0x63, 0x48, 0xb9, 0x50, 0xb5, 0x86, 0xe5, 0xd0, 
  0xbb, 0xa0, 0x75, 0x3a, 0x8e, 0xba, 0x51, 0xf5, 0x67, 0x65, 0x2a, 0x6b, 0x6e, 0x12, 0x2f, 0x4b, 
  0xf5, 0x3a, 0x9d, 0xc5, 0xf3, 0x75, 0x5c, 0x25, 0x63, 0x0f, 0x62, 0xc1, 0xef, 0x94, 0x3e, 0x74, 
  0x1f, 0xfe, 0xa2, 0x8f, 0x6f, 0x12, 0xdd, 0x61, 0x60, 0x0a, 0xf0, 0xaf, 0x72, 0x81, 0x81, 0xad, 
  0xcc, 0xc5, 0xa2, 0x8f, 0x70, 0x13, 0x44, 0xdf, 0x37, 0x8c, 0x08, 0x7d, 0x3f, 0xda, 0xaa, 0x19, 
  0x64, 0x8e, 0x39, 0x36, 0xc7, 0x29, 0xc6, 0xa2, 0xf0, 0x28, 0xf3, 0x42, 0x04, 0xdb, 0x24, 0xdb, 
  0xdf, 0x64, 0x16, 0xa2, 0xe9, 0xb1, 0x95, 0xcc, 0xfc, 0xca, 0x7e, 0xbb, 0x12, 0x4a, 0x0d, 0xa9, 
  0x2e, 0x2c, 0xad, 0x4c, 0x8a, 0x26, 0x69, 0x5b, 0x12, 0xca, 0xfd, 0x2b, 0x44, 0x73, 0x32, 0xd6, 
  0xa2, 0xf9, 0xbd, 0xa1, 0x21, 0xfc, 0x4d, 0xa7, 0x52, 0x98, 0x8b, 0x75, 0xd1, 0x6e, 0x07, 0x14, 
  0x43, 0xd6, 0xb4, 0x99, 0x93, 0x3a, 0x76, 0x7e, 0xf3, 0x22, 0xdb, 0x00, 0x44, 0x39, 0x86, 0xff, 
  0x8e, 0xe9, 0xf9, 0xad, 0x6e, 0xe0, 0x1e, 0xed, 0x7e, 0x45, 0x2f, 0x66, 0xf4, 0xbe, 0x36, 0x01, 
  0xa7, 0xca, 0xc8, 0x4c, 0x8d, 0xdd, 0xa8, 0x71, 0xa5, 0x44, 0x36, 0x38, 0xdd, 0x71, 0x0c, 0xe2, 
  0xce, 0xc6, 0x3e, 0xe5, 0xd7, 0xad, 0x64, 0x16, 0xc9, 0x2e, 0xaa, 0xf1, 0x41, 0xb9, 0x47, 0x1d, 
  0x74, 0x4f, 0x75, 0x3a, 0xa7, 0x8f, 0xf0, 0x28, 0x06, 0x06, 0x72, 0x75, 0x43, 0x17, 0xa9, 0x59, 
  0xbc, 0x52, 0x26, 0xe6, 0x0a, 0x72, 0x62, 0x35, 0xa7, 0x61, 0xc8, 0x6e, 0xbe, 0xd5, 0x99, 0xe8, 
  0x95, 0x16, 0x4d, 0xc3, 0x43, 0x75, 0x75, 0xe3, 0x4f, 0x05, 0x66, 0xff, 0x09, 0x65, 0x5a, 0x2e, 
  0xf2, 0x47, 0xb4, 0x71, 0x73, 0x00, 0xb4, 0xd5, 0x35, 0x3a, 0x91, 0xcb, 0xc9, 0x0e, 0xe3, 0xda, 
  0x46, 0xb9, 0x06, 0xaa, 0x28, 0x58, 0x02, 0x04, 0xa5, 0xd5, 0x79, 0xb8, 0xe1, 0x1d, 0x65, 0xa2, 
  0x7b, 0x6d, 0x5c, 0x7b, 0x40, 0x86, 0x88, 0xbd, 0x19, 0x4b, 0x0f, 0xf9, 0xa5, 0xe8, 0x14, 0xef, 
  0x53, 0x6a, 0x21, 0xc5, 0x00, 0x8c, 0xeb, 0xf5, 0xc1, 0xa2, 0x87, 0x57, 0x21, 0xeb, 0xfe, 0xed, 
  0x97, 0x5b, 0xc0, 0x57, 0xb7, 0xfd, 0x82, 0x0a, 0x9c, 0xde, 0x3c, 0x3f, 0x28, 0x83, 0xda, 0x93, 
  0x0f, 0x9e, 0xc0, 0x59, 0x9c, 0x70, 0xa1, 0xae, 0x69, 0x38, 0x2d, 0x3b, 0xbe, 0xcc, 0x7e, 0xb6, 
  0x7a, 0x13, 0x6e, 0x61, 0x20, 0x3e, 0x90, 0xed, 0x9a, 0x4e, 0x7a, 0xec, 0xa7, 0x63, 0xbe, 0xbc, 
  0x7d, 0x3c, 0x40, 0x33, 0xbf, 0xbc, 0x95, 0x94, 0x8b, 0x85, 0xf1, 0xd7, 0x4d, 0x18, 0x89, 0xb2, 
  0x6a, 0x15, 0x57, 0xdd, 0x31, 0x0a, 0x0b, 0xab, 0x44, 0xfb, 0xf5, 0xae, 0x4a, 0x11, 0x12, 0xf3, 
  0xff, 0x22, 0x32, 0xb7, 0x5e, 0xbd, 0x2b, 0xd2, 0x84, 0x64, 0x85, 0x63, 0xcb, 0xd4, 0x62, 0x4b, 
  0x16, 0x9b, 0xb1, 0x80, 0xa2, 0x3b, 0xab, 0x72, 0x63, 0x95, 0x10, 0x13, 0xbb, 0xa2, 0x04, 0x88, 
  0x25, 0x9e, 0xe3, 0x7b, 0x2c, 0x65, 0xcd, 0x56, 0x30, 0x27, 0xf1, 0xce, 0x09, 0x58, 0xc4, 0x1a, 
  0x85, 0x70, 0x85, 0x70, 0x9f, 0xd8, 0x6e, 0x95, 0x66, 0xc1, 0x22, 0x69, 0xb9, 0x8b, 0x64, 0x4d, 
  0x9f, 0x03, 0x7d, 0xe6, 0x40, 0x34, 0x26, 0x1c, 0x50, 0x21, 0xfe, 0x1d, 0xa7, 0x65, 0x58, 0xe7, 
  0xdb, 0x0a, 0xb7, 0x02, 0xdc, 0x72, 0xdf, 0x25, 0x94, 0x7c, 0x4a, 0x5c, 0x68, 0xbc, 0x78, 0x30, 
  0x2a, 0xc4, 0x5d, 0x4e, 0x24, 0x85, 0xfc, 0xc8, 0x5d, 0xc4, 0x00, 0xd4, 0xd5, 0x43, 0xf2, 0xf5, 
  0xb4, 0xab, 0x84, 0xc9, 0x27, 0x08, 0x49, 0x66, 0xc9, 0x11, 0x68, 0x8b, 0x0f, 0xbc, 0xd9, 0xd1, 
  0x3e, 0x08, 0x34, 0x20, 0x6c, 0x7b, 0x5c, 0x29, 0x4f, 0x3e, 0x02, 0xa4, 0x32, 0x41, 0xad, 0x1f, 
  0x27, 0x83, 0xc3, 0x04, 0x9f, 0xcd, 0x06, 0x53, 0xe3, 0xd7, 0x4d, 0xd5, 0xe2, 0x66, 0x33, 0x37, 
  0x83, 0x36, 0x9d, 0x2d, 0x09, 0xf5, 0x9e, 0x16, 0xde, 0x00, 0x5c, 0xee, 0xd6, 0x05, 0xfb, 0x17, 
  0x1e, 0x45, 0xc2, 0x88, 0xdf, 0x6b, 0x44, 0xe3, 0x04, 0xa5, 0xbd, 0xd0, 0x6d, 0x97, 0xa7, 0xd4, 
  0x16, 0x21, 0xf6, 0x47, 0x1a, 0x86, 0x3e, 0x7c, 0x04, 0x40, 0xe5, 0x66, 0xb9, 0x9e, 0x6f, 0x21, 
  0x33, 0x1c, 0xcf, 0x9f, 0x1b, 0x70, 0xeb, 0xf4, 0x43, 0xec, 0xe4, 0x2c, 0x67, 0xc5, 0x6f, 0xe0, 
  0x53, 0xfc, 0x4f, 0x02, 0xd2, 0xe9, 0xbb, 0xd3, 0x44, 0x77, 0x10, 0xac, 0x2c, 0xa8, 0x6d, 0x33, 
  0x3c, 0xd1, 0xcc, 0x5b, 0xc7, 0x96, 0xe7, 0x62, 0x91, 0x0a, 0x87, 0xc3, 0x40, 0x25, 0xf6, 0x5b, 
  0x44, 0x73, 0x15, 0x61, 0xe9, 0x14, 0xd1, 0x3c, 0xd5, 0xec, 0x04, 0xf3, 0x7f, 0x25, 0x09, 0x9f, 
  0xd5, 0x8d, 0x3d, 0x65, 0xa5, 0xc8, 0xc0, 0x5a, 0xd6, 0x7e, 0xfc, 0x31, 0x01, 0x92, 0x14, 0x1d, 
  0xfd, 0x10, 0xa7, 0x58, 0x9c, 0x52, 0x20, 0x27, 0x54, 0x12, 0xbc, 0x31, 0x0f, 0xd3, 0x60, 0xac, 
  0x04, 0x22, 0xe4, 0x4a, 0x11, 0xf4, 0x0a, 0x60, 0xeb, 0xd8, 0xff, 0x47, 0xf4, 0x92, 0x58, 0x0a, 
  0x5c, 0x5b, 0x28, 0x03, 0x54, 0x10, 0x49, 0x07, 0xe2, 0xbf, 0xa8, 0x17, 0x5c, 0x37, 0xfc, 0x35, 
  0x92, 0xb2, 0xb4, 0x74, 0xbe, 0x20, 0x8f, 0x6b, 0xb7, 0x9d, 0x5b, 0x9d, 0x5b, 0x42, 0x01, 0x0b, 
  0x75, 0xb1, 0x62, 0x8f, 0xce, 0x37, 0x83, 0x69, 0xac, 0x5e, 0x5f, 0x5a, 0xbe, 0xc5, 0x0a, 0x7a, 
  0x78, 0xa3, 0x2a, 0x38, 0x2c, 0xda, 0x9e, 0xfe, 0x41, 0x13, 0x23, 0x5a, 0x9e, 0x34, 0x29, 0xbf, 
  0x8b, 0x86, 0xdd, 0x54, 0x37, 0xbe, 0xa7, 0xf6, 0x8e, 0x11, 0x0e, 0x4a, 0xd2, 0x90, 0xe6, 0x68, 
  0xa3, 0xe8, 0xff, 0x01, 0x20, 0xed, 0xf6, 0x10, 0x32, 0x14, 0xf7, 0x58, 0x64, 0x94, 0xc3, 0xe5, 
  0xf0, 0xb2, 0xf9, 0xeb, 0x5f, 0xfd, 0x7d, 0xa0, 0x7c, 0x21, 0xd8, 0x31, 0x71, 0x75, 0x1b, 0xa2, 
  0xc0, 0xdb, 0x86, 0x09, 0x88, 0xd2, 0xa4, 0x54, 0x34, 0xd7, 0x3e, 0x38, 0x65, 0xcf, 0xd9, 0x46, 
  0x23, 0xcb, 0x17, 0x47, 0x54, 0xcf, 0xad, 0x1b, 0xe8, 0xb1, 0xdd, 0xa7, 0xf0, 0xaa, 0x49, 0x41, 
  0x92, 0x01, 0xfc, 0x22, 0x53, 0x62, 0xb6, 0x24, 0x7c, 0x31, 0x30, 0x12, 0xdf, 0xb1, 0x44, 0x22, 
  0x76, 0xbc, 0x3c, 0x14, 0x3f, 0x5c, 0xaa, 0x25, 0xa7, 0x3b, 0xa6, 0x89, 0x6f, 0xd3, 0xdc, 0x96, 
  0xc3, 0xa7, 0x1b, 0x8e, 0xab, 0x62, 0xea, 0xd7, 0xb6, 0x9e, 0x5c, 0x2b, 0x8b, 0xd1, 0x4f, 0x11, 
  0x64, 0xec, 0x70, 0x19, 0x8e, 0x57, 0x60, 0xb9, 0xc0, 0xd4, 0xba, 0x0f, 0x5b, 0x5c, 0x04, 0x53, 
  0xef, 0x7a, 0x07, 0xc3, 0xa8, 0x4e, 0x69, 0x21, 0x62, 0x0a, 0x11, 0x32, 0x80, 0xa6, 0x24, 0xc8, 
  0x2f, 0xc6, 0x9a, 0x3a, 0x36, 0x23, 0x67, 0x47, 0x7b, 0x3c, 0x01, 0x52, 0x17, 0x92, 0xb3, 0xf9, 
  0x80, 0x87, 0xf7, 0xf1, 0x19, 0x24, 0x1a, 0xb2, 0x8e, 0x44, 0x2b, 0x80, 0xda, 0x8f, 0xf5, 0x5e, 
  0x17, 0x8f, 0x79, 0xed, 0xfb, 0x71, 0x28, 0xc4, 0x9f, 0x8f, 0x61, 0x8f, 0x5b, 0x2d, 0xd0, 0x17, 
  0xb8, 0xcc, 0xb7, 0xfe, 0xbd, 0xbd, 0x52, 0xb7, 0xb9, 0x64, 0x71, 0x39, 0xe4, 0x1c, 0x79, 0xdd, 
  0x98, 0xd7, 0xb1, 0x5e, 0x40, 0xe6, 0x76, 0x81, 0x60, 0xbc, 0x6d, 0x4e, 0xde, 0x5e, 0x14, 0xc8, 
  0xb7, 0x68, 0x89, 0xb7, 0xbf, 0x6f, 0x0d, 0x96, 0xeb, 0x74, 0xdb, 0x5d, 0xa6, 0xae, 0x86, 0xf2, 
  0xcb, 0x6c, 0xd8, 0x4e, 0x8c, 0xc9, 0xb6, 0xe1, 0x02, 0x6f, 0x4c, 0x3f, 0xd4, 0x73, 0x3f, 0xcf, 
  0xbc, 0x80, 0x26, 0xf1, 0xe1, 0x45, 0x03, 0xc1, 0xff, 0x7b, 0x3b, 0xe1, 0x98, 0xc9, 0x3a, 0xf1, 
  0xf8, 0xf3, 0x9f, 0x7d, 0x86, 0x99, 0x80, 0x5f, 0xe4, 0xda, 0xe4, 0xa8, 0x96, 0xf7, 0x98, 0xc2, 
  0xa8, 0x1f, 0x21, 0x5c, 0x51, 0xd4, 0x37, 0xa0, 0xf0, 0x1e, 0x2b, 0xd8, 0x24, 0xa7, 0xfa, 0x33, 
  0x9d, 0xd2, 0x24, 0xd0, 0xe7, 0x24, 0x49, 0x9a, 0x14, 0xae, 0xa0, 0x83, 0x09, 0xc6, 0x87, 0xd5, 
  0x94, 0x05, 0x81, 0x7b, 0x6f, 0x8a, 0x9e, 0xff, 0x6a, 0x2b, 0x3c, 0x3e, 0x87, 0xb3, 0x16, 0x54, 
  0x5a, 0x76, 0xbe, 0x60, 0xcc, 0x39, 0x03, 0x7f, 0xf6, 0xe6, 0xf1, 0x83, 0xdf, 0xfc, 0x1a, 0xbf, 
  0x7b, 0xac, 0xe0, 0xc3, 0x3b, 0x47, 0x55, 0xb4, 0x29, 0x5d, 0x79, 0xa9, 0xf6, 0x8c, 0xd7, 0x72, 
  0x6c, 0xf5, 0x9b, 0x5f, 0x57, 0x7b, 0xe0, 0x38, 0x94, 0xe5, 0x9b, 0x82, 0x9b, 0xf5, 0x22, 0x6a, 
  0xb2, 0xe6, 0xe1, 0xcf, 0xdf, 0xb8, 0xf7, 0x9a, 0x3d, 0x24, 0x70, 0xa7, 0x2b, 0xdb, 0x0d, 0x12, 
  0xe6, 0x3b, 0x4f, 0x9e, 0x03, 0x1d, 0x82, 0x7a, 0x53, 0xe3, 0xc1, 0x51, 0xa1, 0x9e, 0x81, 0x27, 
  0x09, 0xa8, 0xc4, 0xd8, 0x7a, 0xef, 0xc4, 0x28, 0x91, 0x06, 0x2b, 0x3c, 0xc1, 0x55, 0xa4, 0xc8, 
  0x48, 0xbe, 0x7d, 0x19, 0x59, 0x9d, 0x66, 0xc7, 0x84, 0x63, 0xd5, 0xbf, 0xba, 0x86, 0x92, 0xb5, 
  0x35, 0xe0, 0x8c, 0x38, 0xcc, 0x5e, 0x33, 0xac, 0xec, 0x1f, 0xc3, 0xbe, 0xda, 0x62, 0x37, 0x90, 
  0x74, 0xb5, 0xe1, 0x65, 0xc0, 0xd2, 0xcf, 0x9b, 0x94, 0xcf, 0x7d, 0x6b, 0x18, 0x03, 0x53, 0x92, 
  0x83, 0xfc, 0x78, 0x61, 0xdd, 0x7c, 0xc1, 0x00, 0x99, 0x72, 0x72, 0xe2, 0xb6, 0xc2, 0x56, 0xeb, 
  0xd6, 0xa0, 0x5f, 0xe0, 0xcf, 0x9a, 0x91, 0x0d, 0xfb, 0xea, 0xfd, 0xae, 0xa5, 0xd4, 0x04, 0x7f, 
  0x96, 0xa3, 0x35, 0x71, 0x3d, 0xbe, 0xec, 0xcf, 0xa0, 0xe0, 0x56, 0xb2, 0xde, 0x43, 0x3e, 0x5b, 
  0x37, 0x98, 0xe4, 0x26, 0xa1, 0x65, 0x98, 0xe6, 0x58, 0x8c, 0xa6, 0xbd, 0x38, 0xef, 0x67, 0x0a, 
  0x19, 0x2c, 0x9f, 0xaf, 0x9d, 0xbd, 0x93, 0x88, 0x68, 0xb4, 0x9d, 0x4e, 0x18, 0x9e, 0x3d, 0xfd, 
  0xfb, 0x1c, 0xca, 0x3c, 0x5a, 0x5b, 0x99, 0xf5, 0x40, 0x8b, 0x8e, 0x41, 0xe5, 0xd5, 0x0d, 0x17, 
  0x8c, 0xa8, 0xbe, 0x46, 0x10, 0x3a, 0xf3, 0xf8, 0xa9, 0xd5, 0xa1, 0x25, 0x51, 0x40, 0x01, 0xbf, 
  0xdb, 0x08, 0xb8, 0x8e, 0x2d, 0xe3, 0xe5, 0xfe, 0xed, 0x74, 0xb8, 0xb2, 0xee, 0xe4, 0xcc, 0x77, 
  0x79, 0x57, 0x86, 0xad, 0x79, 0x0d, 0x13, 0x31, 0x41, 0xc1, 0xfd, 0xbd, 0x4b, 0xb4, 0x66, 0x14, 
  0xd3, 0xb3, 0x6c, 0x8a, 0xf1, 0xc7, 0xd5, 0xef, 0xe6, 0x6e, 0x18, 0x81, 0x1e, 0x12, 0xa0, 0xa8, 
  0xca, 0xfa, 0xc9, 0xbc, 0xfb, 0xf5, 0xf2, 0xcc, 0x4a, 0xc0, 0x6f, 0x93, 0xb2, 0x23, 0x07, 0x93, 
  0x7a, 0x31, 0xd0, 0x24, 0x78, 0x49, 0x0a, 0x0a, 0x88, 0x9f, 0x25, 0xed, 0x83, 0xa8, 0xa0, 0xaa, 
  0x14, 0x31, 0xa6, 0xa7, 0x16, 0xa6, 0x2f, 0x0d, 0xd5, 0x28, 0x3b, 0xb5, 0xb1, 0xd5, 0xd8, 0x08, 
  0x97, 0xda, 0x21, 0x05, 0x43, 0x6b, 0x29, 0xbe, 0x38, 0xd6, 0x5d, 0x6e, 0x73, 0x3c, 0x56, 0xda, 
  0x1c, 0xb0, 0x29, 0x7c, 0x33, 0x38, 0x3d, 0xdf, 0xa1, 0xd9, 0x30, 0x77, 0x02, 0x35, 0x6f, 0x5f, 
  0x98, 0xc7, 0xd7, 0xa2, 0x58, 0x4e, 0x18, 0xc3, 0xe7, 0x95, 0xd1, 0x4c, 0x06, 0x14, 0xcf, 0xc3, 
  0x4d, 0xf2, 0xac, 0x7c, 0xc6, 0x29, 0x91, 0xb1, 0xd0, 0x58, 0x32, 0xfe, 0x90, 0x85, 0x63, 0xef, 
  0x7c, 0x68, 0x27, 0xdf, 0x3f, 0x58, 0xd1, 0xbf, 0x5c, 0x7a, 0xc5, 0x69, 0x32, 0x54, 0x8a, 0xd3, 
  0xc0, 0x7e, 0x62, 0x02, 0x5d, 0x00, 0x64, 0x3f, 0x11, 0xe3, 0x1e, 0xc4, 0xea, 0xc6, 0xff, 0x22, 
  0xb6, 0x24, 0x09, 0xc3, 0xa3, 0x3f, 0x9f, 0x94, 0x11, 0xeb, 0x80, 0x1e, 0xd2, 0xd4, 0xb0, 0x2b, 
  0x99, 0xeb, 0x3b, 0xf9, 0xf9, 0xe1, 0x33, 0xad, 0x0f, 0x6b, 0x83, 0x37, 0xfa, 0x2e, 0xd5, 0x7e, 
  0x36, 0x6d, 0xc5, 0x82, 0xc0, 0x56, 0x84, 0x80, 0x01, 0x27, 0x6f, 0x66, 0x2c, 0x0c, 0x59, 0x38, 
  0xdb, 0x02, 0xa7, 0x94, 0x63, 0x4c, 0xb4, 0x6f, 0xaf, 0x6d, 0x70, 0x0e, 0x06, 0xac, 0x17, 0xf5, 
  0xea, 0xbd, 0xc6, 0xfe, 0x33, 0xc6, 0x10, 0x93, 0xea, 0x72, 0xd5, 0x20, 0x07, 0x7e, 0x92, 0x6a, 
  0xc9, 0x40, 0x87, 0xae, 0x94, 0x9a, 0x44, 0xe9, 0xba, 0x2a, 0xc2, 0xe9, 0xc1, 0x14, 0x2a, 0xfa, 
  0xcb, 0x7e, 0x4a, 0x3e, 0x93, 0xbc, 0x78, 0x47, 0x28, 0x56, 0x7e, 0xd5, 0xe3, 0xbb, 0xc7, 0xb9, 
  0x1c, 0xbb, 0xb9, 0xd9, 0x8c, 0x6a, 0x30, 0xf2, 0x25, 0xa1, 0xe3, 0x2d, 0x5c, 0x44, 0xaa, 0x1c, 
  0xa7, 0xe9, 0xde, 0x59, 0x96, 0xfc, 0xf3, 0x46, 0x7b, 0xf0, 0x4a, 0xeb, 0x3e, 0x1a, 0x7a, 0x88, 
  0x9e, 0x16, 0xb9, 0xb9, 0x30, 0x72, 0x6e, 0x6e, 0x6a, 0xa0, 0x2b, 0x3a, 0xf9, 0x45, 0x9e, 0x1c, 
  0x95, 0xe1, 0xa2, 0x40, 0xc1, 0xc6, 0xb0, 0x4f, 0xc1, 0xcb, 0x1f, 0x1c, 0xc8, 0x0d, 0x86, 0x6c, 
  0x1b, 0xe1, 0xd0, 0xdd, 0x3b, 0xdc, 0xb8, 0x2d, 0x39, 0x33, 0xbd, 0x6e, 0xe6, 0x7d, 0x48, 0xfe, 
  0xb8, 0x87, 0x4f, 0x95, 0x27, 0x82, 0xde, 0xd3, 0x68, 0x4c, 0x94, 0x30, 0x95, 0x17, 0xc9, 0x6a, 
  0xcf, 0xb1, 0x2f, 0xfa, 0x81, 0xd2, 0x4e, 0xe5, 0x1b, 0x60, 0x91, 0x95, 0x67, 0x0f, 0x72, 0xa1, 
  0x0f, 0x58, 0x76, 0x29, 0x4a, 0x99, 0x45, 0x31, 0xba, 0xba, 0x39, 0x9f, 0x53, 0x8a, 0xc5, 0xd7, 
  0x9c, 0xac, 0x56, 0xcb, 0x2c, 0x2f, 0xea, 0x97, 0xdb, 0xf7, 0x14, 0x16, 0x82, 0xe8, 0x49, 0x1f, 
  0xce, 0x38, 0xb2, 0xd7, 0xcb, 0x18, 0x6e, 0x06, 0x70, 0x8e, 0xea, 0x9c, 0xb4, 0x69, 0x5e, 0x83, 
  0x06, 0x26, 0xb1, 0xd8, 0x87, 0xab, 0x9c, 0xee, 0x9b, 0xcd, 0x6f, 0x70, 0x20, 0x1f, 0xe3, 0xae, 
  0x77, 0x3c, 0x01, 0xfe, 0xa5, 0xda, 0x33, 0xe2, 0xf0, 0x7b, 0xcd, 0xe1, 0x90, 0xb6, 0x47, 0xf6, 
  0x79, 0x52, 0xef, 0x91, 0xc3, 0xa8, 0x6e, 0xfb, 0x6d, 0xd2, 0x18, 0xd5, 0xd0, 0x7b, 0x8a, 0xd1, 
  0x57, 0xfe, 0xdf, 0xa4, 0x5e, 0xfc, 0x21, 0xb9, 0xc7, 0x21, 0x71, 0xfa, 0xf6, 0x65, 0x4e, 0x18, 
  0xac, 0x41, 0x16, 0x84, 0xb5, 0xc1, 0x07, 0xf6, 0x70, 0x1d, 0xc0, 0x00, 0x62, 0xdc, 0xec, 0x0d, 
  0x31, 0x1e, 0xd0, 0x21, 0x86, 0xb3, 0x9c, 0x81, 0x26, 0x0d, 0x7d, 0xba, 0xd7, 0xcd, 0xd0, 0xa5, 
  0x3b, 0x90, 0x2b, 0x5e, 0x8e, 0xe4, 0x69, 0xcf, 0xf7, 0x0d, 0x43, 0xfa, 0x0e, 0x2c, 0xce, 0xb6, 
  0xdc, 0xa6, 0x2d, 0x46, 0xe7, 0x7d, 0x1a, 0x52, 0x02, 0xe6, 0x06, 0xed, 0x55, 0xc6, 0x61, 0x08, 
  0xfa, 0xb5, 0x12, 0x7a, 0xee, 0x31, 0x1e, 0x6e, 0xd2, 0x8d, 0xf1, 0x31, 0x39, 0x06, 0x41, 0x2c, 
  0xc0, 0x2b, 0x6c, 0x69, 0x32, 0x47, 0x50, 0x00, 0xc5, 0x38, 0xda, 0x5f, 0xce, 0x8d, 0xef, 0x9f, 
  0x23, 0x80, 0x18, 0xd3, 0x30, 0xb9, 0x44, 0xdd, 0x8f, 0xfd, 0xbf, 0x49, 0xfe, 0xea, 0x52, 0xdd, 
  0x7c, 0xfd, 0xab, 0xbf, 0xad, 0x7e, 0x89, 0xa0, 0xb3, 0x6d, 0x7e, 0x35, 0x88, 0x3f, 0x4c, 0xd7, 
  0x6d, 0xa2, 0xa7, 0xfa, 0xfa, 0xaf, 0xff, 0xc9, 0x71, 0x2f, 0x33, 0xe3, 0x84, 0xb3, 0x76, 0xac, 
  0x57, 0x06, 0x8f, 0x59, 0xd4, 0x9d, 0x17, 0x6e, 0x31, 0x6d, 0xcc, 0xfa, 0xb0, 0xe1, 0x87, 0xe5, 
  0x75, 0x93, 0xa8, 0x1a, 0x7c, 0x4c, 0x93, 0x30, 0xac, 0x40, 0xff, 0xae, 0xc0, 0x60, 0xe6, 0x38, 
  0x83, 0xa1, 0x8e, 0xa3, 0x25, 0xf6, 0xfa, 0xea, 0x03, 0x26, 0x62, 0x95, 0x05, 0x58, 0x80, 0xca, 
  0x12, 0x7a, 0x56, 0x8c, 0x36, 0xa9, 0x5c, 0xb4, 0x2a, 0x87, 0xb3, 0x33, 0x59, 0x09, 0x7a, 0x4d, 
  0xd7, 0xc5, 0x90, 0x78, 0x74, 0x2a, 0xbc, 0x65, 0xdb, 0xcc, 0xc4, 0x0c, 0x96, 0x97, 0x29, 0x77, 
  0xec, 0x59, 0x48, 0x4b, 0xd7, 0x79, 0x57, 0xdd, 0xf9, 0xbd, 0xbb, 0x58, 0xbd, 0x5c, 0x55, 0xf5, 
  0xbe, 0xa0, 0xf3, 0x3e, 0x88, 0x4a, 0x3c, 0x83, 0x66, 0xe3, 0x72, 0x73, 0x6a, 0x93, 0x63, 0x0f, 
  0xf7, 0xf6, 0x5f, 0x24, 0x75, 0xb8, 0xa8, 0xc6, 0xef, 0xcd, 0xb2, 0x79, 0x0f, 0xd9, 0x30, 0x3d, 
  0xf1, 0xf9, 0x90, 0xb1, 0x8f, 0xca, 0xd8, 0x47, 0x8c, 0xfd, 0x46, 0x19, 0xfb, 0x0d, 0xc6, 0x7e, 
  0xb3, 0x8c, 0xfd, 0x66, 0x93, 0xfc, 0xfd, 0x68, 0x6d, 0x8d, 0xca, 0xbf, 0x9a, 0xc4, 0xf7, 0x2c, 
  0xfb, 0x58, 0x7e, 0x36, 0x87, 0x7e, 0xdf, 0xec, 0xfd, 0x95, 0x7c, 0xa4, 0x0f, 0x1e, 0xcd, 0x77, 
  0xb2, 0x2a, 0xe2, 0xec, 0x03, 0xdb, 0xf5, 0x4d, 0xc4, 0xd8, 0xc7, 0x90, 0xec, 0xcc, 0x2f, 0x09, 
  0xe4, 0x7b, 0xe3, 0xfc, 0xd5, 0xa4, 0x7e, 0xcb, 0xf5, 0xbb, 0xad, 0x24, 0x2d, 0x40, 0x9d, 0x80, 
  0x8a, 0x23, 0x85, 0x12, 0xc4, 0xaa, 0x78, 0x1a, 0x5d, 0x17, 0xf6, 0x32, 0x47, 0xff, 0x8e, 0xf4, 
  0x20, 0x89, 0x72, 0xc4, 0x20, 0x89, 0x1c, 0x2f, 0xdc, 0x00, 0x37, 0x87, 0x12, 0x01, 0xec, 0x39, 
  0xfd, 0x25, 0x09, 0xd1, 0x24, 0xe7, 0x4d, 0x6c, 0xf2, 0xf1, 0xd7, 0x1c, 0x74, 0xd7, 0xb6, 0xf7, 
  0xf5, 0xda, 0xd9, 0x34, 0xfa, 0x7f, 0x93, 0xf0, 0xec, 0x94, 0x95, 0x6b, 0xbf, 0x99, 0x97, 0x8c, 
  0xb5, 0xe7, 0x9f, 0x4d, 0xc2, 0x0b, 0xb9, 0x75, 0x83, 0xc7, 0x6e, 0xe1, 0xde, 0x74, 0x6b, 0x79, 
  0xf4, 0xe6, 0x32, 0x96, 0xf3, 0x3d, 0x06, 0x95, 0xe4, 0x4f, 0x2d, 0xa3, 0x35, 0xf6, 0xc7, 0x97, 
  0xa0, 0x2d, 0xce, 0x99, 0x43, 0xac, 0x7e, 0x3e, 0x2e, 0xcd, 0x6f, 0xba, 0xdc, 0x69, 0x0e, 0xc2, 
  0xa3, 0x7b, 0x87, 0x16, 0xb5, 0x91, 0x41, 0x85, 0x5b, 0xd7, 0x2b, 0xb8, 0x9b, 0x3f, 0x85, 0xc0, 
  0xd1, 0x42, 0x26, 0x0a, 0x87, 0xba, 0x38, 0x07, 0xc8, 0xb6, 0xbb, 0x3f, 0x7d, 0x45, 0x3f, 0xee, 
  0x8e, 0xf7, 0xe9, 0x9d, 0xd6, 0x5a, 0x03, 0x89, 0x88, 0x09, 0x47, 0x5e, 0xfb, 0x22, 0x7f, 0x8e, 
  0xe3, 0x80, 0x7b, 0xfe, 0x19, 0xa2, 0x30, 0x61, 0x36, 0x7f, 0x1d, 0xae, 0xde, 0x2e, 0x56, 0x98, 
  0x35, 0x3d, 0xca, 0xfa, 0x19, 0xa3, 0xab, 0x67, 0x88, 0x0e, 0x28, 0x68, 0x1e, 0x83, 0xc4, 0xa8, 
  0x1b, 0x14, 0xdf, 0x43, 0x3d, 0x61, 0x34, 0x8a, 0x3b, 0x87, 0x02, 0xda, 0x5a, 0xc6, 0x73, 0xb6, 
  0x0c, 0x18, 0x51, 0x7d, 0xc9, 0x88, 0x80, 0x30, 0x51, 0xd6, 0xf2, 0x4d, 0xa4, 0xff, 0x18, 0x9f, 
  0x91, 0x1a, 0x15, 0x09, 0x20, 0xea, 0xe0, 0x5b, 0xd6, 0xc0, 0x1d, 0xb8, 0xe4, 0x50, 0xa7, 0xf9, 
  0xa6, 0x35, 0xc7, 0xec, 0x13, 0xa6, 0xad, 0x96, 0x1d, 0xf9, 0xeb, 0xe2, 0x56, 0x67, 0x57, 0xe9, 
  0x13, 0x7b, 0xe9, 0x95, 0x75, 0xe5, 0xa7, 0x4d, 0xea, 0xdb, 0xdb, 0xb7, 0xd3, 0x77, 0xcd, 0xf1, 
  0x03, 0x26, 0xf3, 0xe3, 0x21, 0x92, 0x6d, 0xde, 0xf4, 0xfd, 0x68, 0x00, 0x4e, 0xa3, 0x12, 0x1a, 
  0x5f, 0x6a, 0xea, 0x32, 0xd1, 0xbf, 0xa8, 0xee, 0x59, 0xd0, 0x92, 0xf3, 0x5c, 0x56, 0x5f, 0xb8, 
  0xd7, 0xa3, 0x9c, 0x87, 0x47, 0xf5, 0xf0, 0x29, 0x6d, 0x26, 0xd0, 0x20, 0x3f, 0xa7, 0x54, 0x08, 
  0x83, 0x03, 0x0d, 0x03, 0x9b, 0x7e, 0x99, 0xfc, 0x3c, 0xe2, 0x80, 0xf9, 0x74, 0x06, 0xef, 0x43, 
  0x18, 0xc8, 0x3d, 0x95, 0x1d, 0x1e, 0x7e, 0x98, 0xdc, 0x4e, 0x4e, 0xe8, 0x6d, 0xf7, 0xe4, 0x90, 
  0x97, 0x6d, 0x8a, 0x19, 0x27, 0xc6, 0xe3, 0x2c, 0x9e, 0xbc, 0x36, 0xec, 0x61, 0xab, 0x19, 0xc5, 
  0xbd, 0xba, 0xb6, 0x73, 0xd0, 0xd9, 0x72, 0xc3, 0xea, 0x56, 0x2a, 0x91, 0xaa, 0x61, 0xd4, 0x26, 
  0x19, 0x53, 0xd3, 0xad, 0x2e, 0x0d, 0xce, 0x90, 0x34, 0xf6, 0xd6, 0xb9, 0x6d, 0xaa, 0xf3, 0xe5, 
  0x6a, 0x87, 0x88, 0x1f, 0x58, 0xce, 0xd7, 0x96, 0x11, 0x25, 0xd9, 0xc1, 0x81, 0xc2, 0x56, 0x56, 
  0xaf, 0xbd, 0xdb, 0xee, 0x18, 0xfa, 0xf7, 0x30, 0x27, 0x3b, 0x0b, 0x7c, 0x69, 0xc7, 0xd6, 0x57, 
  0x76, 0x5c, 0x7d, 0x65, 0x93, 0x75, 0x6e, 0x19, 0xfe, 0xfd, 0xdf, 0xb0, 0x61, 0x8e, 0xf6, 0x7c, 
  0x85, 0x0c, 0xdd, 0xe7, 0x81, 0x59, 0x5e, 0x35, 0xf1, 0x4b, 0x7c, 0x1a, 0xb9, 0x9c, 0x52, 0x3e, 
  0xd2, 0xa4, 0xf2, 0x46, 0x9a, 0xa7, 0x18, 0x91, 0x42, 0x93, 0x86, 0x77, 0x4a, 0x71, 0x01, 0x65, 
  0x4d, 0xfd, 0x4b, 0xb4, 0x09, 0x06, 0xa9, 0x4d, 0xe2, 0xd5, 0x95, 0x48, 0x35, 0xff, 0xc0, 0x29, 
  0x71, 0x6a, 0xa8, 0x08, 0xbf, 0xb6, 0xf4, 0x9c, 0x6f, 0x37, 0xf6, 0x12, 0x74, 0xd0, 0xd1, 0xde, 
  0x8d, 0x94, 0xb3, 0x99, 0xd8, 0x40, 0xd3, 0x6c, 0x43, 0x5d, 0x13, 0x3a, 0x0c, 0x6b, 0x52, 0x01, 
  0xf5, 0xdf, 0x92, 0x4a, 0xb2, 0xe5, 0xc7, 0x78, 0x30, 0x33, 0x6a, 0x1d, 0x49, 0x40, 0x9d, 0x59, 
  0x05, 0x84, 0x35, 0xf1, 0xf8, 0x68, 0x3f, 0x3e, 0xdf, 0x65, 0x56, 0xcb, 0x73, 0x5e, 0x0b, 0x4a, 
  0xb1, 0x3c, 0xb6, 0xa7, 0x65, 0xab, 0x28, 0x49, 0x70, 0xef, 0x95, 0xb1, 0xca, 0x6e, 0xc8, 0x52, 
  0x4c, 0x81, 0x6d, 0xb2, 0x2b, 0xa1, 0x71, 0x86, 0xf2, 0x68, 0xb5, 0x76, 0x7c, 0xda, 0x5d, 0xd9, 
  0x8c, 0x79, 0xb8, 0x7a, 0xfa, 0xe9, 0x17, 0x64, 0x76, 0x8d, 0x86, 0x58, 0x6d, 0xe8, 0x48, 0xd0, 
  0xa9, 0xbb, 0x1f, 0xc7, 0x87, 0x63, 0x03, 0x88, 0xd3, 0xfd, 0x0b, 0x5d, 0x89, 0xaf, 0x09, 0x1c, 
  0x20, 0x09, 0x5f, 0x49, 0x46, 0x54, 0x7b, 0x5c, 0x1c, 0x1c, 0x32, 0xc5, 0xdc, 0x8a, 0x71, 0x6a, 
  0xfd, 0x59, 0x63, 0xc1, 0x28, 0xc1, 0x8c, 0x57, 0xec, 0xc2, 0xc0, 0xf1, 0x3a, 0x6f, 0x4d, 0x16, 
  0x42, 0x0e, 0xfc, 0x2a, 0x21, 0x80, 0xc4, 0x03, 0x82, 0x5f, 0x82, 0x10, 0x3f, 0x1d, 0xf2, 0x59, 
  0x51, 0xc3, 0x95, 0xa2, 0x6e, 0xc1, 0xda, 0xce, 0x9e, 0x00, 0x8f, 0xd8, 0xc8, 0xf1, 0xf2, 0x6c, 
  0x75, 0x8c, 0xf3, 0x6b, 0x6b, 0x80, 0x76, 0xd0, 0xf1, 0x9c, 0xdb, 0x96, 0xe9, 0x2e, 0xb3, 0x57, 
  0xba, 0x7f, 0x44, 0xba, 0xce, 0xc3, 0x28, 0x24, 0xce, 0x45, 0x1e, 0xa2, 0x63, 0xc0, 0x28, 0x8d, 
  0x50, 0x17, 0x6e, 0x5d, 0x18, 0x25, 0x4a, 0xaa, 0x8b, 0xbf, 0x22, 0x2e, 0x72, 0x7a, 0xda, 0xb8, 
  0x25, 0x78, 0x21, 0xd3, 0x6f, 0x5a, 0x01, 0xf1, 0x58, 0x22, 0x4b, 0xc4, 0x1a, 0x1a, 0xfb, 0xca, 
  0xa7, 0xba, 0x00, 0xbd, 0xdc, 0xf4, 0xc0, 0x19, 0x26, 0xca, 0xa2, 0xd0, 0xcc, 0xa5, 0xcf, 0xc4, 
  0x13, 0x12, 0xbb, 0x96, 0x10, 0x6a, 0x91, 0x60, 0x46, 0x2d, 0xea, 0xef, 0x7e, 0x1d, 0xc2, 0xff, 
  0xc1, 0xb2, 0x22, 0xba, 0x00, 0x89, 0x96, 0xf4, 0x7e, 0xdd, 0xc7, 0x45, 0xf9, 0x5e, 0x07, 0x44, 
  0x76, 0x91, 0x90, 0xbf, 0xa7, 0xb1, 0xdf, 0x78, 0xa1, 0x0a, 0x8a, 0xeb, 0xb4, 0x84, 0x44, 0xf2, 
  0x14, 0x42, 0x1b, 0x97, 0x21, 0x20, 0x94, 0x51, 0x00, 0x32, 0x55, 0xa7, 0x4f, 0x41, 0xc6, 0xd9, 
  0xb7, 0xae, 0xb7, 0x03, 0x20, 0x0e, 0x1d, 0x81, 0x28, 0x26, 0x60, 0xd4, 0x5b, 0x81, 0x90, 0x58, 
  0x8c, 0x4e, 0x63, 0xd4, 0xfc, 0x80, 0xa4, 0x09, 0xaf, 0x9f, 0x1e, 0xab, 0xd6, 0x1c, 0x5e, 0xd8, 
  0x2e, 0xcc, 0xa1, 0xcc, 0x6a, 0x8c, 0x37, 0xbe, 0x3d, 0x6e, 0xb9, 0xea, 0xa0, 0xfd, 0x67, 0x72, 
  0x90, 0x1c, 0x3c, 0xe0, 0x80, 0xbb, 0x3a, 0xb2, 0x3b, 0x8c, 0xe5, 0xb6, 0xa7, 0x29, 0x2c, 0x5c, 
  0x89, 0x23, 0xa1, 0x70, 0x81, 0x72, 0x06, 0x1c, 0x90, 0xa6, 0xad, 0xd8, 0xe2, 0x6c, 0x7b, 0x91, 
  0x43, 0x4d, 0xc2, 0x05, 0x31, 0x18, 0xb4, 0x37, 0x98, 0x57, 0x23, 0xce, 0xba, 0x73, 0x5b, 0xa3, 
  0xfe, 0x0f, 0x06, 0x72, 0x6d, 0xd7, 0xe3, 0x71, 0x6a, 0x7f, 0xc9, 0x6f, 0x3b, 0x04, 0x5d, 0x5d, 
  0xab, 0x8f, 0x18, 0xfa, 0x26, 0x02, 0x83, 0x2d, 0x7c, 0xbc, 0x84, 0x0a, 0xb0, 0x31, 0xe7, 0xd9, 
  0x99, 0x44, 0x93, 0x88, 0x4c, 0x1f, 0xdb, 0x05, 0xfc, 0x35, 0x1f, 0xb2, 0xab, 0xd0, 0x72, 0x5a, 
  0xbd, 0xf2, 0x4a, 0x25, 0x0f, 0x9a, 0x6e, 0xf5, 0x69, 0xdc, 0x40, 0xdf, 0x12, 0x33, 0x70, 0xc9, 
  0x5b, 0x17, 0x33, 0x9e, 0xaf, 0xd0, 0xd3, 0x1f, 0x9f, 0x51, 0x47, 0x91, 0x38, 0x07, 0xf6, 0x21, 
  0x2b, 0xd8, 0x90, 0xe8, 0x1d, 0xd4, 0x7c, 0xf3, 0x98, 0x44, 0xb8, 0x4a, 0x43, 0xc8, 0xca, 0x5c, 
  0xcb, 0x8b, 0x0d, 0xef, 0x58, 0xad, 0x64, 0x94, 0x81, 0x47, 0xa8, 0x73, 0x3c, 0x69, 0x45, 0x2b, 
  0x52, 0x80, 0xcd, 0x01, 0xbc, 0x94, 0x86, 0x22, 0x66, 0xd7, 0x68, 0xbe, 0xd5, 0x29, 0xe8, 0x71, 
  0xc8, 0x90, 0x28, 0x26, 0xbf, 0x3e, 0x9f, 0x17, 0xcf, 0xcc, 0x53, 0x74, 0x88, 0xea, 0x61, 0x1e, 
  0x57, 0xf9, 0xeb, 0x14, 0xde, 0x12, 0x59, 0xb4, 0xf8, 0xfc, 0x86, 0x33, 0x38, 0x2e, 0x15, 0x37, 
  0x53, 0x6d, 0xd9, 0x43, 0xf9, 0x54, 0xda, 0xf4, 0xca, 0x7d, 0xd6, 0xe2, 0x93, 0x1b, 0xe8, 0xe3, 
  0x73, 0x28, 0xd4, 0x1c, 0xea, 0x6c, 0x87, 0x16, 0x28, 0xdc, 0x0d, 0x6f, 0x2b, 0x4c, 0xae, 0x44, 
  0x7b, 0x7c, 0xbb, 0x10, 0x34, 0x05, 0xbc, 0x23, 0x41, 0x78, 0xfc, 0x0a, 0x7e, 0x28, 0x95, 0xdd, 
  0xce, 0xb4, 0x2d, 0xe4, 0x93, 0x78, 0x8e, 0x22, 0xa6, 0xdd, 0xd4, 0x32, 0xfa, 0x1e, 0xbe, 0xc0, 
  0xac, 0x0d, 0x1e, 0x3c, 0x1f, 0xf6, 0x54, 0x2f, 0xc8, 0xe0, 0x61, 0x9e, 0xd9, 0x6d, 0xce, 0x75, 
  0x7d, 0xe3, 0x29, 0x58, 0xf4, 0xfc, 0x2f, 0xd4, 0xf2, 0x9d, 0x69, 0xed, 0xe8, 0xd2, 0x6f, 0xd2, 
  0xf1, 0x05, 0xf2, 0xd0, 0x24, 0x98, 0x26, 0x0c, 0x6a, 0x80, 0xc5, 0xce, 0x7d, 0x45, 0xc9, 0x9c, 
  0x6d, 0x70, 0xea, 0x0b, 0xa8, 0x1b, 0x8e, 0x87, 0x3f, 0xcd, 0xbd, 0x6b, 0x8b, 0xa3, 0x1a, 0xcf, 
  0x1d, 0x1a, 0x53, 0x2a, 0x92, 0x00, 0xd6, 0xc4, 0x56, 0x29, 0x8e, 0x3b, 0xce, 0x40, 0x68, 0x19, 
  0x07, 0x2c, 0x57, 0x33, 0x5e, 0x80, 0xc7, 0x74, 0x0a, 0x24, 0x15, 0x23, 0x82, 0x46, 0x77, 0x9c, 
  0x6d, 0x0c, 0xa3, 0xaf, 0x74, 0x14, 0xc8, 0xa1, 0xae, 0xcc, 0xfb, 0x77, 0xb7, 0xb5, 0xd9, 0x02, 
  0x29, 0xd1, 0x81, 0x2b, 0x36, 0x1b, 0x51, 0xe8, 0x8e, 0x5c, 0xc3, 0xcf, 0x74, 0xe8, 0xd7, 0x33, 
  0xcb, 0xf6, 0xbc, 0xdd, 0x40, 0xc8, 0xec, 0x76, 0xf8, 0xae, 0x20, 0xae, 0x25, 0x0d, 0xc6, 0x92, 
  0xe5, 0x4b, 0x4f, 0xbf, 0x68, 0x84, 0x3a, 0xe9, 0x29, 0xc7, 0x73, 0x30, 0xba, 0x68, 0x34, 0xd6, 
  0x7c, 0x09, 0x07, 0xca, 0xc8, 0x8e, 0x17, 0xdd, 0xa8, 0x83, 0xb1, 0xb1, 0x01, 0x8c, 0xb3, 0x9a, 
  0xc9, 0x22, 0x89, 0xc2, 0x25, 0x56, 0x98, 0x21, 0xb9, 0x4f, 0x19, 0x8c, 0x38, 0x0e, 0xb0, 0x18, 
  0xb4, 0x0a, 0xac, 0x4d, 0xa5, 0x02, 0x67, 0x6c, 0xab, 0xe5, 0x97, 0x02, 0x8a, 0xdf, 0x67, 0xf8, 
  0x04, 0xcf, 0x35, 0x65, 0x7c, 0x8a, 0x92, 0x7e, 0xa5, 0x6c, 0xd2, 0x88, 0x93, 0xd0, 0x3f, 0x79, 
  0x21, 0xe0, 0x10, 0xba, 0xe0, 0x1a, 0x3b, 0x6a, 0xb5, 0xc3, 0xc2, 0xdd, 0xad, 0x02, 0x5f, 0x39, 
  0xcd, 0x5c, 0x2c, 0x5c, 0x8e, 0x16, 0x60, 0xaa, 0xaf, 0x30, 0x96, 0xf3, 0x8d, 0xdb, 0x9a, 0xa1, 
  0x59, 0x53, 0xeb, 0xb8, 0xbb, 0xd9, 0x9c, 0xd2, 0xef, 0x20, 0xce, 0xb5, 0xd2, 0xc8, 0x01, 0x95, 
  0x65, 0x9f, 0x0d, 0x51, 0xa1, 0xbc, 0x35, 0xa8, 0x52, 0x5b, 0x1c, 0x73, 0xe0, 0x40, 0x59, 0xa5, 
  0x63, 0xf5, 0x0e, 0x87, 0xcd, 0x6f, 0xee, 0x6c, 0x62, 0x28, 0xaa, 0xe0, 0x5e, 0xa6, 0x8e, 0x86, 
  0x8a, 0xae, 0x98, 0xd4, 0xf1, 0xbd, 0xbd, 0x36, 0x30, 0x80, 0x9f, 0x6e, 0xaa, 0x8f, 0x0a, 0x47, 
  0xb1, 0x7d, 0xfb, 0x85, 0x13, 0x7c, 0xb9, 0x62, 0x6e, 0xaf, 0x99, 0x26, 0xdd, 0xa6, 0x71, 0x57, 
  0x1d, 0x37, 0x9c, 0xb7, 0x3a, 0xc0, 0xf5, 0x6c, 0x42, 0xa5, 0x8b, 0xe3, 0x70, 0x03, 0x40, 0x53, 
  0x8f, 0x5b, 0x85, 0xd3, 0xe3, 0xe5, 0xd4, 0x9a, 0xb4, 0x9e, 0xa6, 0x6c, 0xb4, 0x41, 0x0f, 0x7c, 
  0x38, 0xe1, 0xfc, 0xb3, 0x49, 0x70, 0xb5, 0x4f, 0xf4, 0x80, 0x7f, 0x9f, 0xf4, 0xf5, 0x6a, 0xeb, 
  0x0a, 0xf5, 0x33, 0xe7, 0xfd, 0x60, 0x64, 0x03, 0xcd, 0x73, 0x4c, 0xbb, 0xf5, 0x57, 0x4f, 0xcd, 
  0xf4, 0xdd, 0x95, 0x2b, 0xfc, 0x98, 0x7d, 0xea, 0x2f, 0x7b, 0x13, 0xcc, 0xc3, 0x16, 0x55, 0xb2, 
  0xce, 0x70, 0xbb, 0xc5, 0x87, 0xb9, 0xc3, 0x8c, 0xb6, 0x1a, 0x5a, 0xef, 0xd3, 0xed, 0xeb, 0x45, 
  0xe0, 0x9a, 0xce, 0xe5, 0xdb, 0x43, 0xdf, 0x9d, 0xf3, 0x75, 0xe7, 0x57, 0x70, 0x6f, 0xc7, 0xd4, 
  0x7c, 0x5d, 0xbb, 0x7c, 0x9b, 0xbe, 0x6e, 0xfc, 0x81, 0xa3, 0xf9, 0xc2, 0x85, 0x5a, 0x40, 0xc2, 
  0x79, 0xf6, 0xf9, 0x50, 0xd7, 0x49, 0x6b, 0x8d, 0x3a, 0x59, 0xdb, 0xa3, 0x3b, 0xc2, 0xd1, 0x63, 
  0x0b, 0x6e, 0x37, 0xff, 0xe0, 0xd9, 0x87, 0x65, 0x81, 0x56, 0xea, 0xad, 0x91, 0x7e, 0x9a, 0x40, 
  0x1d, 0xdc, 0xf4, 0xca, 0xf0, 0x6e, 0x35, 0xed, 0xb5, 0x5d, 0x9e, 0x68, 0x87, 0x63, 0x14, 0x98, 
  0x57, 0xe7, 0xf7, 0xd0, 0xf1, 0x44, 0x34, 0xbd, 0x6e, 0x3e, 0xcf, 0xa1, 0x26, 0x69, 0xa4, 0x62, 
  0x94, 0x81, 0x59, 0x74, 0x7f, 0xf3, 0x49, 0x0e, 0x55, 0x00, 0xb5, 0x9a, 0xc0, 0xae, 0x46, 0xd5, 
  0xb4, 0x63, 0xb3, 0xac, 0x61, 0xc9, 0xac, 0x2a, 0x6c, 0xa3, 0xc7, 0x24, 0x34, 0x49, 0x64, 0xe5, 
  0x6d, 0x4b, 0x66, 0x71, 0x5a, 0x20, 0x93, 0xab, 0xb9, 0x1d, 0x68, 0xd0, 0xcc, 0x25, 0x62, 0x0d, 
  0x84, 0x2e, 0xd6, 0xf8, 0x5d, 0x96, 0xcc, 0x61, 0x12, 0x8d, 0x3d, 0x73, 0xe2, 0x86, 0x65, 0xf5, 
  0xb2, 0x97, 0x17, 0xef, 0x4a, 0xfa, 0x6b, 0x53, 0x7c, 0x76, 0xf5, 0x85, 0x1b, 0xa4, 0x77, 0xf7, 
  0xba, 0x5d, 0x7e, 0x97, 0x47, 0xf9, 0x42, 0x8f, 0x44, 0x4f, 0x1e, 0xde, 0xdb, 0xb4, 0xa7, 0x70, 
  0x71, 0x2c, 0x1b, 0x80, 0x7b, 0x15, 0xb4, 0x54, 0x46, 0xc6, 0x63, 0x82, 0x9d, 0x80, 0x9c, 0x82, 
  0xe2, 0x7b, 0xb9, 0x21, 0x73, 0x1c, 0x0b, 0x03, 0x7e, 0xdb, 0x3f, 0xef, 0x41, 0x29, 0xd3, 0xa0, 
  0xbe, 0xc0, 0x8c, 0x92, 0xd0, 0xe8, 0xad, 0xe0, 0x7b, 0x98, 0x85, 0x51, 0x9d, 0x28, 0xea, 0x19, 
  0xfe, 0x2b, 0x77, 0x0b, 0x42, 0x47, 0x30, 0x01, 0xe2, 0xac, 0xde, 0x6f, 0x4b, 0x40, 0xe8, 0xac, 
  0x5e, 0x9f, 0x66, 0x6c, 0xd6, 0x6f, 0x53, 0xd0, 0x28, 0xae, 0x29, 0x12, 0x20, 0x8d, 0x57, 0xa2, 
  0xbf, 0xc5, 0x83, 0x88, 0x71, 0xe1, 0x64, 0xae, 0x0c, 0xec, 0xb9, 0x8d, 0xdb, 0x79, 0x45, 0xde, 
  0x6a, 0xba, 0x1d, 0x58, 0x02, 0x06, 0xf8, 0x4b, 0x3b, 0x4d, 0x8a, 0x0b, 0x12, 0xa5, 0x67, 0x92, 
  0x43, 0x20, 0x12, 0x99, 0x87, 0x32, 0x4e, 0x98, 0x56, 0xdc, 0xab, 0xa4, 0x97, 0x33, 0x29, 0x4d, 
  0x3a, 0x24, 0xde, 0xd8, 0xd6, 0xab, 0x64, 0x0a, 0xd6, 0xf5, 0x1c, 0x64, 0x2d, 0xf6, 0x6d, 0x9b, 
  0xe2, 0x54, 0xab, 0x3b, 0x13, 0x76, 0x5f, 0xc0, 0x22, 0xed, 0x34, 0xc1, 0xa3, 0x66, 0xbd, 0x1e, 
  0x5b, 0xf6, 0x5c, 0x86, 0xf9, 0xcf, 0x22, 0x85, 0x7d, 0xd0, 0xd9, 0xd0, 0xc2, 0x67, 0x9b, 0x2e, 
  0x2d, 0xdc, 0xd5, 0xaf, 0x93, 0x2b, 0x57, 0x58, 0xe8, 0x3c, 0xcd, 0xd7, 0xe0, 0x8c, 0x5e, 0xf6, 
  0x06, 0x3f, 0xc7, 0x46, 0x91, 0x7d, 0x85, 0x9c, 0x57, 0xc9, 0x5f, 0xc9, 0xaf, 0x6f, 0x0e, 0x1f, 
  0x51, 0x9e, 0xb0, 0x7f, 0x09, 0x5b, 0x6d, 0x87, 0x4f, 0x4b, 0x0f, 0x6e, 0xad, 0x40, 0x04, 0xca, 
  0xa6, 0xa4, 0x73, 0x8f, 0x63, 0x0d, 0x69, 0x85, 0x0f, 0x76, 0x30, 0x75, 0x0c, 0xab, 0x53, 0xe9, 
  0x0c, 0xdf, 0x7d, 0x5b, 0xd3, 0x1a, 0x9f, 0xe8, 0x5d, 0x3a, 0xf1, 0x10, 0x95, 0x2a, 0x53, 0x8b, 
  0x0f, 0x8e, 0x49, 0x3a, 0xf6, 0x30, 0x9b, 0x9a, 0x76, 0xf8, 0xc8, 0x7b, 0x21, 0xdd, 0xe0, 0xc3, 
  0x5b, 0x9c, 0xb6, 0x08, 0x46, 0xb7, 0xd3, 0x1c, 0xdf, 0x36, 0xb4, 0x69, 0x83, 0xc0, 0x70, 0x6f, 
  0xa5, 0x8b, 0x71, 0x4c, 0x97, 0x16, 0x88, 0xd2, 0x58, 0xa6, 0x53, 0x7c, 0x71, 0xe8, 0xd3, 0x6b, 
  0x84, 0x7d, 0x04, 0xd3, 0x15, 0x82, 0x1c, 0xa8, 0xc3, 0x47, 0xff, 0x01, 0x6a, 0x21, 0x0f, 0x03, 
  0xf9, 0xba, 0x00, 0x00, 0x00 };
static const char CONTENT_EN_BF7SBGQ1_JS_GZ_ETAG[] PROGMEM = "ad1cb4b051decef8729c2e9881b0cc5650e73ca2d96df33c9d0fdafa4525d8d9";
